file_size,num_sections,machine_type,timestamp,subsystem,file_characteristics,file_entropy,section_entropy_mean,section_entropy_max,section_entropy_min,section_entropy_std,high_entropy_sections_count,num_imports,dll_count,imports_by_ordinal_count,suspicious_api_count,num_exports,num_delay_imports,address_of_entry_point,size_of_code,size_of_image,size_of_headers,checksum_stored,code_to_image_ratio,section_raw_size_mean,section_virtual_size_mean,aslr_enabled,dep_enabled,has_signature,checksum_mismatch,has_wx_section,has_debug_directory,has_resource_directory,has_tls_directory,has_relocations,resource_size,has_pdb,has_tls_callbacks,overlay_size,timestamp_age_years,code_section_ratio,mean_vr_raw_ratio,non_standard_section_count,has_packer_signature,Label
400848,6,34404,1343337794,3,34,6.2058,4.562,6.4246,2.8337,1.1845,0,235,10,3,6,0,0,157032,260096,413696,1024,455158,0.6287,64000.0,66002.1667,1,1,0,0,0,1,1,0,1,1488,0,0,15824,13.84,0.6285,1.1939,0,0,0
54264,11,34404,12671008,2,39,5.7757,2.4066,5.7855,0.0,2.1429,0,139,12,0,2,0,0,5328,12288,65536,1024,102817,0.1875,3118.5455,3049.0909,0,0,0,0,0,0,1,1,0,5000,0,1,18936,56.0,0.1815,0.6385,3,0,0
38400,11,34404,2687016992,3,558,5.8244,2.8299,5.9596,0.0,2.1992,0,91,4,0,1,10,0,5376,19456,69632,1024,78970,0.2794,3397.8182,3380.5455,0,0,0,0,0,0,0,1,1,0,0,1,0,0.0,0.2747,0.6399,2,0,0
65536,5,332,90950,3,783,6.3959,3.1572,6.2779,0.0,2.6699,0,67,2,0,1,0,0,4096,48640,94208,1024,92283,0.5163,12902.4,15171.2,0,0,0,0,0,0,0,0,0,0,0,0,0,56.4,0.5149,0.6975,1,0,0
74936,8,332,2025535247,2,33166,6.5079,3.666,6.551,0.0,2.3881,0,82,3,0,3,6,0,4096,45056,90112,1024,113539,0.5,8384.0,10752.0,0,0,0,0,0,0,1,1,1,5120,0,1,6328,0.0,0.5,3.875,0,0,0
333680,5,34404,1484853358,2,1059,6.4891,5.2955,6.9576,3.2315,1.3484,0,111,3,0,2,5,0,29468,173056,352256,1024,398673,0.4913,65126.4,66606.2,0,1,0,0,0,1,1,0,0,71816,0,0,7024,9.35,0.4901,1.2237,0,0,0
39936,9,34404,55788,3,559,5.6328,2.606,6.0238,0.0,2.1541,0,134,5,0,1,0,0,5376,23552,69632,1024,98804,0.3382,4323.5556,4406.6667,0,0,0,0,0,0,0,1,0,0,0,1,0,56.4,0.3373,0.6745,2,0,0
35272,6,34404,1343268642,3,34,6.5447,2.9308,6.1194,0.2623,2.0724,0,76,7,0,0,0,0,12080,10240,36864,1024,93363,0.2778,3157.3333,3166.6667,1,1,0,0,0,1,1,0,1,3848,1,0,15304,13.84,0.2705,1.2043,0,0,0
537432,4,332,1275478496,2,258,5.7266,4.6291,6.4604,2.3298,1.529,0,135,6,1,2,0,0,32238,72704,548864,1024,571489,0.1325,132608.0,134485.5,1,1,0,0,0,1,1,0,1,446380,0,0,5976,15.99,0.1316,1.5014,0,0,0
125904,6,332,1343342327,2,291,6.531,4.1333,6.2221,0.0,1.9963,0,238,10,16,2,0,0,46557,90112,131072,1024,190863,0.6875,18176.0,18123.3333,0,1,0,0,0,1,1,1,0,1496,0,1,15824,13.84,0.6823,0.936,1,0,0
83456,5,332,1436499235,2,258,6.036,4.8464,6.5044,2.176,1.5062,0,128,8,0,1,0,0,71472,70144,94208,1024,105383,0.7446,16486.4,16602.8,1,1,0,0,0,1,1,0,1,3488,0,0,0,10.88,0.7413,1.6626,0,0,0
140800,5,332,1438937247,2,258,5.8779,5.158,6.6835,3.6485,1.1849,0,70,3,0,2,0,0,8710,53248,163840,1024,0,0.325,27955.2,29349.4,1,1,0,0,0,1,1,0,1,50288,0,0,0,10.81,0.3231,1.3014,0,0,0
80896,6,34404,1343265099,3,34,6.0494,3.9334,6.4177,1.7925,1.4829,0,102,9,4,3,0,0,27920,64512,102400,1024,138143,0.63,13312.0,14630.0,1,1,0,0,0,1,1,0,1,1784,0,0,0,13.84,0.6256,1.19,0,0,0
149736,11,34404,32884768,2,39,5.2383,2.6158,6.0139,0.0,2.2091,0,261,15,0,2,0,0,5328,50176,163840,1024,191749,0.3063,11264.0,11479.6364,0,0,0,0,0,0,1,1,0,5000,0,1,24808,55.36,0.304,0.6817,3,0,0
26112,9,34404,16900,3,559,5.2732,2.3969,5.9364,0.0,2.0238,0,91,3,0,1,0,0,5376,13312,57344,1024,84442,0.2321,2787.5556,2805.3333,0,0,0,0,0,0,0,1,0,0,0,1,0,56.4,0.2266,0.6223,2,0,0
53704,5,332,1343345674,2,290,6.3653,4.5772,5.5706,2.8327,0.9975,0,311,6,225,2,0,0,17951,19456,53248,1024,55310,0.3654,7372.8,7359.6,1,1,0,0,0,1,1,0,1,5988,0,0,15816,13.84,0.3632,1.1017,0,0,0
2109728,7,34404,1499373826,3,34,6.4088,4.9,6.3927,1.9424,1.4076,0,253,6,0,2,4,0,1280808,1416704,2306048,1024,2134718,0.6143,300251.4286,326315.4286,1,1,0,0,0,1,1,0,1,920,0,0,6944,8.89,0.6141,1.4059,1,0,0
53888,11,34404,19453984,2,39,6.1579,2.6117,6.1033,0.0,2.1741,0,121,10,0,2,0,0,5328,15872,69632,1024,117478,0.2279,3165.0909,3165.8182,0,0,0,0,0,0,1,1,0,5016,0,1,18048,55.79,0.2258,0.6211,3,0,0
209920,5,332,222386,3,783,6.5424,3.372,6.4202,0.0,2.8106,0,118,3,0,1,0,0,4096,178688,225280,1024,224372,0.7932,41779.2,42355.2,0,0,0,0,0,0,0,0,0,0,0,0,0,56.4,0.7925,0.7411,1,0,0
43568,11,34404,0,2,39,6.0735,2.4623,5.8772,0.0,2.1357,0,81,7,0,2,0,0,5328,9728,61440,1024,89625,0.1583,2420.3636,2370.9091,0,0,0,0,0,0,1,1,0,5016,0,1,15920,56.4,0.1514,0.5845,3,0,0
106328,4,332,1267348466,2,258,6.4619,5.5351,6.6694,4.1888,1.0368,0,162,6,5,3,0,225,61686,75776,114688,1024,118056,0.6607,24832.0,25027.25,1,0,0,0,0,1,1,0,1,12804,0,0,5976,16.25,0.6565,1.0988,0,0,0
39424,6,332,1436498720,2,258,6.1334,3.6962,6.3311,0.296,2.477,0,100,13,1,1,0,6,29472,29184,57344,1024,74183,0.5089,6400.0,6171.3333,1,1,0,0,0,1,1,0,1,2328,0,0,0,10.89,0.5012,0.9327,1,0,0
80896,7,34404,1436498063,3,34,4.9845,3.289,6.228,0.2866,2.0855,0,100,25,0,1,0,4,29728,28160,98304,1024,125948,0.2865,11410.2857,11418.0,1,1,0,0,0,1,1,0,1,1824,0,0,0,10.89,0.285,1.2859,1,0,0
387152,4,332,1334122691,2,258,6.3217,4.8702,6.4091,4.1344,0.9191,0,407,12,12,4,1,2,213080,316416,409600,1024,390912,0.7725,94848.0,98709.5,1,1,0,0,0,1,1,0,1,16720,0,0,6736,14.13,0.7718,1.3509,0,0,0
1471512,5,34404,1470902032,2,35,5.5456,4.7072,6.2874,3.1412,1.2403,0,442,18,17,4,0,4,555616,718336,1486848,1024,1481791,0.4831,288768.0,294471.2,0,0,0,0,0,1,1,0,0,417976,0,0,26648,9.79,0.4828,1.2305,0,0,0
59392,6,34404,1436498697,2,34,5.817,4.0518,6.135,2.1318,1.2669,0,138,13,7,1,0,0,33216,33280,90112,1024,93738,0.3693,9728.0,11575.3333,1,1,0,0,0,1,1,0,1,5208,0,0,0,10.89,0.368,4.8694,0,0,0
214528,9,34404,225908,3,559,5.8403,2.9707,5.634,0.0,2.2179,0,266,3,0,1,0,0,5376,162304,241664,1024,220485,0.6716,23722.6667,24018.2222,0,0,0,0,0,0,0,1,0,0,0,1,0,56.4,0.6706,0.7501,2,0,0
29136,3,332,1343345138,3,258,6.7487,3.4326,5.6585,0.0815,2.4118,0,1,1,0,0,0,0,17758,9728,40960,512,33684,0.2375,4266.6667,4010.6667,1,1,0,0,0,1,1,0,1,2448,0,0,15824,13.84,0.2337,0.6546,0,0,0
1588224,6,34404,1477377468,2,34,6.6246,5.4076,6.8118,2.4113,1.4267,0,478,15,22,2,1,0,973760,985600,1609728,1024,1634015,0.6123,264533.3333,265066.1667,1,1,0,0,0,1,1,0,1,392368,0,0,0,9.59,0.6122,1.0098,0,0,0
59904,9,34404,80020,3,559,6.0006,2.8192,6.2417,0.0,2.2905,0,103,3,0,2,0,0,5376,41984,90112,1024,87296,0.4659,6542.2222,6932.0,0,0,0,0,0,0,0,1,0,0,0,1,0,56.4,0.4618,0.7041,2,0,0
100336,6,34404,1343339607,2,34,6.205,4.1052,6.231,2.0647,1.4422,0,104,4,0,2,0,0,14616,50176,106496,1024,111935,0.4712,13909.3333,15248.1667,1,1,0,0,0,1,1,0,1,1540,0,0,15856,13.84,0.47,1.2416,0,0,0
41368,11,34404,131072,3,39,6.0266,2.3888,5.8299,0.0,2.0847,0,65,8,0,2,0,0,5376,8704,61440,1024,86406,0.1417,2280.7273,2202.1818,0,0,0,0,0,0,1,1,0,5008,0,1,15256,56.4,0.1363,0.569,3,0,0
166048,3,332,1398849675,3,258,5.8896,3.4802,5.8088,0.1019,2.4452,0,1,1,0,0,0,0,164270,156160,188416,512,230351,0.8288,52906.6667,52682.6667,1,1,0,0,0,1,1,0,1,1952,0,0,6816,12.08,0.8284,0.6587,0,0,0
384280,8,34404,1448426406,2,34,6.0587,3.6651,6.3366,0.0,2.1003,0,202,27,0,1,0,41,82336,241152,397312,1024,416438,0.607,46400.0,46706.75,1,1,0,0,0,1,1,0,1,46080,0,0,12056,10.51,0.6066,1.2525,2,0,0
117760,11,34404,0,3,558,6.0977,3.0864,5.9289,0.0,2.3458,0,168,6,0,2,97,0,5376,78848,147456,1024,130217,0.5347,10612.3636,10572.4545,0,0,0,0,0,0,0,1,1,0,0,1,0,56.4,0.5316,0.6802,2,0,0
63448,11,34404,7443904,2,39,6.0553,2.5955,6.0137,0.0,2.151,0,168,13,0,2,0,0,5328,19968,77824,1024,114037,0.2566,3816.7273,3771.2727,0,0,0,0,0,0,1,1,0,4984,0,1,20440,56.17,0.2536,0.6272,3,0,0
78848,5,332,1436498882,3,258,6.188,4.3825,6.5344,0.1833,2.2989,0,121,11,3,0,0,0,69760,68096,90112,1024,98519,0.7557,15564.8,15426.8,1,1,0,0,0,1,1,0,1,2104,1,0,0,10.89,0.7503,1.1945,0,0,0
47744,11,34404,0,2,39,6.0212,2.458,5.818,0.0,2.1239,0,110,10,0,2,0,0,5328,11264,65536,1024,52165,0.1719,2653.0909,2610.1818,0,0,0,0,0,0,1,1,0,5008,0,1,17536,56.4,0.1656,0.5901,3,0,0
58552,7,332,3150785359,2,33166,6.5185,3.4075,6.5535,0.0,2.4385,0,45,2,0,2,5,0,4096,36864,73728,1024,123730,0.5,7241.1429,9947.4286,0,0,0,0,0,0,0,1,1,0,0,1,6328,0.0,0.5,4.3755,0,0,0
235464,5,332,1343345233,3,290,6.2903,5.0983,6.5341,3.4617,1.1692,0,190,6,0,2,0,0,131899,139264,397312,1024,291996,0.3505,43724.8,77231.2,1,1,0,0,0,1,1,0,1,33604,0,0,15816,13.84,0.3501,2.479,0,0,0
205824,9,34404,218268,3,559,5.7221,2.9211,5.5597,0.0,2.2315,0,300,3,0,1,0,0,5376,161280,233472,1024,228605,0.6908,22755.5556,23019.5556,0,0,0,0,0,0,0,1,0,0,0,1,0,56.4,0.6893,0.7379,2,0,0
1132320,7,34404,1499374231,3,34,6.3643,4.8437,6.3745,1.7842,1.4346,0,238,5,0,2,4,0,687872,772608,1167360,1024,1168362,0.6618,160621.7143,163408.8571,1,1,0,0,0,1,1,0,1,920,0,0,6944,8.89,0.6616,0.9621,1,0,0
49328,11,34404,0,2,39,6.0305,2.4847,5.9089,0.0,2.1308,0,121,10,0,2,0,0,5328,11776,65536,1024,75976,0.1797,2746.1818,2720.3636,0,0,0,0,0,0,1,1,0,5008,0,1,18096,56.4,0.1766,0.5951,3,0,0
394200,5,332,1505963983,2,258,6.6115,5.0961,6.6474,3.1463,1.3355,0,80,3,0,2,0,0,171705,272384,389120,1024,433145,0.7,73728.0,75447.6,1,1,0,0,0,1,1,0,1,12656,0,0,24536,8.68,0.6997,1.1553,0,0,0
182736,5,332,1484781070,2,258,6.3756,5.223,6.5859,3.8664,1.0134,0,176,9,0,2,0,0,59011,115712,200704,1024,205799,0.5765,35123.2,36758.0,1,1,0,0,0,1,1,0,1,5444,0,0,6096,9.36,0.5744,1.2615,0,0,0
21504,9,34404,901637,3,559,5.1766,2.5291,5.8548,0.0,2.14,0,74,5,0,1,0,0,5408,10240,49152,1024,49027,0.2083,2275.5556,2314.6667,0,0,0,0,0,0,0,1,0,0,0,1,0,56.38,0.2039,0.6388,2,0,0
132096,8,332,1468434873,3,783,5.2456,2.4728,5.8225,0.0,2.3194,0,51,3,0,2,0,0,5344,6656,159744,1024,155648,0.0417,16384.0,16167.5,0,0,0,0,0,0,1,1,0,119704,0,1,0,9.87,0.0394,0.513,1,0,0
67768,11,34404,65536,2,39,5.9648,2.606,5.8608,0.0,2.1331,0,199,10,0,2,0,0,5328,20992,86016,1024,107330,0.244,4096.0,4079.6364,0,0,0,0,0,0,1,1,0,4984,0,1,21688,56.4,0.2406,0.6569,3,0,0
52528,11,34404,0,2,39,6.1417,2.5468,6.0808,0.0,2.1652,0,102,6,0,2,0,0,5328,16384,73728,1024,77861,0.2222,3165.0909,3128.3636,0,0,0,0,0,0,1,1,0,5040,0,1,16688,56.4,0.2189,0.6002,3,0,0
46608,11,34404,0,2,39,6.041,2.4556,5.8524,0.0,2.1324,0,106,7,0,2,0,0,5328,10752,65536,1024,99583,0.1641,2606.5455,2574.9091,0,0,0,0,0,0,1,1,0,5016,0,1,16912,56.4,0.1588,0.5855,3,0,0
57344,5,332,1456227446,2,258,6.1343,4.8539,6.566,2.7329,1.3872,0,80,12,0,1,0,0,39888,46080,69632,1024,59928,0.6618,11264.0,11242.4,1,1,0,0,0,1,1,0,1,2072,0,0,0,10.26,0.6576,1.3534,0,0,0
279552,9,34404,292924,3,559,5.7763,2.9824,5.5769,0.0,2.201,0,100,3,0,1,0,0,5376,232448,303104,1024,294804,0.7669,30947.5556,30971.1111,0,0,0,0,0,0,0,1,0,0,0,1,0,56.4,0.7655,0.7718,2,0,0
30720,5,332,45778,3,783,5.441,2.95,5.8858,0.0,2.4666,0,51,3,0,1,0,0,4096,13824,49152,1024,40325,0.2812,5939.2,5716.8,0,0,0,0,0,0,0,0,0,0,0,0,0,56.4,0.2778,0.7231,1,0,0
41984,9,34404,56924,3,559,5.5424,2.579,5.9781,0.0,2.0785,0,192,7,0,1,0,0,5376,21504,73728,1024,58778,0.2917,4551.1111,4628.0,0,0,0,0,0,0,0,1,0,0,0,1,0,56.4,0.2908,0.6766,2,0,0
19456,9,34404,38478,3,559,4.8488,2.202,5.832,0.0,1.9317,0,65,3,0,1,0,0,5376,9216,49152,1024,21909,0.1875,2048.0,2020.4444,0,0,0,0,0,0,0,1,0,0,0,1,0,56.4,0.18,0.5801,2,0,0
23040,10,34404,19,3,559,4.9891,2.3905,5.788,0.0,1.9429,0,77,4,0,1,0,0,5376,10240,53248,1024,38591,0.1923,2201.6,2196.4,0,0,0,0,0,0,1,1,0,1504,0,1,0,56.4,0.1842,0.6351,2,0,0
30704,3,332,1343348449,3,258,6.6512,3.1196,5.6738,0.0612,2.3189,0,1,1,0,0,0,0,19454,11776,40960,512,94909,0.2875,4778.6667,4317.3333,1,1,0,0,0,1,1,0,1,1672,0,0,15856,13.84,0.2751,0.5989,0,0,0
36864,6,34404,1436498301,2,34,5.591,3.0889,6.1223,0.4222,2.0484,0,130,7,0,0,0,0,23072,21504,61440,1024,46958,0.35,5973.3333,6448.6667,1,1,0,0,0,1,1,0,1,4512,0,0,0,10.89,0.3487,2.0839,0,0,0
57272,11,34404,20367392,2,39,6.0686,2.5693,6.034,0.0,2.1533,0,138,11,0,2,0,0,5328,16896,77824,1024,114293,0.2171,3397.8182,3389.0909,0,0,0,0,0,0,1,1,0,5008,0,1,18872,55.76,0.2168,0.6347,3,0,0
151480,3,332,1343348894,3,258,5.946,3.4981,5.7828,0.1019,2.4488,0,1,1,0,0,0,0,116622,108544,163840,512,194451,0.6625,45056.0,44712.0,1,1,0,0,0,1,1,0,1,25688,0,0,15800,13.84,0.6618,0.6687,0,0,0
1187152,8,332,1459953545,2,33167,6.4071,3.3894,6.4745,0.0,2.641,0,523,24,0,4,0,0,1054060,1047040,1232896,1024,1211412,0.8493,147328.0,150227.5,1,1,0,0,0,0,1,1,0,103424,0,1,7504,10.14,0.8488,0.8275,1,0,0
102160,3,332,1337352424,2,258,5.3599,3.5515,5.7648,0.0131,2.5281,0,1,1,0,0,0,0,51854,45056,114688,4096,114473,0.3929,31402.6667,29104.0,1,1,0,0,0,0,1,0,1,43632,0,0,3856,14.03,0.3808,0.6468,0,0,0
38400,5,332,1436498943,2,258,5.68,4.4722,6.5447,1.102,1.8957,0,96,19,0,1,0,0,27264,26624,53248,1024,95945,0.5,7475.2,7720.0,1,1,0,0,0,1,1,0,1,1792,0,0,0,10.89,0.4948,1.1212,0,0,0
57344,3,332,931872163,3,271,5.8484,4.6569,6.5157,3.108,1.4083,0,64,2,0,2,0,0,15132,40960,471040,4096,0,0.087,17749.3333,153954.3333,0,0,0,0,0,0,0,0,0,0,0,0,0,26.88,0.0824,17.6501,0,0,0
69120,5,332,1484797837,3,258,6.3626,5.0814,6.4132,3.6441,0.8936,0,222,4,12,1,3,0,42710,39936,86016,1024,109133,0.4643,13619.2,14468.4,1,1,0,0,0,1,1,0,1,3916,0,0,0,9.35,0.4637,1.6711,0,0,0
57352,11,34404,32008224,2,39,6.1554,2.6542,6.0618,0.0,2.2043,0,129,11,0,2,0,0,5328,18432,98304,1024,96504,0.1875,3444.3636,5793.4545,0,0,0,0,0,0,1,1,0,5016,0,1,18440,55.39,0.1861,0.6289,3,0,0
118784,4,332,1009847898,3,259,6.0041,4.5156,6.4461,1.8129,1.7618,0,83,1,0,3,0,0,6824,61440,122880,4096,0,0.5,28672.0,27629.25,0,0,0,0,0,0,1,0,0,31872,0,0,0,24.4,0.4758,1.0132,0,0,0
84344,11,34404,13109280,2,39,6.1104,2.7325,6.0564,0.0,2.2365,0,216,12,0,2,0,0,5328,32768,94208,1024,143662,0.3478,5538.9091,5495.6364,0,0,0,0,0,0,1,1,0,5008,0,1,22392,55.99,0.3455,0.6644,3,0,0
97792,6,34404,1465050937,3,34,6.0475,4.2395,6.3853,1.9048,1.5902,0,79,2,0,2,0,0,10328,52736,122880,1024,124836,0.4292,16128.0,17389.0,1,1,0,0,0,1,1,0,1,20644,0,0,0,9.98,0.4257,1.2348,0,0,0
126328,6,34404,1464842750,3,34,6.4278,3.8278,6.1584,1.1514,1.9588,0,107,6,4,1,588,0,71632,69632,131072,1024,128611,0.5312,19626.6667,19633.6667,1,1,0,0,0,1,1,0,1,2280,0,0,7544,9.99,0.5294,1.27,0,0,0
59904,9,34404,80020,3,559,5.998,2.8187,6.2381,0.0,2.2898,0,103,3,0,2,0,0,5376,41984,90112,1024,119921,0.4659,6542.2222,6928.4444,0,0,0,0,0,0,0,1,0,0,0,1,0,56.4,0.4615,0.704,2,0,0
41984,11,34404,0,2,39,6.0734,2.4342,5.8731,0.0,2.1106,0,76,4,0,2,0,0,5328,9728,61440,1024,81246,0.1583,2327.2727,2273.4545,0,0,0,0,0,0,1,1,0,5000,0,1,15360,56.4,0.1517,0.5819,3,0,0
45528,11,34404,0,2,39,6.0956,2.4486,6.047,0.0,2.147,0,93,7,0,2,0,0,5328,11264,61440,1024,92629,0.1833,2560.0,2547.2727,0,0,0,0,0,0,1,1,0,5000,0,1,16344,56.4,0.1824,0.5853,3,0,0
36864,5,332,1436499007,2,258,6.1095,4.5435,6.2702,0.8614,1.9533,0,117,15,14,1,0,0,26912,26112,49152,1024,94215,0.5312,7168.0,7128.4,1,1,0,0,0,1,1,0,1,3840,0,0,0,10.89,0.5228,1.2523,0,0,0
193072,11,34404,38692896,2,39,6.1415,3.0217,6.0647,0.0,2.308,0,391,14,0,2,0,0,5328,99328,200704,1024,212310,0.4949,14708.3636,15560.7273,0,0,0,0,0,0,1,1,0,5000,0,1,30256,55.18,0.4935,0.7303,3,0,0
186368,5,332,791462,3,783,6.464,3.2419,6.3493,0.0,2.7037,0,77,2,0,1,0,0,4096,140800,794624,1024,189305,0.1772,37068.8,155044.0,0,0,0,0,0,0,0,0,0,0,0,0,0,56.38,0.1767,0.7278,1,0,0
65744,11,34404,892207104,2,39,6.095,2.7862,6.1144,0.0,2.2097,0,190,11,0,2,0,0,5328,19968,81920,1024,93933,0.2437,3956.3636,4028.0,0,0,0,0,0,0,1,1,0,5024,0,1,21200,28.13,0.2433,0.69,3,0,0
50264,3,332,1328929655,3,258,6.271,3.2011,5.6485,0.0815,2.3219,0,1,1,0,0,0,0,39006,31232,57344,512,101023,0.5446,11434.6667,10997.3333,1,1,0,0,0,1,1,0,1,2160,0,0,15448,14.29,0.5375,0.618,0,0,0
68064,5,332,1343345674,2,290,6.2283,4.6875,5.9373,3.6362,0.9096,0,307,5,200,3,0,0,18101,25088,69632,1024,133070,0.3603,10240.0,10198.8,1,1,0,0,0,1,1,0,1,14908,0,0,15840,13.84,0.3551,1.3941,0,0,0
132096,5,34404,1467659488,3,35,5.7503,4.6877,5.5626,2.7571,0.9972,0,180,5,0,1,1,0,95228,94720,151552,1024,147081,0.625,26214.4,26394.2,0,0,0,0,0,0,1,0,0,688,0,0,0,9.9,0.6231,1.0633,0,0,0
54448,11,34404,20588560,2,39,6.0408,2.5672,5.9217,0.0,2.1941,0,121,8,0,2,0,0,5328,14848,73728,1024,96799,0.2014,3258.1818,3201.4545,0,0,0,0,0,0,1,1,0,4984,0,1,17584,55.75,0.1965,0.618,3,0,0
659648,5,332,1439586039,2,258,6.5585,5.7819,7.715,4.8057,1.0768,1,618,16,9,3,0,0,274693,318976,663552,1024,724994,0.4807,130150.4,130152.8,1,1,0,0,0,1,1,0,1,106208,0,0,7872,10.79,0.48,1.0176,0,0,0
82944,5,332,1436499018,2,258,7.1316,4.2764,7.2754,0.1833,2.3327,1,28,8,0,0,0,0,5824,3584,98304,1024,92822,0.0365,16384.0,16262.8,1,1,0,0,0,1,1,0,1,75584,1,0,0,10.89,0.0337,1.0093,0,0,0
59960,11,34404,18184224,2,39,6.0054,2.5495,5.8959,0.0,2.1843,0,159,12,0,2,0,0,5328,17920,73728,1024,109827,0.2431,3537.4545,3556.0,0,0,0,0,0,0,1,1,0,5008,0,1,20024,55.83,0.2401,0.6627,3,0,0
758784,6,34404,1436498512,2,34,6.5033,5.3311,6.2744,3.8768,0.8568,0,415,15,18,1,0,0,230176,255488,778240,1024,814483,0.3283,126293.3333,126551.3333,1,1,0,0,0,1,1,0,1,379784,0,0,0,10.89,0.3279,1.0609,0,0,0
62464,5,332,586610,3,783,6.2154,3.0615,6.243,0.0,2.5781,0,71,2,0,1,0,0,4096,50176,589824,1024,111330,0.0851,12288.0,113838.4,0,0,0,0,0,0,0,0,0,0,0,0,0,56.39,0.0843,0.7043,1,0,0
151040,5,332,160732,3,783,6.5212,3.2524,6.4429,0.0,2.7418,0,86,3,0,1,0,0,4096,131072,163840,1024,164867,0.8,30003.2,30161.6,0,0,0,0,0,0,0,0,0,0,0,0,0,56.4,0.7989,0.7121,1,0,0
31696,3,332,1343348563,2,258,6.6144,3.3858,5.486,0.0815,2.3649,0,1,1,0,0,0,0,20046,12288,40960,512,35555,0.3,5120.0,4725.3333,1,1,0,0,0,1,1,0,1,2304,0,0,15824,13.84,0.2896,0.6295,0,0,0
54272,9,34404,0,3,559,5.8714,2.6997,6.1051,0.0,2.225,0,100,2,0,1,0,0,5376,33792,81920,1024,74571,0.4125,5916.4444,5979.5556,0,0,0,0,0,0,0,1,0,0,0,1,0,56.4,0.4076,0.6883,2,0,0
145328,9,332,0,2,271,7.0921,2.815,7.2961,0.0,2.8345,1,101,7,0,3,0,0,5312,41984,163840,1024,148392,0.2562,14336.0,14535.5556,1,1,0,0,0,0,1,1,0,75912,0,1,15280,56.4,0.2547,0.5496,2,0,0
53816,11,34404,33372176,2,39,6.1356,2.5443,6.0456,0.0,2.1965,0,109,10,0,2,0,0,5328,16384,81920,1024,71660,0.2,3211.6364,4018.1818,0,0,0,0,0,0,1,1,0,4976,0,1,17464,55.35,0.1978,0.6006,3,0,0
31728,3,332,1343348715,3,258,6.6317,3.1252,5.6774,0.0815,2.3108,0,1,1,0,0,0,0,20542,12800,40960,512,70105,0.3125,5120.0,4680.0,1,1,0,0,0,1,1,0,1,1672,0,0,15856,13.84,0.3017,0.6017,0,0,0
599232,5,332,1439346108,2,258,6.3661,4.6235,6.6358,2.0822,1.5028,0,223,8,4,3,0,0,239274,389632,684032,1024,651814,0.5696,118067.2,134131.4,1,1,0,0,0,1,1,0,1,8096,0,0,7872,10.79,0.5691,1.3696,0,0,0
34304,7,34404,1436498111,3,34,5.7719,2.9635,6.2615,0.0815,2.0835,0,100,21,0,0,0,1,22512,20992,94208,1024,47012,0.2228,4754.2857,10006.8571,1,1,0,0,0,1,1,0,1,2048,0,0,0,10.89,0.2223,11.3768,1,0,0
411072,5,34404,1487835320,3,35,6.2378,5.0121,6.062,2.8815,1.1082,0,101,2,0,2,0,0,172452,274432,417792,1024,467655,0.6569,79052.8,80590.6,0,0,0,0,0,1,1,0,0,832,0,0,14784,9.26,0.6564,1.0088,0,0,0
78936,5,34404,1328933619,3,34,6.377,2.9912,6.1471,0.3085,2.1779,0,145,5,25,2,0,0,42620,51712,81920,1024,103316,0.6312,12492.8,13806.0,1,1,0,0,0,1,1,0,1,7488,1,0,15448,14.29,0.6296,3.782,0,0,0
78848,6,34404,1436498117,2,34,5.9882,3.5282,6.2014,0.4947,2.1586,0,165,10,4,1,0,0,55136,54784,98304,1024,125522,0.5573,12970.6667,12997.3333,1,1,0,0,0,1,1,0,1,7152,1,0,0,10.89,0.555,1.2409,0,0,0
58368,6,34404,1436498351,2,34,6.1461,3.1597,6.2849,0.3014,2.4331,0,36,10,0,0,0,0,5568,3072,77824,1024,119383,0.0395,9557.3333,9583.0,1,1,0,0,0,1,1,0,1,49608,0,0,0,10.89,0.0395,1.0796,0,0,0
224448,10,34404,0,2,39,6.0513,2.6899,6.1046,0.0,2.3144,0,404,14,0,2,0,0,5328,107520,221184,1024,262580,0.4861,19200.0,19315.6,0,0,0,0,0,0,0,1,0,0,0,1,31424,56.4,0.4861,0.6941,3,0,0
57856,5,332,1436499197,2,258,6.0995,5.2047,6.0362,3.5763,0.916,0,98,20,1,1,0,0,20832,21504,69632,1024,99370,0.3088,11366.4,11238.4,1,1,0,0,0,1,1,0,1,28312,1,0,0,10.88,0.3019,1.3182,0,0,0
69752,11,34404,28645408,2,39,6.0905,2.773,6.1233,0.0,2.2488,0,179,11,0,2,0,0,5328,23040,81920,1024,79682,0.2812,4375.2727,4397.0909,0,0,0,0,0,0,1,1,0,4992,0,1,20600,55.5,0.2772,0.6837,3,0,0
1858400,1,332,1269487063,2,8450,6.0825,6.0741,6.0741,6.0741,0.0,0,0,0,0,0,0,0,0,0,1859584,512,1896216,0.0,1851904.0,1851768.0,0,0,0,0,0,0,1,0,0,1851768,0,0,5984,16.18,0.0,0.9999,0,0,0
36864,5,332,1436498731,3,258,6.1435,4.2049,6.2793,0.1833,2.2018,0,113,8,2,1,0,0,28336,26624,49152,1024,59981,0.5417,7168.0,7113.2,1,1,0,0,0,1,1,0,1,2064,1,0,0,10.89,0.5321,1.5394,0,0,0
106496,7,34404,1436498050,2,34,6.3289,2.7883,6.4502,0.1976,2.4791,0,44,2,0,2,0,3,6336,4608,131072,1024,122329,0.0352,15067.4286,14905.7143,1,1,0,0,0,1,1,0,1,94728,0,0,0,10.89,0.0344,0.9387,1,0,0
337776,6,34404,1379103699,3,34,6.052,4.3439,6.3121,2.0748,1.3588,0,251,8,3,2,0,0,86432,215552,364544,1024,396108,0.5913,55040.0,58780.0,1,1,0,0,0,1,1,0,1,3796,0,0,6512,12.7,0.5906,1.3337,0,0,0
283136,9,34404,298268,3,559,6.2365,3.1612,6.2413,0.0,2.3714,0,421,5,0,2,0,0,5376,185344,319488,1024,293781,0.5801,31345.7778,32492.0,0,0,0,0,0,0,0,1,0,0,0,1,0,56.4,0.5791,0.7847,2,0,0
180736,6,34404,1484588727,3,34,6.0874,4.5317,5.9571,1.6451,1.4995,0,382,6,21,1,0,0,139476,138240,200704,1024,189769,0.6888,29952.0,29971.3333,1,1,0,0,0,0,1,0,1,964,0,0,0,9.36,0.6863,1.4222,0,0,0
55360,11,34404,1634231135,2,39,6.1129,2.5976,5.9614,0.0,2.1564,0,118,11,0,2,0,0,5328,16896,77824,1024,72752,0.2171,3304.7273,3279.6364,0,0,0,0,0,0,1,1,0,5000,0,1,17984,4.62,0.211,0.6153,3,0,0
67576,11,34404,34646048,2,39,5.9568,2.6511,5.8526,0.0,2.1941,0,210,13,0,2,0,0,5328,19456,81920,1024,99426,0.2375,4002.9091,3999.6364,0,0,0,0,0,0,1,1,0,5016,0,1,22520,55.31,0.2331,0.6428,3,0,0
27136,9,34404,84084737,3,559,5.3703,2.4598,5.8357,0.0,2.0412,0,96,3,0,1,0,0,5376,13312,57344,1024,39443,0.2321,2901.3333,2928.0,0,0,0,0,0,0,0,1,0,0,0,1,0,53.74,0.2282,0.6437,2,0,0
74768,11,34404,9148432,2,39,6.177,2.7034,6.1181,0.0,2.2159,0,174,11,0,2,0,0,5328,30720,94208,1024,84573,0.3261,4840.7273,5021.0909,0,0,0,0,0,0,1,1,0,4984,0,1,20496,56.12,0.3241,0.6454,3,0,0
9728,3,332,1050714447,3,271,5.0549,2.9382,6.0341,0.2921,2.3656,0,67,5,0,2,0,0,6281,6656,2969600,1024,16031,0.0022,2901.3333,985589.3333,0,0,0,0,0,1,1,0,0,1032,1,0,0,23.11,0.0021,1920.8029,0,0,0
96768,5,332,111578,3,783,6.4638,3.2226,6.4064,0.0,2.6945,0,90,3,0,1,0,0,4096,75264,114688,1024,100473,0.6562,19148.8,19277.6,0,0,0,0,0,0,0,0,0,0,0,0,0,56.4,0.6544,0.7252,1,0,0
365888,2,34404,1394855080,2,34,5.4577,5.1659,5.8044,4.5274,0.6385,0,0,0,0,0,0,0,0,224768,376832,512,396341,0.5965,179456.0,179330.0,1,1,0,0,0,1,1,0,0,134000,0,0,6464,12.2,0.5962,0.9992,0,0,0
68080,11,34404,0,2,39,6.1211,2.6717,5.962,0.0,2.1749,0,139,11,0,2,0,0,5328,26112,86016,1024,111604,0.3036,4375.2727,4349.0909,0,0,0,0,0,0,1,1,0,4992,0,1,18928,56.4,0.2998,0.6464,3,0,0
23680,5,332,1494283386,3,290,6.4475,4.4646,6.0903,0.7117,1.9194,0,51,7,0,1,0,0,8412,7168,32768,1024,60085,0.2188,3072.0,2997.4,1,1,0,0,0,1,1,0,1,1448,0,0,7296,9.05,0.2098,1.0961,0,0,0
59456,11,34404,23578656,2,39,6.0799,2.5516,5.9544,0.0,2.1514,0,130,10,0,2,0,0,5328,19968,77824,1024,73429,0.2566,3630.5455,3580.3636,0,0,0,0,0,0,1,1,0,4992,0,1,18496,55.66,0.2503,0.6183,3,0,0
41472,7,34404,1473222158,2,34,5.5728,3.1876,6.1256,0.6303,1.8891,0,98,20,0,3,0,10,20976,19968,65536,1024,81392,0.3047,5778.2857,5776.8571,1,1,0,0,0,1,1,0,1,8512,0,0,0,9.72,0.3018,1.1988,1,0,0
139264,3,332,1009896557,3,271,6.2867,5.2726,6.6405,4.5393,0.9681,0,61,1,0,2,0,0,62837,102400,147456,4096,0,0.6944,45056.0,46280.6667,0,0,0,0,0,0,0,0,0,0,0,0,0,24.4,0.6792,1.0002,0,0,0
46424,4,34404,1484860116,2,35,6.1548,4.4837,5.7999,3.3987,0.9226,0,58,4,0,0,6,0,24392,23040,49152,1024,74694,0.4688,9600.0,9387.25,0,1,0,0,0,1,0,0,0,0,0,0,7000,9.35,0.4619,0.955,0,0,0
65536,2,34404,1430974282,3,302,5.4363,5.5391,5.7403,5.3378,0.2012,0,0,0,0,0,0,0,0,49152,73728,4096,72800,0.6667,30720.0,28907.0,1,1,0,0,0,1,1,0,0,12112,0,0,0,11.06,0.6199,0.9577,0,0,0
1352896,5,332,1439586059,3,258,6.6464,5.009,6.5932,2.9766,1.237,0,314,10,25,3,0,0,4770,826368,1368064,1024,1389694,0.604,268800.0,272146.2,1,1,0,0,0,1,1,0,1,11072,0,0,7872,10.79,0.604,1.0537,0,0,0
83456,6,34404,1436498258,2,34,6.7692,3.6407,6.9656,0.3014,2.3783,0,57,5,0,0,0,0,10096,8192,98304,1024,137540,0.0833,13738.6667,13705.3333,1,1,0,0,0,1,1,0,1,68488,0,0,0,10.89,0.0783,1.1478,0,0,0
50152,11,34404,22339968,2,39,6.059,2.4724,6.0282,0.0,2.1342,0,119,10,0,2,0,0,5328,12800,69632,1024,108307,0.1838,2839.2727,2809.0909,0,0,0,0,0,0,1,1,0,5024,0,1,17896,55.7,0.1803,0.5932,3,0,0
26112,9,34404,595457,3,559,5.162,2.2706,5.7963,0.0,2.0214,0,95,3,0,1,0,0,5376,12288,53248,1024,76598,0.2308,2787.5556,2732.8889,0,0,0,0,0,0,0,1,0,0,0,1,0,56.39,0.2251,0.5721,2,0,0
66560,6,34404,1436498328,3,34,5.8391,4.2995,6.1975,2.0941,1.1911,0,135,27,0,2,0,0,41072,41472,90112,1024,99166,0.4602,10922.6667,11049.6667,1,1,0,0,0,1,1,0,1,2032,1,0,0,10.89,0.4548,1.0455,0,0,0
57768,11,34404,31541280,2,39,6.1202,2.5695,5.9662,0.0,2.191,0,126,7,0,2,0,0,5328,18432,77824,1024,112392,0.2368,3537.4545,3509.4545,0,0,0,0,0,0,1,1,0,5016,0,1,17832,55.41,0.231,0.606,3,0,0
13312,5,332,25116,3,783,5.759,2.9678,6.1717,0.0,2.5392,0,29,2,0,1,0,0,4096,8192,28672,1024,67789,0.2857,2457.6,2628.8,0,0,0,0,0,0,0,0,0,0,0,0,0,56.4,0.2838,0.7008,1,0,0
88960,4,332,1267548724,2,258,6.3995,5.7841,6.5086,5.1229,0.6501,0,149,6,10,3,0,24,49389,51200,94208,1024,151283,0.5435,20480.0,20612.25,1,0,0,0,0,1,1,0,1,23420,0,0,6016,16.24,0.5407,1.0615,0,0,0
96336,6,332,1492824904,2,258,6.455,4.4197,6.6127,1.4312,2.0185,0,66,2,0,2,0,0,5222,43008,106496,1024,116916,0.4038,14165.3333,14393.1667,1,1,0,0,0,1,1,0,1,12920,0,0,10320,9.1,0.4003,1.098,1,0,0
166048,3,332,1398849588,3,258,5.8891,3.4801,5.8084,0.1019,2.4451,0,1,1,0,0,0,0,164270,156160,188416,512,170601,0.8288,52906.6667,52682.6667,1,1,0,0,0,1,1,0,1,1952,0,0,6816,12.08,0.8284,0.6587,0,0,0
50048,11,34404,0,2,39,5.981,2.478,5.8486,0.0,2.1071,0,114,11,0,2,0,0,5328,12288,65536,1024,84015,0.1875,2839.2727,2749.0909,0,0,0,0,0,0,1,1,0,5000,0,1,17792,56.4,0.1803,0.5892,3,0,0
89656,11,34404,0,2,39,5.5896,2.4478,6.0882,0.0,2.1211,0,158,13,0,2,0,0,5328,20480,102400,1024,91671,0.2,6237.0909,6263.6364,0,0,0,0,0,0,1,1,0,5000,0,1,20024,56.4,0.1998,0.6132,3,0,0
319488,4,332,1336765760,2,303,5.5923,3.3655,5.6755,1.0318,1.8459,0,59,4,1,1,0,0,12278,12288,319488,4096,362467,0.0385,78848.0,76251.0,0,0,0,1,0,0,1,0,0,293944,0,0,0,14.05,0.0267,0.5774,0,0,0
1034016,7,34404,1499373651,3,34,6.4018,4.8701,6.385,1.6854,1.4366,0,219,5,0,2,4,0,636832,720896,1064960,1024,1085058,0.6769,146578.2857,149217.1429,1,1,0,0,0,1,1,0,1,920,0,0,6944,8.89,0.6769,0.9945,1,0,0
1346648,3,332,1328930439,2,258,6.4103,3.4572,6.4322,0.0098,2.6431,0,1,1,0,0,0,0,1314302,1306624,1343488,4096,1355100,0.9726,442368.0,439597.3333,1,1,0,0,0,1,1,0,1,12664,0,0,15448,14.29,0.9722,0.5918,0,0,0
107520,5,332,119812,3,783,6.4981,3.2173,6.4282,0.0,2.7072,0,90,2,0,1,0,0,4096,87040,122880,1024,169518,0.7083,21299.2,21644.0,0,0,0,0,0,0,0,0,0,0,0,0,0,56.4,0.7061,0.7062,1,0,0
88200,11,34404,8304672,2,39,5.4757,2.6392,5.9315,0.0,2.2885,0,176,13,0,2,0,0,5328,31744,106496,1024,142388,0.2981,6050.9091,6169.8182,0,0,0,0,0,0,1,1,0,5008,0,1,20616,56.14,0.2966,0.6986,3,0,0
21504,5,332,33384,3,783,5.9257,2.8957,6.1713,0.0,2.4878,0,41,3,0,1,0,0,4096,14848,36864,1024,38122,0.4028,4096.0,3887.2,0,0,0,0,0,0,0,0,0,0,0,0,0,56.4,0.3939,0.6608,1,0,0
142848,6,34404,1484588931,3,34,6.0429,4.6472,6.082,3.0546,1.0291,0,326,4,0,0,0,0,89580,87040,163840,1024,163640,0.5312,23637.3333,23381.6667,1,1,0,0,0,0,1,0,1,964,0,0,0,9.36,0.5304,0.9007,0,0,0
49712,11,34404,28108816,2,39,6.0236,2.4775,5.9294,0.0,2.1562,0,129,10,0,2,0,0,5328,11264,65536,1024,92708,0.1719,2746.1818,2734.1818,0,0,0,0,0,0,1,1,0,4984,0,1,18480,55.51,0.1713,0.5946,3,0,0
35480,3,332,1395911812,3,270,4.2592,1.9011,4.5077,0.0131,1.904,0,1,1,0,0,0,0,23646,16384,40960,4096,51114,0.4,8192.0,5528.0,1,0,0,0,0,1,1,0,1,1112,0,0,6808,12.17,0.3774,0.406,0,0,0
636416,3,332,1457577336,2,34,7.0511,4.7314,7.0584,0.0815,3.2879,2,1,1,0,0,0,0,330142,322048,663552,512,0,0.4853,211968.0,211669.3333,1,1,0,0,0,1,1,0,1,313040,0,0,0,10.22,0.4852,0.6741,0,0,0
208384,9,34404,0,3,559,6.2693,3.1704,6.2695,0.0,2.328,0,318,6,0,2,0,0,5376,141824,245760,1024,229737,0.5771,23040.0,24045.3333,0,0,0,0,0,0,0,1,0,0,0,1,0,56.4,0.5767,0.7804,2,0,0
550128,5,332,1503984615,2,290,5.3121,5.1702,6.6173,3.1813,1.4217,0,105,1,0,3,0,62,52995,177152,565248,1024,555742,0.3134,108544.0,110138.2,1,1,0,0,0,1,1,0,1,293680,0,0,6384,8.75,0.3131,1.286,0,0,0
109568,5,332,123676,3,783,6.4561,3.1874,6.3827,0.0,2.6855,0,61,3,0,1,0,0,4096,93184,126976,1024,150997,0.7339,21708.8,22255.2,0,0,0,0,0,0,0,0,0,0,0,0,0,56.4,0.7333,0.6996,1,0,0
79872,6,332,1436498918,3,258,6.7008,3.8836,6.8523,0.1145,2.6909,0,65,19,0,1,0,2,10688,9216,110592,1024,80639,0.0833,13141.3333,15065.3333,1,1,0,0,0,1,1,0,1,64488,1,0,0,10.89,0.0797,4.9685,1,0,0
40128,3,332,1464734746,3,34,6.5519,3.4092,5.7937,0.0815,2.4255,0,1,1,0,0,0,0,28526,20480,49152,512,103194,0.4167,7850.6667,7553.3333,1,1,0,0,0,1,1,0,1,2292,0,0,16064,9.99,0.4141,0.6376,0,0,0
55808,7,34404,1436498076,3,34,5.8401,2.7763,6.1697,0.3014,2.1498,0,111,27,3,0,0,6,40880,39424,77824,1024,85087,0.5066,7826.2857,7688.5714,1,1,0,0,0,1,1,0,1,2064,0,0,0,10.89,0.5047,1.0627,1,0,0
102336,5,332,1343345231,3,290,6.6587,4.7657,6.5467,2.723,1.3865,0,159,3,0,2,0,0,64769,62976,249856,1024,143649,0.252,17100.8,47310.4,1,1,0,0,0,1,1,0,1,11604,0,0,15808,13.84,0.251,60.2852,0,0,0
62224,11,34404,34332176,2,39,6.0844,2.6185,5.9398,0.0,2.2021,0,168,11,0,2,0,0,5328,18432,110592,1024,98961,0.1667,3723.6364,6498.1818,0,0,0,0,0,0,1,1,0,5016,0,1,20240,55.32,0.1638,0.6328,3,0,0
397824,9,34404,0,3,559,6.2681,3.0997,6.2862,0.0,2.415,0,158,6,0,2,0,0,5376,302592,425984,1024,399496,0.7103,44088.8889,44653.7778,0,0,0,0,0,0,0,1,0,0,0,1,0,56.4,0.7098,0.7498,2,0,0
243696,6,34404,1501533300,2,34,6.0586,4.7345,6.3196,3.2401,1.0014,0,107,4,0,2,0,0,82776,152576,262144,1024,258678,0.582,39168.0,40522.0,1,1,0,0,0,1,1,0,1,1448,0,0,7664,8.82,0.5801,1.1597,0,0,0
108232,11,34404,20396064,2,39,6.1342,2.8716,6.0363,0.0,2.2504,0,273,15,0,2,0,0,5328,49664,122880,1024,112610,0.4042,7447.2727,7605.4545,0,0,0,0,0,0,1,1,0,5008,0,1,25288,55.76,0.4037,0.6905,3,0,0
58832,11,34404,27428896,2,39,6.0679,2.5911,5.9724,0.0,2.1996,0,147,12,0,2,0,0,5328,17408,77824,1024,106452,0.2237,3490.9091,3521.8182,0,0,0,0,0,0,1,1,0,5008,0,1,19408,55.54,0.2193,0.6016,3,0,0
94920,11,34404,25061408,2,39,6.0887,2.8065,5.9543,0.0,2.2132,0,241,12,0,2,0,0,5328,38912,155648,1024,110292,0.25,6376.7273,10580.7273,0,0,0,0,0,0,1,1,0,5032,0,1,23752,55.61,0.247,0.6809,3,0,0
75536,11,34404,36107680,2,39,6.2491,2.6795,6.1006,0.0,2.2402,0,125,10,0,2,0,0,5328,36352,90112,1024,116736,0.4034,5120.0,5139.2727,0,0,0,0,0,0,1,1,0,4992,0,1,18192,55.26,0.4015,0.6341,3,0,0
196400,5,332,1494884055,3,258,6.3251,5.1519,6.3218,3.583,1.0212,0,114,5,0,2,0,0,60571,67072,192512,1024,234348,0.3484,35840.0,35867.8,1,1,0,0,0,1,1,0,1,1720,0,0,16176,9.03,0.3482,1.1041,0,0,0
1523704,3,332,1494518681,2,258,5.861,3.3595,5.8437,0.0815,2.4184,0,1,1,0,0,0,0,1513214,1505280,1531904,512,1570441,0.9826,502442.6667,502172.6667,1,1,0,0,0,0,1,0,1,1478,0,0,15864,9.05,0.9825,0.6618,0,0,0
121856,5,332,136206,3,783,6.4546,3.2789,6.36,0.0,2.727,0,98,3,0,1,0,0,4096,107008,139264,1024,157585,0.7684,24166.4,24074.4,0,0,0,0,0,0,0,0,0,0,0,0,0,56.4,0.7652,0.7353,1,0,0
85504,5,332,1465051105,2,258,6.0936,4.6699,6.4773,2.112,1.4621,0,80,2,0,2,0,0,9843,44032,102400,1024,124531,0.43,16896.0,18172.4,1,1,0,0,0,1,1,0,1,20644,0,0,0,9.98,0.4281,1.3488,0,0,0
22016,5,332,33368,3,783,6.0268,2.967,6.2048,0.0,2.5508,0,39,3,0,1,0,0,4096,14848,36864,1024,83463,0.4028,4198.4,4068.0,0,0,0,0,0,0,0,0,0,0,0,0,0,56.4,0.3982,0.6806,1,0,0
670048,11,332,1267348437,2,258,6.6186,4.7025,6.8064,0.8789,1.9559,0,465,11,43,3,0,45,573392,595456,700416,1024,731260,0.8501,60276.3636,60652.3636,1,0,0,0,0,1,1,0,1,15960,0,0,5984,16.25,0.8471,0.8026,7,0,0
426696,6,332,1494884582,2,258,6.4933,4.5251,6.48,1.4913,1.7418,0,120,6,1,5,0,0,141357,239616,434176,1024,430948,0.5519,68266.6667,69616.6667,1,1,0,0,0,1,1,0,1,1648,0,0,16072,9.03,0.5518,1.021,1,0,0
51016,2,34404,1217329007,3,302,5.2206,3.6439,5.3554,1.9324,1.7115,0,0,0,0,0,0,0,0,36864,57344,4096,61136,0.6429,20480.0,18975.0,1,1,0,0,0,1,1,0,0,1576,0,0,5960,17.83,0.6343,0.6857,0,0,0
322120,3,332,1461235706,2,258,5.893,3.8308,5.7349,0.098,2.6396,0,1,1,0,0,0,0,95854,88064,335872,512,359375,0.2622,103765.3333,103314.6667,1,1,0,0,0,0,1,0,1,222264,0,0,10312,10.1,0.261,0.6723,0,0,0
33232,3,332,1343343651,3,258,6.6146,3.1161,5.7272,0.0815,2.3242,0,1,1,0,0,0,0,22430,14336,40960,512,38271,0.35,5632.0,5288.0,1,1,0,0,0,1,1,0,1,1608,0,0,15824,13.84,0.3478,0.6007,0,0,0
53248,9,34404,16900,3,559,5.9949,2.9357,6.2695,0.0,2.1115,0,64,2,0,1,0,0,5376,38400,86016,1024,95007,0.4464,5802.6667,6171.1111,0,0,0,0,0,0,0,1,0,0,0,1,0,56.4,0.4455,0.7044,2,0,0
36864,3,332,1430976848,3,270,3.8244,2.2837,4.942,0.0131,2.0308,0,1,1,0,0,0,0,28910,24576,49152,4096,64534,0.5,10922.6667,7421.3333,1,1,0,0,0,1,1,0,1,1528,0,0,0,11.06,0.4216,0.4064,0,0,0
39424,5,332,53920,3,783,6.3115,3.0556,6.3251,0.0,2.5943,0,48,3,0,1,0,0,4096,31744,57344,1024,92100,0.5536,7680.0,7572.8,0,0,0,0,0,0,0,0,0,0,0,0,0,56.4,0.5495,0.7093,1,0,0
83032,5,332,1500533125,2,258,6.1439,4.7703,6.138,2.6239,1.288,0,170,9,7,2,0,0,31680,48640,86016,1024,104244,0.5655,15052.8,15377.8,1,1,0,0,0,1,1,0,1,4020,0,0,6744,8.86,0.5625,1.3965,0,0,0
35328,7,34404,1436499272,2,34,5.8899,3.1879,6.1344,0.0,2.1506,0,83,10,1,1,0,0,20128,18432,57344,1024,47512,0.3214,4900.5714,4937.2857,1,1,0,0,0,1,1,0,1,4920,1,0,0,10.88,0.3196,1.2973,1,0,0
107496,3,332,1343348681,3,258,5.9829,3.1574,5.672,0.0815,2.3166,0,1,1,0,0,0,0,96766,89088,114688,512,153966,0.7768,30549.3333,30114.6667,1,1,0,0,0,1,1,0,1,1752,0,0,15336,13.84,0.7724,0.6244,0,0,0
57512,11,34404,30681120,2,39,6.1592,2.6542,6.0052,0.0,2.189,0,121,11,0,2,0,0,5328,18432,77824,1024,114963,0.2368,3490.9091,3499.2727,0,0,0,0,0,0,1,1,0,4992,0,1,18088,55.43,0.2341,0.6275,3,0,0
60128,11,34404,36251680,2,39,6.1854,2.5879,6.1632,0.0,2.1558,0,123,10,0,2,0,0,5328,21504,77824,1024,63577,0.2763,3723.6364,3690.1818,0,0,0,0,0,0,1,1,0,5048,0,1,18144,55.26,0.274,0.6107,3,0,0
53856,11,34404,20219936,2,39,6.1724,2.584,6.1159,0.0,2.2045,0,113,10,0,2,0,0,5328,16896,73728,1024,107638,0.2292,3211.6364,3224.3636,0,0,0,0,0,0,1,1,0,5000,0,1,17504,55.76,0.2267,0.6202,3,0,0
49152,5,332,1436499244,3,258,6.3383,5.0458,6.4923,3.0697,1.2793,0,145,22,20,0,0,0,38816,36864,90112,1024,87301,0.4091,9625.6,15692.8,1,1,0,0,0,1,1,0,1,1976,1,0,0,10.88,0.4066,7.0573,0,0,0
40448,9,34404,0,3,559,5.7495,2.581,5.9657,0.0,2.2211,0,162,6,0,1,0,0,5376,17920,69632,1024,97947,0.2574,4380.4444,4387.1111,0,0,0,0,0,0,0,1,0,0,0,1,0,56.4,0.253,0.6362,2,0,0
88664,5,34404,1328933601,2,34,6.5296,3.649,6.2938,1.2017,1.9146,0,149,11,4,2,4,1,21932,65024,94208,1024,97819,0.6902,14438.4,16383.8,1,1,0,0,0,1,1,0,1,2088,0,0,15448,14.29,0.6861,5.1873,0,0,0
278016,9,34404,291196,3,559,5.9372,2.9463,5.8114,0.0,2.2806,0,250,3,0,1,0,0,5376,232448,307200,1024,282731,0.7567,30776.8889,31047.1111,0,0,0,0,0,0,0,1,0,0,0,1,0,56.4,0.756,0.7424,2,0,0
15872,5,332,29338,3,783,5.5204,2.855,5.8733,0.0,2.4185,0,45,3,0,1,0,0,4096,8192,32768,1024,56776,0.25,2969.6,2786.4,0,0,0,0,0,0,0,0,0,0,0,0,0,56.4,0.2412,0.6995,1,0,0
18944,9,34404,0,3,559,4.9779,2.2545,5.8691,0.0,1.9847,0,62,4,0,1,0,0,5376,9216,49152,1024,46102,0.1875,1991.1111,1986.6667,0,0,0,0,0,0,0,1,0,0,0,1,0,56.4,0.179,0.5886,2,0,0
208896,4,332,1382562356,3,271,6.4379,3.8038,6.6276,0.0,2.4755,0,99,2,0,3,0,0,117228,159744,217088,4096,0,0.7358,51200.0,50927.5,0,0,0,0,0,0,0,1,0,0,0,1,0,12.59,0.7269,0.9517,0,0,0
91936,5,34404,1197057986,3,35,6.1711,4.4912,6.3071,2.031,1.4078,0,87,4,0,2,0,0,9536,56832,106496,1024,102449,0.5337,17100.8,18741.4,0,0,0,0,0,1,1,0,0,1804,0,0,5408,18.47,0.5329,1.2795,0,0,0
580264,5,34404,1310437039,2,35,6.1364,5.042,6.2825,3.4125,0.9904,0,342,13,3,4,0,2,170656,267264,598016,1024,593699,0.4469,111001.6,115481.4,0,0,0,0,0,1,1,0,0,161456,0,0,24232,14.88,0.4461,1.355,0,0,0
124872,6,332,1343345240,3,290,6.2396,3.5743,5.894,0.0,2.3541,0,127,5,0,2,0,0,94052,92672,126976,1024,170062,0.7298,18005.3333,18100.8333,1,1,0,0,0,1,1,1,1,1476,0,1,15816,13.84,0.7288,1.4804,0,0,0
624328,2,332,1504844043,2,8450,3.4198,2.1202,3.2142,1.0263,1.0939,0,0,0,0,0,0,0,0,0,618496,512,626439,0.0,303872.0,303568.0,1,1,0,0,0,1,1,0,0,607024,0,0,16072,8.72,0.0,0.6092,0,0,0
21504,5,332,33440,3,783,5.9818,3.0277,6.1255,0.0,2.5526,0,48,3,0,1,0,0,4096,15360,36864,1024,78283,0.4167,4096.0,3951.2,0,0,0,0,0,0,0,0,0,0,0,0,0,56.4,0.4039,0.7042,1,0,0
79360,6,34404,1436498159,2,34,5.8105,4.4464,6.1272,3.124,0.8785,0,129,20,7,1,0,0,45056,47616,94208,1024,84517,0.5054,13056.0,13119.6667,1,1,0,0,0,1,1,0,1,5640,0,0,0,10.89,0.5006,1.1316,0,0,0
62464,5,332,86790,3,783,6.3603,3.1813,6.2554,0.0,2.6516,0,59,2,0,1,0,0,4096,47616,90112,1024,124255,0.5284,12288.0,14616.0,0,0,0,0,0,0,0,0,0,0,0,0,0,56.4,0.5256,0.7353,1,0,0
204288,9,34404,220036,3,559,6.8387,3.0863,7.1684,0.0,2.6172,1,153,5,0,1,0,0,5376,88576,233472,1024,251867,0.3794,22584.8889,22952.8889,0,0,0,0,0,0,0,1,0,0,0,1,0,56.4,0.3774,0.7012,2,0,0
258240,5,332,1439585794,3,258,5.961,4.6634,6.6094,1.6778,1.6177,0,102,3,0,2,0,0,25702,136192,270336,1024,303498,0.5038,49868.8,50909.2,1,1,0,0,0,1,1,0,1,1936,0,0,7872,10.79,0.5026,1.0149,0,0,0
82944,5,332,1436499016,2,258,7.1291,4.2737,7.2731,0.1833,2.331,1,28,8,0,0,0,0,5824,3584,98304,1024,111298,0.0365,16384.0,16253.2,1,1,0,0,0,1,1,0,1,75536,1,0,0,10.89,0.0337,1.0092,0,0,0
121344,6,34404,1484588937,2,34,5.951,4.8234,6.0686,3.1299,0.9449,0,664,8,0,0,0,0,46500,44544,135168,1024,168200,0.3295,20053.3333,19760.1667,1,1,0,0,0,0,1,0,1,964,0,0,0,9.36,0.3259,0.9113,0,0,0
1734000,4,332,1269963127,2,258,6.6456,5.6617,6.6868,3.0259,1.5255,0,830,11,40,4,0,499,7460,1035776,1765376,1024,1777821,0.5867,431744.0,438779.75,1,0,0,0,0,1,1,0,1,546424,0,0,6000,16.16,0.5864,1.0899,0,0,0
55872,11,34404,8032992,2,39,6.1358,2.5216,6.0681,0.0,2.1612,0,120,10,0,2,0,0,5328,17920,7696384,1024,71756,0.0023,3351.2727,696375.6364,0,0,0,0,0,0,1,1,0,5000,0,1,17984,56.15,0.0023,0.5935,3,0,0
1322496,6,34404,1477375682,2,34,6.2942,5.6745,7.4924,4.3255,1.0754,1,611,19,13,2,0,0,804080,844800,1339392,1024,1363406,0.6307,220245.3333,220694.0,1,1,0,0,0,1,1,0,1,106320,0,0,0,9.59,0.6306,1.015,0,0,0
34144,1,332,1269487059,2,8450,5.9972,5.4926,5.4926,5.4926,0.0,0,0,0,0,0,0,0,0,0,32768,512,84885,0.0,27648.0,27336.0,0,0,0,0,0,0,1,0,0,27336,0,0,5984,16.18,0.0,0.9887,0,0,0
56624,11,34404,88,2,39,6.0401,2.4924,5.8807,0.0,2.159,0,134,10,0,2,0,0,5328,16896,73728,1024,112288,0.2292,3351.2727,3295.6364,0,0,0,0,0,0,1,1,0,4984,0,1,18736,56.4,0.2252,0.5934,3,0,0
363944,6,34404,1479538845,3,34,6.0412,5.0268,6.3525,4.1411,0.7131,0,242,11,10,1,0,0,183248,187392,356352,1024,412511,0.5259,56917.3333,57048.1667,1,1,0,0,0,1,1,0,1,2632,0,0,21416,9.52,0.5253,0.9742,0,0,0
55152,11,34404,131104,2,39,5.9427,2.4795,5.893,0.0,2.1487,0,129,10,0,2,0,0,5328,14336,73728,1024,59838,0.1944,3258.1818,3208.0,0,0,0,0,0,0,1,1,0,5024,0,1,18288,56.4,0.1935,0.637,3,0,0
68096,6,332,1482201873,2,258,6.261,4.0206,6.5666,0.3936,2.2481,0,142,16,10,1,0,0,44317,44544,86016,1024,0,0.5179,11178.6667,11114.3333,1,1,0,0,0,1,1,0,1,5472,0,0,0,9.44,0.5152,1.1189,1,0,0
1202385,8,332,1459953545,2,33167,6.3676,3.3894,6.4745,0.0,2.641,0,523,24,0,4,0,0,1054060,1047040,1232896,1024,0,0.8493,147328.0,150227.5,1,1,0,0,0,0,1,1,0,103424,0,1,22737,10.14,0.8488,0.8275,1,0,0
145920,9,34404,0,3,559,5.6875,2.9257,5.5961,0.0,2.2137,0,243,4,0,1,0,0,5376,114688,204800,1024,174756,0.56,16099.5556,19798.6667,0,0,0,0,0,0,0,1,0,0,0,1,0,56.4,0.5584,0.7587,2,0,0
14848,5,332,29248,3,783,5.7209,2.8483,6.1284,0.0,2.4793,0,36,3,0,1,0,0,4096,9216,32768,1024,23783,0.2812,2764.8,2597.6,0,0,0,0,0,0,0,0,0,0,0,0,0,56.4,0.2791,0.6504,1,0,0
59224,2,34404,1238349709,3,302,5.0811,4.4679,5.2598,3.6759,0.7919,0,0,0,0,0,0,0,0,32768,57344,4096,105595,0.5714,24576.0,21135.0,0,0,0,0,0,1,1,0,0,12664,0,0,5976,17.16,0.5163,0.8382,0,0,0
51712,5,332,1484797805,3,258,6.2184,4.559,6.2836,1.516,1.6104,0,218,5,15,1,1,0,31618,29184,65536,1024,73751,0.4453,10137.6,10004.8,1,1,0,0,0,1,1,0,1,3892,0,0,0,9.35,0.4395,1.2765,0,0,0
71352,11,34404,0,2,39,6.0328,2.7338,5.934,0.0,2.1804,0,176,11,0,2,0,0,5328,25088,86016,1024,101185,0.2917,4514.9091,4524.7273,0,0,0,0,0,0,1,1,0,5000,0,1,20664,56.4,0.2893,0.6684,3,0,0
189352,6,34404,1399493021,2,34,6.5839,4.7394,6.4491,2.1625,1.7509,0,103,4,0,2,0,0,40876,101888,208896,1024,200484,0.4877,30293.3333,31727.8333,1,1,0,0,0,1,1,0,1,33168,0,0,6568,12.06,0.4874,1.2091,0,0,0
36352,5,332,1436498987,2,258,6.0052,4.8893,6.0793,2.7789,1.1966,0,163,25,18,2,0,0,25488,23552,49152,1024,77505,0.4792,7065.6,7059.6,1,1,0,0,0,1,1,0,1,3440,0,0,0,10.89,0.4783,1.3007,0,0,0
316504,3,332,1328929460,2,258,5.9455,3.605,5.8593,0.1019,2.5108,0,1,1,0,0,0,0,296350,288256,327680,512,332397,0.8797,100181.3333,99880.0,1,1,0,0,0,1,1,0,1,11464,0,0,15448,14.29,0.8794,0.6655,0,0,0
38488,5,34404,1328933676,3,34,6.5752,2.8468,5.8967,0.2217,2.2132,0,73,3,0,2,0,0,16808,17920,40960,1024,49467,0.4375,4403.2,4395.2,1,1,0,0,0,1,1,0,1,1708,1,0,15448,14.29,0.4287,1.2753,0,0,0
36864,5,332,1436499158,3,258,4.2179,3.765,5.4354,0.1833,1.8772,0,40,4,0,0,0,0,6688,4608,53248,1024,40812,0.0865,7168.0,7043.2,1,1,0,0,0,1,1,0,1,28512,1,0,0,10.88,0.0793,1.0305,0,0,0
125440,5,332,136158,3,783,6.4497,3.2483,6.358,0.0,2.7114,0,92,3,0,1,0,0,4096,110592,139264,1024,161212,0.7941,24883.2,24895.2,0,0,0,0,0,0,0,0,0,0,0,0,0,56.4,0.7915,0.7244,1,0,0
50888,9,34404,1504846732,2,34,6.1971,2.6752,6.1149,0.0204,1.7023,0,92,10,1,3,0,20,14480,16896,73728,1024,83612,0.2292,3754.6667,4654.7778,1,1,0,0,0,1,1,1,1,2428,1,1,16072,8.72,0.2241,2.9756,2,0,0
68680,4,332,1334121537,3,290,6.2598,4.2744,6.3478,2.2055,1.4769,0,63,1,0,2,0,0,15489,49664,81920,1024,110208,0.6062,15232.0,16853.5,1,1,0,0,0,1,1,0,1,1600,0,0,6728,14.13,0.601,1.3946,0,0,0
122200,5,34404,1484857013,2,35,6.7716,5.0653,6.9716,3.5724,1.1973,0,70,7,0,0,13,0,25044,23552,126976,1024,140933,0.1855,22835.2,22599.4,0,1,0,0,0,1,1,0,0,71344,1,0,7000,9.35,0.1838,0.9477,0,0,0
55296,6,34404,1436498708,2,34,5.7703,4.1491,6.1032,2.2449,1.1772,0,118,6,8,1,0,0,31440,32256,73728,1024,111549,0.4375,9045.3333,9217.0,1,1,0,0,0,1,1,0,1,5104,0,0,0,10.89,0.4348,1.5497,0,0,0
18944,9,34404,0,3,559,5.0154,2.2301,6.0294,0.0,1.9877,0,72,4,0,1,0,0,5376,9216,49152,1024,22469,0.1875,1991.1111,2003.5556,0,0,0,0,0,0,0,1,0,0,0,1,0,56.4,0.1849,0.5849,2,0,0
26624,4,332,1432399235,3,259,4.9029,3.9092,5.7051,0.3528,2.0871,0,40,3,0,1,0,0,4884,2560,40960,1024,78698,0.0625,6400.0,6411.5,0,0,0,0,0,1,1,0,0,20896,1,0,0,11.01,0.0571,1.1652,0,0,0
20480,9,34404,38360,3,559,5.1141,2.2313,6.0336,0.0,1.9889,0,59,3,0,1,0,0,5376,10752,49152,1024,39943,0.2188,2161.7778,2157.3333,0,0,0,0,0,0,0,1,0,0,0,1,0,56.4,0.2165,0.5753,2,0,0
29784,3,332,1328930545,2,258,6.663,3.5939,5.6035,0.0815,2.4922,0,1,1,0,0,0,0,16302,8192,32768,512,46375,0.25,4608.0,4333.3333,1,1,0,0,0,1,1,0,1,4872,0,0,15448,14.29,0.2477,0.6552,0,0,0
30200,3,332,1343348449,3,258,6.6344,3.1653,5.5445,0.0815,2.2852,0,1,1,0,0,0,0,19070,11264,40960,512,78851,0.275,4608.0,4224.0,1,1,0,0,0,1,1,0,1,1776,0,0,15864,13.84,0.2657,0.619,0,0,0
185024,3,332,1504852466,2,258,6.287,3.2337,6.3686,0.1019,2.5584,0,1,1,0,0,0,0,155886,147968,196608,512,217930,0.7526,56149.3333,55842.6667,1,1,0,0,0,1,1,0,1,19816,0,0,16064,8.72,0.7512,0.6713,0,0,0
1658368,7,332,1482202108,2,258,5.9115,4.0287,7.0949,0.0204,2.7207,1,974,22,604,2,0,0,395706,420352,1683456,1024,0,0.2497,236763.4286,237019.5714,1,1,0,0,0,1,1,1,1,382816,0,1,0,9.44,0.2494,0.8336,1,0,0
24576,9,34404,24577,3,559,5.1556,2.3054,5.9499,0.0,1.9613,0,83,3,0,1,0,0,5376,12800,53248,1024,41574,0.2404,2616.8889,2582.2222,0,0,0,0,0,0,0,1,0,0,0,1,0,56.4,0.2335,0.604,2,0,0
191064,6,34404,1328957806,3,34,6.077,4.0696,5.9442,1.2607,1.4462,0,504,12,348,1,8,16,103120,160256,253952,1024,213296,0.631,29098.6667,38914.1667,1,1,0,0,0,1,1,0,1,2104,0,0,15448,14.29,0.6301,3.3249,1,0,0
52120,11,34404,0,2,39,6.0579,2.5295,6.0293,0.0,2.1511,0,125,11,0,2,0,0,5328,13312,69632,1024,61188,0.1912,2978.9091,2947.6364,0,0,0,0,0,0,1,1,0,5008,0,1,18328,56.4,0.1895,0.6011,3,0,0
86656,4,332,1364474759,3,259,5.9748,4.2773,6.3653,1.2368,1.878,0,177,5,0,2,0,0,51650,49152,98304,1024,92808,0.5,19968.0,21994.0,0,0,0,0,0,0,1,0,0,3968,0,0,5760,13.17,0.4968,1.1727,0,0,0
34304,6,34404,1436498324,2,34,5.4634,3.0722,6.0955,0.5078,1.9823,0,115,15,2,0,0,0,18976,17408,53248,1024,55248,0.3269,5546.6667,5470.0,1,1,0,0,0,1,1,0,1,5752,0,0,0,10.89,0.3206,1.2545,0,0,0
51200,6,332,1436498736,3,258,6.2432,3.8672,6.6737,0.1833,2.5574,0,116,19,0,0,0,14,42160,40960,65536,1024,94172,0.625,8362.6667,8351.3333,1,1,0,0,0,1,1,0,1,2048,1,0,0,10.89,0.6216,1.0754,1,0,0
35656,7,34404,1473222078,2,34,6.0014,2.7837,5.984,0.2866,2.0018,0,78,20,0,0,0,4,9200,11776,45056,1024,94883,0.2614,3657.1429,3480.4286,1,1,0,0,0,1,1,0,1,2136,0,0,9032,9.72,0.2539,1.0072,1,0,0
26112,9,34404,1,3,559,5.4288,2.3162,6.0812,0.0,2.0803,0,100,3,0,1,0,0,5376,12800,57344,1024,59595,0.2232,2787.5556,2781.7778,0,0,0,0,0,0,0,1,0,0,0,1,0,56.4,0.2207,0.5831,2,0,0
71680,6,34404,1436498347,2,34,5.8088,4.4498,6.0009,3.3442,0.8985,0,100,22,0,1,0,0,19872,38912,90112,1024,120058,0.4318,11776.0,11868.0,1,1,0,0,0,1,1,0,1,1016,0,0,0,10.89,0.428,1.2189,0,0,0
58672,11,34404,25061408,2,39,6.0277,2.6279,5.9361,0.0,2.1305,0,132,11,0,2,0,0,5328,17920,77824,1024,100042,0.2303,3537.4545,3468.3636,0,0,0,0,0,0,1,1,0,5024,0,1,18736,55.61,0.2238,0.6386,3,0,0
23040,9,34404,485097472,3,559,5.2395,2.3729,6.0181,0.0,2.0216,0,77,3,0,1,0,0,5376,11776,49152,1024,71979,0.2396,2446.2222,2500.8889,0,0,0,0,0,0,0,1,0,0,0,1,0,41.03,0.2383,0.6217,2,0,0
30720,5,332,45778,3,783,5.4223,2.9451,5.8601,0.0,2.4607,0,51,3,0,1,0,0,4096,13824,49152,1024,44607,0.2812,5939.2,5715.2,0,0,0,0,0,0,0,0,0,0,0,0,0,56.4,0.2782,0.7229,1,0,0
17408,9,34404,0,3,559,5.01,2.3788,5.9071,0.0,2.0605,0,63,4,0,1,0,0,5376,8192,45056,1024,47635,0.1818,1820.4444,1876.0,0,0,0,0,0,0,0,1,0,0,0,1,0,56.4,0.1765,0.6386,2,0,0
162304,9,34404,176600,3,559,6.2001,2.9072,6.122,0.0,2.3961,0,255,5,0,1,0,0,5376,125440,192512,1024,216659,0.6516,17920.0,17988.0,0,0,0,0,0,0,0,1,0,0,0,1,0,56.4,0.6496,0.7008,2,0,0
61856,11,34404,38791200,2,39,6.0743,2.5683,5.9891,0.0,2.1537,0,147,10,0,2,0,0,5328,20480,77824,1024,64603,0.2632,3770.1818,3722.5455,0,0,0,0,0,0,1,1,0,5008,0,1,19360,55.18,0.2594,0.6178,3,0,0
53248,4,332,1244660645,2,271,4.3539,3.6068,5.9549,0.3604,2.1223,0,38,1,0,2,0,0,4101,16384,53248,4096,0,0.3077,12288.0,9731.5,0,0,0,0,0,0,1,0,0,12516,0,0,0,16.96,0.2581,0.7378,0,0,0
46688,11,34404,0,2,39,6.0322,2.4745,5.9431,0.0,2.1259,0,110,10,0,2,0,0,5328,10240,65536,1024,109021,0.1562,2560.0,2533.0909,0,0,0,0,0,0,1,1,0,5024,0,1,17504,56.4,0.1547,0.5911,3,0,0
38912,5,332,1436499169,2,258,6.2182,4.4203,6.4715,0.445,2.1825,0,128,21,5,2,0,0,29152,28160,53248,1024,69018,0.5288,7577.6,7448.8,1,1,0,0,0,1,1,0,1,2168,1,0,0,10.88,0.5199,1.2186,0,0,0
82944,5,332,1436499019,2,258,7.1357,4.2704,7.2798,0.1833,2.3332,1,28,8,0,0,0,0,5808,3584,98304,1024,83065,0.0365,16384.0,16278.8,1,1,0,0,0,1,1,0,1,75680,1,0,0,10.89,0.0336,1.0086,0,0,0
24576,5,332,37520,3,783,6.0777,3.0082,6.2503,0.0,2.5581,0,46,3,0,1,0,0,4096,17920,40960,1024,79877,0.4375,4710.4,4588.8,0,0,0,0,0,0,0,0,0,0,0,0,0,56.4,0.4318,0.686,1,0,0
42968,3,332,1343347392,3,258,6.4339,3.3388,5.332,0.0815,2.3224,0,1,1,0,0,0,0,31662,23552,49152,512,78068,0.4792,8874.6667,8672.0,1,1,0,0,0,1,1,0,1,2528,0,0,15832,13.84,0.4776,0.6692,0,0,0
1186161,8,332,1349772503,2,33167,6.3647,3.3529,6.4758,0.0,2.6091,0,520,24,0,4,0,0,1036292,1031680,1216512,1024,0,0.8481,145344.0,148246.5,0,0,0,0,0,0,1,1,0,103424,0,1,22385,13.63,0.8474,0.8187,1,0,0
31688,3,332,1343348563,2,258,6.6153,3.3827,5.4893,0.0776,2.3663,0,1,1,0,0,0,0,20030,12288,40960,512,67535,0.3,5120.0,4717.3333,1,1,0,0,0,1,1,0,1,2296,0,0,15816,13.84,0.2892,0.6281,0,0,0
39424,11,34404,2687016992,3,558,5.5441,2.7049,5.9758,0.0,2.0662,0,123,6,0,2,69,0,5376,20992,73728,1024,88426,0.2847,3490.9091,3450.0909,0,0,0,0,0,0,0,1,1,0,0,1,0,0.0,0.2792,0.6581,2,0,0
25016,5,332,1343345232,3,290,6.7503,3.4,5.695,0.3075,1.9134,0,45,2,0,2,0,0,5514,3072,24576,1024,25398,0.125,1638.4,1518.8,1,1,0,0,0,1,1,0,1,1440,1,0,15800,13.84,0.1222,1.0276,0,0,0
24576,9,34404,38408,3,559,5.2921,2.7336,5.9834,0.0,2.0267,0,67,3,0,1,0,0,5376,8192,49152,1024,45541,0.1667,2616.8889,2647.5556,0,0,0,0,0,0,0,1,0,0,0,1,0,56.4,0.1644,0.7034,2,0,0
33824,3,332,1343348683,2,258,6.5567,3.2159,5.7428,0.0815,2.3508,0,1,1,0,0,0,0,23102,15360,40960,512,80855,0.375,5973.3333,5592.0,1,1,0,0,0,1,1,0,1,1848,0,0,15392,13.84,0.3642,0.6323,0,0,0
538112,9,34404,552096,3,559,5.8716,2.9719,6.3337,0.0,2.3905,0,173,7,0,3,0,0,5376,231936,565248,1024,576427,0.4103,59676.4444,60170.6667,0,0,0,0,0,0,0,1,0,0,0,1,0,56.39,0.4095,0.7699,2,0,0
57344,5,332,70402,3,783,6.3705,3.2032,6.3101,0.0,2.7047,0,60,3,0,1,0,0,4096,41984,73728,1024,61960,0.5694,11264.0,11056.0,0,0,0,0,0,0,0,0,0,0,0,0,0,56.4,0.5646,0.6925,1,0,0
308736,5,332,324992,3,783,6.4895,3.3073,6.3787,0.0,2.7545,0,149,5,0,1,0,0,4096,258560,327680,1024,321079,0.7891,61542.4,62660.0,0,0,0,0,0,0,0,0,0,0,0,0,0,56.39,0.7882,0.7287,1,0,0
20992,10,34404,19,3,559,4.929,2.473,5.8621,0.0,1.9679,0,71,4,0,1,0,0,5376,8704,53248,1024,60194,0.1635,1996.8,2011.2,0,0,0,0,0,0,1,1,0,1504,0,1,0,56.4,0.1569,0.6698,2,0,0
34992,5,332,1500011821,2,258,6.2122,4.4309,6.0901,2.1071,1.2923,0,118,11,0,2,0,0,14756,12800,40960,1024,41419,0.3125,5222.4,5666.6,1,1,0,0,0,1,1,0,1,1664,1,0,7856,8.87,0.3033,2.2772,0,0,0
198072,3,332,1343334454,3,258,6.1343,3.291,5.9851,0.1019,2.4272,0,1,1,0,0,0,0,187870,179712,204800,512,209954,0.8775,60586.6667,60365.3333,1,1,0,0,0,1,1,0,1,1400,0,0,15800,13.84,0.8774,0.6449,0,0,0
57344,4,332,1484792435,3,258,5.841,4.5798,6.4853,2.2742,1.515,0,64,2,0,2,0,0,4813,29696,77824,1024,0,0.3816,14080.0,15773.0,1,1,0,0,0,0,0,0,1,0,0,0,0,9.35,0.3771,1.5188,0,0,0
96992,11,34404,10754080,2,39,6.029,2.7014,5.9488,0.0,2.265,0,287,15,0,2,0,0,5328,37376,110592,1024,141965,0.338,6376.7273,6432.3636,0,0,0,0,0,0,1,1,0,5000,0,1,25824,56.06,0.3343,0.6247,3,0,0
142848,9,34404,0,3,559,6.1812,2.935,6.2457,0.0,2.3393,0,315,13,0,2,0,0,5376,98816,176128,1024,175051,0.561,15758.2222,16083.1111,1,1,0,0,0,0,0,1,0,0,0,1,0,56.4,0.5593,0.7123,2,0,0
16384,6,332,1482201860,3,258,5.5723,3.7544,6.2396,0.3936,2.0142,0,63,8,0,1,0,0,8955,8192,36864,1024,0,0.2222,2560.0,2361.1667,1,1,0,0,0,1,1,0,1,480,0,0,0,9.44,0.211,0.9394,1,0,0
60928,9,34404,80420,3,559,6.0183,2.7509,6.1656,0.0,2.249,0,131,3,0,1,0,0,5376,36352,94208,1024,77983,0.3859,6656.0,7107.5556,0,0,0,0,0,0,0,1,0,0,0,1,0,56.4,0.3847,0.7016,2,0,0
64512,5,332,406376,3,783,6.391,3.2288,6.4014,0.0,2.7123,0,71,2,0,1,0,0,4096,52224,409600,1024,124042,0.1275,12697.6,78424.8,0,0,0,0,0,0,0,0,0,0,0,0,0,56.39,0.1273,0.7007,1,0,0
55720,7,34404,1399494020,3,34,4.7536,2.8584,4.3294,0.7887,1.0909,0,87,5,0,2,0,0,13648,24576,69632,1024,98683,0.3529,6875.4286,6936.1429,1,1,0,0,0,1,1,0,1,2196,0,0,6568,12.06,0.3489,1.336,0,0,0
72344,3,332,1430981103,3,270,4.9906,2.4479,5.2401,0.0131,2.1488,0,1,1,0,0,0,0,57358,53248,81920,4096,120583,0.65,20480.0,16936.0,1,1,0,0,0,1,1,0,1,1624,0,0,6808,11.06,0.6002,0.441,0,0,0
595544,3,332,1328929736,2,258,6.5019,3.7252,6.4693,0.1019,2.6728,0,1,1,0,0,0,0,581966,573952,606208,512,644754,0.9468,193194.6667,192888.0,1,1,0,0,0,1,1,0,1,4872,0,0,15448,14.29,0.9465,0.6582,0,0,0
1309784,5,34404,1328933630,3,34,6.0665,4.2121,6.042,1.4131,1.7682,0,354,20,81,2,0,0,261408,400384,1310720,1024,1363905,0.3055,258662.4,258802.8,1,1,0,0,0,1,1,0,1,877424,0,0,15448,14.29,0.3052,1.1142,0,0,0
23528,3,332,1343344613,3,258,6.8842,3.13,5.6939,0.0815,2.3167,0,1,1,0,0,0,0,12638,4608,32768,512,54350,0.1406,2389.3333,2040.0,1,1,0,0,0,1,1,0,1,1656,1,0,15848,13.84,0.1359,0.5994,0,0,0
60928,8,332,1161577463,3,782,6.3821,3.1067,6.5617,0.0,2.6334,0,76,3,0,2,2,0,4096,40960,98304,1536,0,0.4167,7424.0,11776.0,0,0,0,0,0,0,1,1,1,512,0,1,0,19.6,0.4167,4.8432,0,0,0
634728,6,34404,1394855129,2,34,6.1027,5.1395,6.142,3.8121,0.8252,0,795,13,503,2,0,0,183336,190976,643072,1024,636065,0.297,104533.3333,105202.6667,1,1,0,0,0,1,1,0,1,290624,0,0,6504,12.2,0.2967,1.123,0,0,0
95744,5,332,107164,3,783,6.4362,3.215,6.369,0.0,2.6994,0,46,3,0,1,0,0,4096,85504,110592,1024,141924,0.7731,18944.0,18816.0,0,0,0,0,0,0,0,0,0,0,0,0,0,56.4,0.7687,0.7169,1,0,0
14848,5,332,29248,3,783,5.7197,2.8475,6.1277,0.0,2.4787,0,36,3,0,1,0,0,4096,9216,32768,1024,57882,0.2812,2764.8,2597.6,0,0,0,0,0,0,0,0,0,0,0,0,0,56.4,0.2791,0.6504,1,0,0
97368,3,332,1328932353,3,258,5.4332,2.6937,5.3521,0.0164,2.1783,0,1,1,0,0,0,0,75326,69632,98304,4096,154330,0.7083,25941.3333,23090.6667,1,1,0,0,0,1,1,0,1,2120,0,0,15448,14.29,0.683,0.4949,0,0,0
221184,6,34404,1484588731,3,34,6.1545,4.5749,5.9983,1.7426,1.4843,0,461,7,22,1,0,0,168744,167424,237568,1024,256907,0.7047,36693.3333,36818.6667,1,1,0,0,0,0,1,0,1,964,0,0,0,9.36,0.7035,1.4481,0,0,0
218560,5,332,1487835008,2,258,6.6421,4.905,6.583,2.1307,1.6681,0,107,3,0,3,0,0,7281,33280,225280,1024,272167,0.1477,40550.4,41731.6,1,1,0,0,0,1,1,0,1,149792,1,0,14784,9.26,0.1468,1.2516,0,0,0
94720,9,34404,0,3,559,6.2858,3.2649,6.2954,0.0,2.2934,0,75,2,0,1,0,0,5376,70144,126976,1024,116085,0.5524,10410.6667,10932.0,0,0,0,0,0,0,0,1,0,0,0,1,0,56.4,0.5498,0.7546,2,0,0
131584,5,332,4194304,3,783,6.4368,3.214,6.3707,0.0,2.7143,0,85,10,0,1,0,0,4096,95232,155648,1024,166888,0.6118,26112.0,28076.0,0,0,0,0,1,0,0,0,0,0,0,0,0,56.27,0.61,0.7079,1,0,0
48584,11,34404,0,2,39,6.0048,2.4944,5.8329,0.0,2.114,0,115,11,0,2,0,0,5328,11264,65536,1024,72732,0.1719,2699.6364,2637.8182,0,0,0,0,0,0,1,1,0,5024,0,1,17864,56.4,0.1644,0.5975,3,0,0
329048,6,34404,1394855109,2,34,4.9487,4.2566,6.0285,3.3907,0.8693,0,311,11,124,2,0,0,28540,28672,335872,1024,388696,0.0854,53589.3333,53646.0,1,0,0,0,0,1,1,0,1,263436,0,0,6488,12.2,0.0844,1.1244,0,0,0
59208,3,332,1217328827,3,270,5.0239,2.4598,5.4427,0.0098,2.2498,0,1,1,0,0,0,0,48382,40960,65536,4096,110408,0.625,16384.0,13928.0,1,1,0,0,0,1,1,0,1,1576,0,0,5960,17.83,0.6133,0.4563,0,0,0
121856,9,34404,145624,3,559,6.2128,2.9897,6.2593,0.0,2.276,0,105,3,0,2,0,0,5376,88576,155648,1024,163400,0.5691,13425.7778,14772.0,0,0,0,0,0,0,0,1,0,0,0,1,0,56.4,0.569,0.7635,2,0,0
49152,5,332,1436498731,3,258,5.6818,4.1414,5.9876,0.1833,2.0932,0,89,22,0,0,0,0,36992,35328,61440,1024,96690,0.575,9625.6,9568.4,1,1,0,0,0,1,1,0,1,4736,0,0,0,10.89,0.5701,1.3808,0,0,0
56320,6,34404,1436498146,2,34,5.7806,3.4307,6.1917,0.4154,1.8472,0,88,6,4,0,0,0,32768,31232,73728,1024,98834,0.4236,9216.0,9217.6667,1,1,0,0,0,1,1,0,1,1712,0,0,0,10.89,0.421,1.2122,0,0,0
248320,9,34404,0,3,559,6.2792,3.0173,6.2312,0.0,2.4275,0,194,10,0,2,0,0,5376,172032,274432,1024,257798,0.6269,27477.3333,27629.3333,0,0,0,0,0,0,0,1,0,0,0,1,0,56.4,0.6252,0.7186,2,0,0
23040,5,332,1482234860,3,258,5.5699,4.147,5.8732,0.3442,2.0827,0,124,5,0,1,1,0,10141,7680,32768,1024,0,0.2344,4403.2,4299.2,1,1,0,0,0,1,1,0,1,3696,0,0,0,9.44,0.2291,1.1495,0,0,0
51712,9,34404,0,3,559,5.8904,2.5848,6.2025,0.0,2.1631,0,93,3,0,1,0,0,5376,36352,81920,1024,72485,0.4437,5632.0,5979.5556,0,0,0,0,0,0,0,1,0,0,0,1,0,56.4,0.4387,0.6413,2,0,0
64072,11,34404,17700896,2,39,6.1461,2.6683,6.0485,0.0,2.232,0,151,11,0,2,0,0,5328,22016,81920,1024,83700,0.2687,3956.3636,4031.2727,0,0,0,0,0,0,1,1,0,5000,0,1,19528,55.84,0.2683,0.6464,3,0,0
1789984,5,34404,1469602354,2,35,5.6452,5.1526,6.3163,3.6416,0.9321,0,387,14,12,4,0,2,285184,404992,1798144,1024,1807667,0.2252,352460.8,357234.2,0,0,0,0,0,0,1,0,0,1180604,0,0,26656,9.84,0.225,1.345,0,0,0
62976,9,34404,0,3,559,5.9054,2.7225,6.1344,0.0,2.1937,0,215,4,0,1,0,0,5376,35840,143360,1024,76791,0.25,6883.5556,12542.2222,0,0,0,0,0,0,0,1,0,0,0,1,0,56.4,0.2499,0.7081,2,0,0
632320,4,332,1330267348,2,259,6.4591,5.2351,6.5823,3.6456,1.0879,0,176,5,28,3,0,0,415654,521728,651264,1024,680958,0.8011,157824.0,160517.5,0,0,0,0,0,1,1,0,0,6380,0,0,0,14.25,0.8009,1.3231,0,0,0
445440,4,332,1475050117,3,258,6.6314,6.3753,7.2138,5.1901,0.7523,1,1220,5,1116,1,1,0,310409,307712,458752,1024,0,0.6708,111104.0,112261.0,1,1,0,0,0,1,0,0,1,0,0,0,0,9.66,0.6702,1.1331,0,0,0
2162024,4,332,1268153584,2,258,5.0826,3.9012,5.695,0.1741,2.1828,0,47,3,0,3,1,0,4296,4608,2170880,1024,2163997,0.0021,538752.0,538649.25,1,0,0,0,0,1,1,0,1,2149152,0,0,5992,16.22,0.0019,1.0749,0,0,0
65336,11,34404,0,2,39,6.5932,2.6661,6.885,0.0,2.4178,0,114,10,0,2,0,0,5328,11776,81920,1024,97314,0.1437,4235.6364,4190.1818,0,0,0,0,0,0,1,1,0,5016,0,1,17720,56.4,0.1425,0.5916,3,0,0
207360,9,34404,0,3,559,6.335,3.2144,6.2973,0.0,2.3412,0,295,6,0,2,0,0,5376,137216,253952,1024,216283,0.5403,22926.2222,24485.7778,0,0,0,0,0,0,0,1,0,0,0,1,0,56.4,0.5402,0.7685,2,0,0
60416,5,332,86782,3,783,6.3633,3.1758,6.2742,0.0,2.6502,0,58,2,0,1,0,0,4096,45568,90112,1024,87255,0.5057,11878.4,14175.2,0,0,0,0,0,0,0,0,0,0,0,0,0,56.4,0.5051,0.7284,1,0,0
175616,6,34404,1484675751,3,34,5.7994,4.5723,6.0374,2.627,1.064,0,242,4,0,1,0,0,83016,103424,323584,1024,187378,0.3196,29098.6667,51051.3333,1,1,0,0,0,0,1,0,1,964,0,0,0,9.36,0.3184,22.5376,0,0,0
37888,6,332,1436498952,3,258,5.6787,3.7666,6.5623,0.0612,2.6258,0,80,19,0,0,0,1,15440,13312,57344,1024,51987,0.2321,6144.0,5986.3333,1,1,0,0,0,1,1,0,1,17480,1,0,0,10.89,0.2306,0.9427,1,0,0
53448,2,332,1504844045,2,8450,7.1564,3.9356,6.8597,1.0116,2.924,0,0,0,0,0,0,0,0,0,45056,512,88346,0.0,18432.0,18000.0,1,1,0,0,0,1,1,0,0,35888,0,0,16072,8.72,0.0,0.603,0,0,0
44880,11,34404,0,2,39,6.0774,2.4341,5.9923,0.0,2.1337,0,90,6,0,2,0,0,5328,10752,61440,1024,72169,0.175,2513.4545,2455.2727,0,0,0,0,0,0,1,1,0,5000,0,1,16208,56.4,0.171,0.5785,3,0,0
23552,9,34404,1919968886,3,559,5.1669,2.3425,5.9118,0.0,1.9884,0,72,4,0,1,0,0,5376,12288,49152,1024,64474,0.25,2503.1111,2500.8889,0,0,0,0,0,0,0,1,0,0,0,1,0,0.0,0.2415,0.6117,2,0,0
24064,5,332,37520,3,783,6.0571,2.9995,6.2344,0.0,2.5487,0,46,3,0,1,0,0,4096,16896,40960,1024,38203,0.4125,4608.0,4468.0,0,0,0,0,0,0,0,0,0,0,0,0,0,56.4,0.4084,0.6901,1,0,0
28672,5,332,41692,3,783,6.1585,3.1195,6.2257,0.0,2.6112,0,56,3,0,1,0,0,4096,20480,45056,1024,34569,0.4545,5529.6,5396.0,0,0,0,0,0,0,0,0,0,0,0,0,0,56.4,0.4487,0.7268,1,0,0
53912,11,34404,34183200,2,39,6.0852,2.5803,6.0051,0.0,2.173,0,133,10,0,2,0,0,5328,14848,69632,1024,102795,0.2132,3118.5455,3240.3636,0,0,0,0,0,0,1,1,0,5008,0,1,18584,55.32,0.2113,0.6253,3,0,0
62272,11,34404,17635360,2,39,6.0908,2.6508,5.9679,0.0,2.2146,0,159,10,0,2,0,0,5328,19968,77824,1024,85891,0.2566,3770.1818,3777.0909,0,0,0,0,0,0,1,1,0,5016,0,1,19776,55.85,0.2552,0.6303,3,0,0
46080,9,34404,0,3,559,5.7566,2.7581,5.9678,0.0,2.1478,0,164,4,0,1,0,0,5376,26112,73728,1024,87730,0.3542,5006.2222,5094.2222,0,0,0,0,0,0,0,1,0,0,0,1,0,56.4,0.3524,0.7408,2,0,0
569032,6,332,1504845702,2,258,6.5742,4.6134,6.7851,2.8205,1.6279,0,223,18,2,3,0,140,475115,475136,708608,1024,586227,0.6705,91989.3333,115335.6667,1,1,0,0,0,1,1,0,1,34476,0,0,16072,8.72,0.6705,12.4442,1,0,0
50072,11,34404,20592656,2,39,5.9882,2.4523,5.9174,0.0,2.1328,0,127,10,0,2,0,0,5328,11264,65536,1024,109524,0.1719,2792.7273,2754.5455,0,0,0,0,0,0,1,1,0,4984,0,1,18328,55.75,0.1715,0.5853,3,0,0
371200,5,34404,1484850982,3,35,5.9304,5.1842,5.9447,4.5001,0.5175,0,218,8,0,0,3,0,199108,216576,385024,1024,371713,0.5625,74035.2,73875.0,0,1,0,0,0,1,1,0,0,436,0,0,0,9.35,0.5617,0.97,0,0,0
55456,11,34404,39032864,2,39,6.0794,2.5246,5.9936,0.0,2.1542,0,131,11,0,2,0,0,5328,16384,69632,1024,77515,0.2353,3258.1818,3225.4545,0,0,0,0,0,0,1,1,0,4992,0,1,18592,55.17,0.232,0.6034,3,0,0
48216,3,332,1328930420,2,258,6.3953,3.3042,5.8193,0.0815,2.3952,0,1,1,0,0,0,0,37566,29696,57344,512,82426,0.5179,10752.0,10464.0,1,1,0,0,0,1,1,0,1,2000,0,0,15448,14.29,0.5123,0.6631,0,0,0
36952,3,332,1328930422,2,258,6.5886,3.4032,5.8419,0.0815,2.4331,0,1,1,0,0,0,0,26254,18432,49152,512,44984,0.375,6997.3333,6709.3333,1,1,0,0,0,1,1,0,1,2048,0,0,15448,14.29,0.3676,0.6679,0,0,0
36352,8,332,1363093314,3,783,6.1363,2.6141,6.2977,0.0,2.506,0,51,3,0,2,0,0,5344,6656,61440,1024,43432,0.1083,4416.0,4187.0,0,0,0,0,0,0,1,1,0,23860,0,1,0,13.21,0.1024,0.5119,1,0,0
196096,4,332,1233230229,2,259,6.7337,5.103,6.8094,2.4484,1.7683,0,163,7,0,3,0,0,47086,144896,221184,1024,233724,0.6551,48768.0,51808.75,0,0,0,0,0,1,1,0,0,5104,0,0,0,17.33,0.6538,1.699,0,0,0
54784,7,34404,1436498466,2,34,5.3682,2.8186,6.0639,0.1513,2.2945,0,110,23,1,0,0,2,14736,13312,77824,1024,69746,0.1711,7680.0,7528.5714,1,1,0,0,0,1,1,0,1,28400,0,0,0,10.89,0.1653,1.0296,1,0,0
20480,5,332,33394,3,783,5.9736,2.983,6.1512,0.0,2.5431,0,42,3,0,1,0,0,4096,14336,36864,1024,39913,0.3889,3891.2,3741.6,0,0,0,0,0,0,0,0,0,0,0,0,0,56.4,0.3796,0.6848,1,0,0
57432,4,332,944228448,3,775,5.8793,4.145,6.3633,2.0945,1.6491,0,71,3,11,2,0,0,6112,30208,69632,1024,83096,0.4338,12544.0,13445.0,0,0,0,0,0,1,1,0,0,5952,0,0,6232,26.48,0.4267,1.1065,0,0,0
97280,11,34404,35362848,2,39,6.1998,2.8298,6.0499,0.0,2.205,0,205,13,0,2,0,0,5328,48128,434176,1024,118411,0.1108,6749.0909,35923.2727,0,0,0,0,0,0,1,1,0,5024,0,1,22016,55.28,0.1098,0.6898,3,0,0
521616,4,332,1267348397,2,258,7.1966,6.2336,7.6415,4.1589,1.2775,1,276,9,0,4,1,15,287491,299008,548864,1024,576479,0.5448,128640.0,135433.75,1,1,0,0,0,1,1,0,1,3324,0,0,6032,16.25,0.5441,1.0114,0,0,0
71768,4,332,1328931506,2,290,6.4731,4.1531,6.1955,1.9896,1.5115,0,172,10,28,2,4,0,22013,44544,73728,1024,107897,0.6042,13824.0,15106.0,1,1,0,0,0,1,1,0,1,5540,0,0,15448,14.29,0.5988,3.927,0,0,0
146432,9,34404,160116,3,559,5.6995,2.9153,5.6074,0.0,2.1968,0,250,3,0,1,0,0,5376,113152,176128,1024,195909,0.6424,16156.4444,16613.3333,0,0,0,0,0,0,0,1,0,0,0,1,0,56.4,0.6422,0.7671,2,0,0
323584,9,34404,347504,3,559,6.2471,3.1384,6.2743,0.0,2.3468,0,186,7,0,2,0,0,5376,244224,360448,1024,370622,0.6776,35840.0,36731.1111,0,0,0,0,0,0,0,1,0,0,0,1,0,56.39,0.6764,0.7815,2,0,0
30720,9,34404,805392901,3,559,5.5372,2.5105,6.0598,0.0,2.0956,0,96,3,0,1,0,0,5376,16896,61440,1024,40311,0.275,3299.5556,3339.1111,0,0,0,0,0,0,0,1,0,0,0,1,0,30.88,0.2742,0.645,2,0,0
58880,5,332,1436498701,3,258,6.2366,4.5929,6.2556,1.9624,1.591,0,122,12,1,0,0,0,47152,48128,69632,1024,60998,0.6912,11571.2,11429.6,1,1,0,0,0,1,1,0,1,2104,1,0,0,10.89,0.6878,1.2483,0,0,0
173256,7,332,1504845363,2,258,5.492,4.0175,6.4207,0.0204,2.11,0,145,16,8,3,0,67,29861,32768,176128,1024,231996,0.186,22308.5714,22269.0,1,1,0,0,0,1,1,1,1,100388,0,1,16072,8.72,0.1832,0.904,1,0,0
333240,3,332,1343349791,2,258,7.0399,4.7265,7.145,0.1019,3.2712,1,1,1,0,0,0,0,256798,248832,344064,512,382126,0.7232,105642.6667,105333.3333,1,1,0,0,0,1,1,0,1,67376,0,0,15800,13.84,0.7226,0.6732,0,0,0
372224,6,34404,1468542851,3,34,6.4574,5.0043,6.3294,2.5766,1.1685,0,76,2,0,1,0,0,227120,224768,397312,1024,433113,0.5657,61866.6667,62588.5,1,1,0,0,0,0,1,0,1,688,0,0,0,9.87,0.5649,0.9684,0,0,0
252656,5,332,1503984600,2,258,6.5421,4.9234,6.6127,2.6731,1.5037,0,118,3,0,2,0,17,101648,178176,266240,1024,253674,0.6692,49049.6,50570.2,1,1,0,0,0,1,1,0,1,816,0,0,6384,8.75,0.6687,1.1877,0,0,0
145920,9,34404,160052,3,559,5.6885,2.9165,5.5827,0.0,2.183,0,246,3,0,1,0,0,5376,113152,176128,1024,179253,0.6424,16099.5556,16388.4444,0,0,0,0,0,0,0,1,0,0,0,1,0,56.4,0.6402,0.7622,2,0,0
81920,6,34404,1484588930,3,34,5.7763,4.4857,6.1958,3.0568,1.0572,0,121,4,0,0,0,0,46852,44544,98304,1024,119201,0.4531,13482.6667,13337.8333,1,1,0,0,0,0,1,0,1,964,0,0,0,9.36,0.4489,0.9354,0,0,0
113752,3,332,1328929635,3,258,5.5842,2.8486,5.6409,0.0164,2.2964,0,1,1,0,0,0,0,88606,81920,106496,4096,145644,0.7692,31402.6667,28418.6667,1,1,0,0,0,1,1,0,1,4824,0,0,15448,14.29,0.7551,0.5245,0,0,0
108544,10,34404,19,3,559,5.9734,2.853,6.2057,0.0,2.1416,0,113,5,0,2,0,0,5376,69632,143360,1024,168207,0.4857,10752.0,11495.2,0,0,0,0,0,0,1,1,0,1504,0,1,0,56.4,0.4831,0.7589,2,0,0
34304,6,332,1436499221,3,258,5.8057,3.5854,6.2997,0.0573,2.4293,0,98,22,4,1,0,1,23888,22016,49152,1024,60937,0.4479,5546.6667,5437.6667,1,1,0,0,0,1,1,0,1,2096,1,0,0,10.88,0.4394,0.8432,1,0,0
78872,2,34404,1215639119,2,302,5.6961,4.9522,5.6615,4.243,0.7092,0,0,0,0,0,0,0,0,57344,73728,4096,116365,0.7778,32768.0,30873.5,0,0,0,0,0,1,1,0,0,7672,0,0,9240,17.88,0.7334,0.9398,0,0,0
597392,8,34404,1471202119,3,34,6.403,3.9842,6.5122,0.0204,1.9986,0,161,4,0,2,0,0,354968,436736,720896,1024,620169,0.6058,72512.0,87335.375,1,1,0,0,0,1,1,1,1,31424,0,1,16272,9.79,0.6056,3.0471,1,0,0
762368,8,332,2693216475,2,33166,6.4383,4.2754,6.7566,0.0,2.4798,0,292,11,0,3,55,0,4096,454656,806912,1024,0,0.5635,95104.0,100352.0,0,0,0,0,0,0,1,1,1,200704,0,1,0,0.0,0.5635,3.0198,0,0,0
90624,5,332,103166,3,783,6.4173,3.1266,6.3726,0.0,2.6519,0,58,3,0,1,0,0,4096,78848,106496,1024,122185,0.7404,17920.0,17736.0,0,0,0,0,0,0,0,0,0,0,0,0,0,56.4,0.7363,0.6862,1,0,0
22000,3,332,1343348682,3,258,6.783,2.9404,5.0286,0.0776,2.0941,0,1,1,0,0,0,0,11294,3584,32768,512,25275,0.1094,2048.0,1629.3333,1,1,0,0,0,1,1,0,1,1768,1,0,15344,13.84,0.0948,0.5846,0,0,0
37376,6,34404,1436498079,3,34,5.7261,3.7966,6.1994,2.0685,1.3643,0,102,21,0,0,0,0,23936,22016,57344,1024,91388,0.3839,6058.6667,6107.6667,1,1,0,0,0,1,1,0,1,1976,1,0,0,10.89,0.3817,0.9758,0,0,0
158488,5,34404,1484856387,2,35,6.1799,4.8627,6.2517,3.7531,0.9824,0,64,6,0,0,3,0,29956,30208,167936,1024,186174,0.1799,30822.4,30658.0,0,1,0,0,0,1,1,0,0,99280,1,0,3352,9.35,0.1788,0.9721,0,0,0
55664,11,34404,39778320,2,39,6.1045,2.5972,6.0308,0.0,2.2055,0,138,10,0,2,0,0,5328,16384,81920,1024,67219,0.2,3258.1818,4274.1818,0,0,0,0,0,0,1,1,0,4984,0,1,18800,55.14,0.1972,0.6147,3,0,0
53760,6,332,1436499034,2,258,6.0596,4.0298,6.3717,0.1833,2.4791,0,112,30,0,1,0,24,17920,18432,73728,1024,89420,0.25,8789.3333,8660.6667,1,0,0,0,0,1,1,0,1,26464,1,0,0,10.89,0.2458,1.0062,1,0,0
56008,11,34404,31942688,2,39,6.0164,2.5563,5.7252,0.0,2.1552,0,156,10,0,2,0,0,5328,15360,69632,1024,59859,0.2206,3211.6364,3202.9091,0,0,0,0,0,0,1,1,0,5024,0,1,19656,55.39,0.2134,0.613,3,0,0
137504,7,34404,1499372440,3,34,6.2764,4.2634,6.437,1.4675,1.6356,0,74,1,0,2,0,0,7716,77312,151552,1024,153137,0.5101,18505.1429,18890.5714,1,1,0,0,0,1,1,0,1,920,0,0,6944,8.89,0.5093,1.103,1,0,0
42504,11,34404,0,2,39,6.1121,2.4797,6.0155,0.0,2.1527,0,82,6,0,2,0,0,5328,9216,61440,1024,52864,0.15,2327.2727,2314.1818,0,0,0,0,0,0,1,1,0,5016,0,1,15880,56.4,0.1488,0.5895,3,0,0
176640,6,34404,1484588584,3,34,5.8074,3.6689,6.2338,0.7074,2.1026,0,198,4,0,1,0,0,124276,121856,196608,1024,200425,0.6198,29269.3333,29226.0,1,1,0,0,0,0,1,0,1,964,0,0,0,9.36,0.6173,1.248,0,0,0
45776,11,34404,0,2,39,5.9993,2.4334,5.9588,0.0,2.1196,0,101,10,0,2,0,0,5328,9728,65536,1024,77586,0.1484,2513.4545,2449.8182,0,0,0,0,0,0,1,1,0,4992,0,1,17104,56.4,0.1478,0.5809,3,0,0
150016,9,34404,0,3,559,5.6901,2.8997,5.6038,0.0,2.2205,0,245,4,0,1,0,0,5376,117760,217088,1024,180203,0.5425,16554.6667,21083.5556,0,0,0,0,0,0,0,1,0,0,0,1,0,56.4,0.5405,0.7393,2,0,0
57456,11,34404,23234592,2,39,6.1749,2.6329,6.0933,0.0,2.19,0,121,10,0,2,0,0,5328,18944,77824,1024,113159,0.2434,3490.9091,3508.7273,0,0,0,0,0,0,1,1,0,5032,0,1,18032,55.67,0.2413,0.6331,3,0,0
41472,9,34404,155,3,559,5.6864,2.5842,6.0372,0.0,2.1712,0,84,3,0,1,0,0,5376,23552,69632,1024,42679,0.3382,4494.2222,4551.5556,0,0,0,0,0,0,0,1,0,0,0,1,0,56.4,0.3341,0.6772,2,0,0
100864,6,332,1482201872,3,258,6.4972,4.1803,6.6059,0.4139,2.3307,0,141,14,0,1,0,0,77060,78336,118784,1024,0,0.6595,16640.0,16573.6667,1,1,0,0,0,1,1,0,1,480,0,0,0,9.44,0.6588,0.918,1,0,0
52736,5,332,66326,3,783,6.32,3.104,6.2969,0.0,2.6318,0,60,3,0,1,0,0,4096,40448,69632,1024,90839,0.5809,10342.4,10436.8,0,0,0,0,0,0,0,0,0,0,0,0,0,56.4,0.5739,0.6964,1,0,0
33936,3,332,1430975989,2,259,6.4805,3.8008,6.1912,0.7702,2.2589,0,91,6,0,2,0,0,19844,23040,36864,1024,54824,0.625,8704.0,8674.0,1,0,0,0,0,1,1,0,0,2152,1,0,6800,11.06,0.619,1.2952,0,0,0
65536,3,332,1368109313,2,259,6.391,4.7201,6.6181,2.2513,1.8279,0,79,1,0,3,0,0,9747,51712,81920,1024,0,0.6312,21504.0,23731.0,0,0,0,0,0,0,0,0,0,0,0,0,0,13.05,0.631,1.5627,0,0,0
25080,3,332,1343348561,3,258,6.8236,3.283,5.6696,0.0815,2.3529,0,1,1,0,0,0,0,13422,5632,32768,512,27528,0.1719,2901.3333,2458.6667,1,1,0,0,0,1,1,0,1,2128,1,0,15864,13.84,0.1598,0.5948,0,0,0
54936,11,34404,131104,2,39,6.1537,2.6732,6.0756,0.0,2.1286,0,119,11,0,2,0,0,5328,16896,73728,1024,84707,0.2292,3258.1818,3296.3636,0,0,0,0,0,0,1,1,0,5024,0,1,18072,56.4,0.2271,0.6639,3,0,0
73736,11,34404,9771040,2,39,5.979,2.5602,5.9117,0.0,2.1778,0,225,12,0,2,0,0,5328,23040,86016,1024,75875,0.2679,4561.4545,4631.2727,0,0,0,0,0,0,1,1,0,5000,0,1,22536,56.1,0.2622,0.6118,3,0,0
61952,7,332,1482201996,3,258,6.3205,3.5843,6.4148,0.0204,2.5088,0,137,11,0,2,0,0,42643,44032,81920,1024,0,0.5375,8704.0,8554.1429,1,1,0,0,0,1,1,1,1,480,0,1,0,9.44,0.5364,0.9037,1,0,0
119296,6,34404,1484588935,3,34,6.1793,4.1879,6.024,1.5441,1.8163,0,340,7,0,0,0,0,87200,84992,135168,1024,170074,0.6288,19712.0,19633.3333,1,1,0,0,0,0,1,0,1,964,0,0,0,9.36,0.6285,0.9032,0,0,0
17408,9,34404,0,3,559,4.7433,2.1354,5.9045,0.0,1.9279,0,59,4,0,1,0,0,5376,7680,45056,1024,49836,0.1705,1820.4444,1784.0,0,0,0,0,0,0,0,1,0,0,0,1,0,56.4,0.166,0.5612,2,0,0
388608,10,34404,0,3,559,6.3376,3.3069,6.1633,0.0,2.4213,0,222,4,0,1,0,0,5376,175616,417792,1024,444381,0.4203,38758.4,38985.6,0,0,0,0,0,0,1,1,0,23896,0,1,0,56.4,0.4202,0.7998,2,0,0
419688,2,34404,1238349745,2,302,5.9411,4.8433,6.0218,3.6648,1.1785,0,0,0,0,0,0,0,0,393216,417792,4096,453324,0.9412,204800.0,201916.0,0,0,0,0,0,1,1,0,0,12584,0,0,5992,17.16,0.9365,0.8815,0,0,0
51584,11,34404,11069472,2,39,6.0495,2.5002,5.9602,0.0,2.1307,0,115,10,0,2,0,0,5328,13824,69632,1024,106110,0.1985,2978.9091,2931.2727,0,0,0,0,0,0,1,1,0,4992,0,1,17792,56.05,0.1952,0.5991,3,0,0
82944,5,332,1436499018,2,258,7.1301,4.2752,7.2741,0.1833,2.3319,1,28,8,0,0,0,0,5824,3584,98304,1024,88026,0.0365,16384.0,16256.4,1,1,0,0,0,1,1,0,1,75552,1,0,0,10.89,0.0337,1.0092,0,0,0
25032,5,332,1343345232,3,290,6.7519,3.4061,5.7226,0.3075,1.9157,0,45,2,0,2,0,0,5530,3072,24576,1024,34273,0.125,1638.4,1526.0,1,1,0,0,0,1,1,0,1,1460,1,0,15816,13.84,0.1229,1.0312,0,0,0
58320,11,34404,19675168,2,39,5.9935,2.5876,5.837,0.0,2.1251,0,167,11,0,2,0,0,5328,14848,73728,1024,73872,0.2014,3351.2727,3349.4545,0,0,0,0,0,0,1,1,0,5008,0,1,20432,55.78,0.1998,0.6377,3,0,0
77784,3,332,1343347307,3,258,6.0964,3.098,5.6308,0.0815,2.2912,0,1,1,0,0,0,0,67006,58880,90112,512,99020,0.6534,20480.0,20157.3333,1,1,0,0,0,1,1,0,1,1640,0,0,15832,13.84,0.6527,0.6077,0,0,0
1046016,7,332,1482202162,2,258,6.6872,4.2626,6.6827,0.0204,2.6931,0,444,16,0,2,0,0,179760,176640,1073152,1024,0,0.1646,149284.5714,150200.2857,1,1,0,0,0,1,1,1,1,288592,0,1,0,9.44,0.1643,1.2981,1,0,0
886768,5,332,1501530050,2,290,6.5469,5.7524,6.57,4.8426,0.7418,0,282,15,9,2,0,38,381454,636928,897024,1024,924962,0.71,175616.0,176738.0,1,1,0,0,0,1,1,0,1,6440,0,0,7664,8.82,0.7097,1.0407,0,0,0
112128,5,332,332384,3,783,5.7448,2.8838,6.4191,0.0,2.5252,0,38,2,0,1,0,0,4096,57856,335872,1024,171835,0.1723,22220.8,63516.0,0,0,0,0,0,0,0,0,0,0,0,0,0,56.39,0.1709,0.6666,1,0,0
407040,6,34404,1484591815,3,34,6.2798,4.7214,6.1489,2.5934,1.3697,0,446,5,0,1,0,0,330096,329216,425984,1024,454766,0.7728,67669.3333,68056.3333,1,1,0,0,0,0,1,0,1,964,0,0,0,9.36,0.772,1.2618,0,0,0
82944,6,34404,1436498073,3,34,5.8705,3.4771,6.1051,0.6612,1.9698,0,156,21,11,1,0,0,58672,59392,102400,1024,136544,0.58,13653.3333,13643.6667,1,1,0,0,0,1,1,0,1,2080,1,0,0,10.89,0.5794,1.2644,0,0,0
67496,6,34404,1399494824,2,34,6.195,4.5465,6.1091,2.702,1.0219,0,138,5,5,2,0,15,33852,34304,81920,1024,82707,0.4188,9984.0,10628.6667,1,1,0,0,0,1,1,0,1,2032,0,0,6568,12.06,0.4168,1.1031,0,0,0
68696,3,332,1328929884,3,258,5.2572,3.1965,5.3898,0.0131,2.3039,0,1,1,0,0,0,0,23406,16384,65536,4096,123080,0.25,16384.0,13357.3333,1,1,0,0,0,1,1,0,1,24840,0,0,15448,14.29,0.2322,0.5994,0,0,0
37376,7,34404,1436498073,3,34,5.479,3.0163,6.0219,0.1552,1.8133,0,92,6,3,2,0,2,21680,20992,69632,1024,86893,0.3015,5193.1429,6172.2857,1,1,0,0,0,1,1,0,1,2056,1,0,0,10.89,0.2943,3.3477,1,0,0
660568,3,332,1328929669,2,258,6.5773,3.5384,6.5579,0.1019,2.6521,0,1,1,0,0,0,0,647086,638976,663552,512,703485,0.963,214869.3333,214586.6667,1,1,0,0,0,1,1,0,1,4848,0,0,15448,14.29,0.9628,0.6567,0,0,0
397656,5,34404,1485515224,2,35,6.1481,5.0291,6.4837,3.2166,1.1233,0,91,3,0,2,3,0,29948,155136,413696,1024,439731,0.375,77926.4,79560.6,0,1,0,0,0,1,1,0,0,157112,0,0,7000,9.33,0.3743,1.2302,0,0,0
34240,5,332,1343345674,3,290,6.688,4.285,5.6617,1.8491,1.3136,0,111,3,55,2,0,0,12059,11264,32768,1024,85489,0.3438,3481.6,3551.6,1,1,0,0,0,1,1,0,1,1460,0,0,15808,13.84,0.3434,1.1967,0,0,0
288240,5,332,1501534402,2,290,6.6146,5.6918,6.5886,4.7565,0.7867,0,247,11,9,2,0,0,213661,216576,286720,1024,344797,0.7554,55910.4,55935.0,1,1,0,0,0,1,1,0,1,11976,0,0,7664,8.82,0.7537,1.0012,0,0,0
262656,9,34404,0,3,559,6.2771,3.0145,6.2338,0.0,2.4432,0,196,10,0,2,0,0,5376,184320,286720,1024,317378,0.6429,29070.2222,29220.8889,0,0,0,0,0,0,0,1,0,0,0,1,0,56.4,0.6411,0.7214,2,0,0
23040,9,34404,38252,3,559,5.0731,2.2976,5.9033,0.0,1.9528,0,70,3,0,1,0,0,5376,11776,49152,1024,23286,0.2396,2446.2222,2409.3333,0,0,0,0,0,0,0,1,0,0,0,1,0,56.4,0.2311,0.5996,2,0,0
333704,5,34404,1484853358,2,1059,6.4891,5.2955,6.9576,3.2315,1.3484,0,111,3,0,2,5,0,29468,173056,352256,1024,361688,0.4913,65126.4,66606.2,0,1,0,0,0,1,1,0,0,71816,0,0,7048,9.35,0.4901,1.2237,0,0,0
27136,5,332,37576,3,783,6.2004,3.1386,6.229,0.0,2.6326,0,53,3,0,1,0,0,4096,19968,40960,1024,89959,0.4875,5222.4,5192.8,0,0,0,0,0,0,0,0,0,0,0,0,0,56.4,0.4861,0.7345,1,0,0
1532608,5,332,1439586040,2,258,6.8305,5.8493,7.8282,4.8013,1.1076,1,1199,21,14,3,0,0,588085,705024,1544192,1024,1567916,0.4566,304742.4,306328.0,1,1,0,0,0,1,1,0,1,375792,0,0,7872,10.79,0.4564,1.07,0,0,0
126976,5,332,1442983269,3,258,6.4061,5.3148,6.3901,4.0114,0.9301,0,107,6,0,1,0,0,98686,101888,143360,1024,0,0.7107,25190.4,25292.2,1,1,0,0,0,1,1,0,1,480,0,0,0,10.68,0.7077,1.6817,0,0,0
669224,5,332,1456284816,2,258,6.51,5.6902,6.5472,4.6767,0.7,0,152,8,1,3,0,0,272694,443904,671744,1024,680351,0.6608,129433.6,130925.4,1,1,0,0,0,1,1,0,1,49601,0,0,21032,10.26,0.6604,1.1432,0,0,0
42904,5,34404,1484855521,3,35,5.9975,4.4964,5.8981,3.1913,0.9384,0,103,7,0,0,3,0,20008,18432,53248,1024,84283,0.3462,6963.2,6717.4,0,1,0,0,0,1,1,0,0,436,0,0,7064,9.35,0.34,0.9002,0,0,0
30720,10,34404,19,3,559,5.5191,2.5832,6.1341,0.0,2.0534,0,74,4,0,1,0,0,5376,16384,61440,1024,49261,0.2667,2969.6,3007.2,0,0,0,0,0,0,1,1,0,1504,0,1,0,56.4,0.2664,0.6683,2,0,0
271872,9,34404,0,3,559,6.2385,2.9774,6.2131,0.0,2.3428,0,389,15,0,2,0,0,5376,193536,307200,1024,284730,0.63,30094.2222,30499.5556,1,1,0,0,0,0,0,1,0,0,0,1,0,56.4,0.6296,0.7273,2,0,0
83456,6,34404,1436498233,2,34,5.6485,4.187,6.145,2.2637,1.177,0,150,9,0,1,0,0,36384,35840,98304,1024,136924,0.3646,13738.6667,13775.3333,1,1,0,0,0,1,1,0,1,24168,0,0,0,10.89,0.3641,1.0894,0,0,0
448000,5,34404,1463818747,3,35,6.1649,4.2912,6.285,1.9695,1.7026,0,123,5,7,2,0,0,309168,308224,466944,1024,0,0.6601,89395.2,91074.8,0,0,0,0,0,0,1,0,0,784,0,0,0,10.02,0.6592,1.704,0,0,0
696768,5,332,1343342329,2,290,5.9141,5.4201,6.0946,4.5321,0.6638,0,764,10,494,2,0,0,414907,430080,712704,1024,754061,0.6034,135987.2,139590.0,1,1,0,0,0,1,1,0,1,108848,0,0,15808,13.84,0.6029,1.0526,0,0,0
54216,5,332,1343269099,2,258,6.6074,5.19,6.3371,3.5208,0.9515,0,111,5,0,1,0,0,23083,22016,53248,1024,67801,0.4135,7577.6,7586.8,1,1,0,0,0,1,1,0,1,5472,0,0,15304,13.84,0.4066,1.022,0,0,0
49752,11,34404,0,2,39,5.9967,2.4479,5.8404,0.0,2.1194,0,120,10,0,2,0,0,5328,12288,65536,1024,113854,0.1875,2792.7273,2726.9091,0,0,0,0,0,0,1,1,0,5000,0,1,18008,56.4,0.1798,0.5861,3,0,0
53760,5,332,66362,3,783,6.3885,3.1508,6.3519,0.0,2.6588,0,67,3,0,1,0,0,4096,42496,69632,1024,87712,0.6103,10547.2,10680.0,0,0,0,0,0,0,0,0,0,0,0,0,0,56.4,0.607,0.7145,1,0,0
54784,6,34404,1436498103,2,34,5.8274,4.1023,6.1833,1.3265,1.4318,0,150,10,11,1,0,0,33088,32256,73728,1024,61432,0.4375,8960.0,9080.1667,1,1,0,0,0,1,1,0,1,5376,0,0,0,10.89,0.4352,1.513,0,0,0
29184,9,34404,1879465991,3,559,5.3554,2.4679,5.8701,0.0,2.0876,0,117,6,0,1,0,0,5376,13824,61440,1024,84945,0.225,3128.8889,3105.3333,0,0,0,0,0,0,0,1,0,0,0,1,0,0.0,0.2198,0.6263,2,0,0
42336,11,34404,0,2,39,6.0902,2.4666,6.0268,0.0,2.1283,0,79,6,0,2,0,0,5328,9216,61440,1024,65995,0.15,2327.2727,2291.2727,0,0,0,0,0,0,1,1,0,5032,0,1,15712,56.4,0.1478,0.5863,3,0,0
458432,2,332,1504844045,2,8450,4.1007,2.4573,3.9018,1.0129,1.4444,0,0,0,0,0,0,0,0,0,450560,512,486460,0.0,220928.0,220528.0,1,1,0,0,0,1,1,0,0,440944,0,0,16064,8.72,0.0,0.6089,0,0,0
1786880,5,332,1495111527,2,258,6.459,5.6519,6.4037,5.0473,0.4424,0,627,15,7,2,0,0,907436,992256,1888256,1024,1793502,0.5255,357171.2,373635.2,1,1,0,0,0,1,1,0,1,315916,0,0,0,9.03,0.5252,1.4177,0,0,0
104272,11,34404,33232928,2,39,6.0096,2.8713,5.9317,0.0,2.1946,0,234,12,0,2,0,0,5328,37376,110592,1024,152875,0.338,7261.0909,7229.4545,0,0,0,0,0,0,1,1,0,5000,0,1,23376,55.35,0.3372,0.6956,3,0,0
602200,5,34404,1328935683,3,34,6.0907,4.6875,6.0484,2.5807,1.2702,0,240,10,26,2,2,0,295816,542720,651264,1024,640833,0.8333,117145.6,127030.8,1,1,0,0,0,1,1,0,1,7196,0,0,15448,14.29,0.8329,1.8704,0,0,0
512960,7,34404,1502441819,2,34,6.6125,4.5261,6.4647,0.0,2.1033,0,160,7,0,2,0,0,83292,247808,528384,1024,565643,0.469,71021.7143,72978.0,1,1,0,0,0,1,1,1,1,150500,0,1,14784,8.8,0.4684,1.2386,0,0,0
150984,3,332,1343347157,3,258,5.7275,3.1019,5.4842,0.1019,2.2403,0,1,1,0,0,0,0,129054,121344,155648,512,182248,0.7796,44885.3333,44518.6667,1,1,0,0,0,1,1,0,1,12676,0,0,15816,13.84,0.7765,0.6699,0,0,0
86016,6,34404,1436498049,2,34,5.9692,4.1725,6.1028,0.9516,1.5621,0,195,9,11,3,0,0,59728,58368,106496,1024,143827,0.5481,14165.3333,14200.6667,1,1,0,0,0,1,1,0,1,4536,0,0,0,10.89,0.5442,1.1905,0,0,0
42432,5,332,1343345207,3,290,6.6789,4.2768,6.2858,2.3924,1.2638,0,109,3,0,2,0,0,17118,15360,36864,1024,90395,0.4167,5120.0,5023.6,1,1,0,0,0,1,1,0,1,3744,1,0,15808,13.84,0.4133,1.2495,0,0,0
1327200,9,332,1432138456,2,33166,6.6338,3.9483,6.7155,0.0,2.8168,0,520,24,0,4,0,0,1060868,1056256,1368064,1024,1363911,0.7721,146545.7778,149195.1111,0,0,0,0,0,0,1,1,1,167816,0,1,7264,11.02,0.7719,0.8603,1,0,0
47104,5,34404,1484850955,2,35,5.7214,4.6463,5.9606,3.2063,0.9059,0,124,4,0,0,3,0,26392,26112,61440,1024,103846,0.425,9216.0,8995.4,0,1,0,0,0,1,1,0,0,436,1,0,0,9.35,0.4184,0.9223,0,0,0
29696,5,332,45724,3,783,6.1168,3.0196,6.2246,0.0,2.5598,0,47,3,0,1,0,0,4096,21504,49152,1024,71624,0.4375,5734.4,5575.2,0,0,0,0,0,0,0,0,0,0,0,0,0,56.4,0.4315,0.6933,1,0,0
110416,11,34404,1493946074,2,34,5.6789,2.7625,5.6646,0.0,1.9358,0,101,12,0,4,2,2,66528,75776,167936,1024,126791,0.4512,9262.5455,11356.8182,0,0,0,0,0,0,1,1,1,1536,0,1,7504,9.06,0.4498,0.7671,1,0,0
34816,7,34404,1436498388,2,34,5.5351,3.2913,5.9275,0.7439,1.7459,0,81,6,8,1,0,16,19936,19456,57344,1024,97798,0.3393,4827.4286,4818.7143,1,1,0,0,0,1,1,0,1,2344,1,0,0,10.89,0.3363,1.2346,1,0,0
37376,5,332,1436498995,2,258,6.0798,4.5003,6.1935,0.8356,1.9292,0,98,6,8,1,0,0,25392,24064,49152,1024,61562,0.4896,7270.4,7157.2,1,1,0,0,0,1,1,0,1,6456,1,0,0,10.89,0.4855,1.2059,0,0,0
75264,4,34404,1368109337,2,35,6.1146,4.491,6.3787,1.8568,1.6928,0,81,1,0,2,0,0,11212,54784,94208,1024,0,0.5815,18560.0,20392.0,0,0,0,0,0,0,0,0,0,0,0,0,0,13.05,0.5788,1.3185,0,0,0
545216,7,34404,1502993395,2,34,5.9487,4.252,5.7566,2.1799,1.1885,0,103,4,0,2,0,0,53576,248832,552960,1024,558490,0.45,75629.7143,77025.7143,1,1,0,0,0,1,1,0,1,180176,0,0,14784,8.78,0.45,1.1347,0,0,0
38600,3,332,1504845641,2,258,6.3577,3.1361,5.2826,0.0815,2.2183,0,1,1,0,0,0,0,27150,19456,49152,512,62486,0.3958,7338.6667,6994.6667,1,1,0,0,0,1,1,0,1,2008,0,0,16072,8.72,0.3858,0.6595,0,0,0
76288,6,34404,1436498321,2,34,5.9541,3.5619,5.9959,0.3014,2.2187,0,105,19,1,0,0,0,10144,8704,94208,1024,137149,0.0924,12544.0,12522.3333,1,1,0,0,0,1,1,0,1,56376,0,0,0,10.89,0.091,1.1605,0,0,0
1116232,3,332,1461235704,2,258,6.1804,3.948,6.0072,0.1019,2.7219,0,1,1,0,0,0,0,890350,882176,1130496,512,1156357,0.7803,368469.3333,368146.6667,1,1,0,0,0,1,1,0,1,222264,0,0,10312,10.1,0.7803,0.6738,0,0,0
100352,5,332,111418,3,783,6.4463,3.2121,6.3855,0.0,2.692,0,68,3,0,1,0,0,4096,88576,114688,1024,115973,0.7723,19865.6,19848.0,0,0,0,0,0,0,0,0,0,0,0,0,0,56.4,0.77,0.7126,1,0,0
126736,3,332,1337352429,3,258,5.8613,3.5301,6.1334,0.0131,2.5808,0,1,1,0,0,0,0,14046,8192,131072,4096,165133,0.0625,39594.6667,37013.3333,1,1,0,0,0,0,1,0,1,105168,0,0,3856,14.03,0.0447,0.5686,0,0,0
49448,11,34404,0,2,39,5.988,2.4746,5.8936,0.0,2.1151,0,123,10,0,2,0,0,5328,11264,65536,1024,92514,0.1719,2746.1818,2686.5455,0,0,0,0,0,0,1,1,0,5016,0,1,18216,56.4,0.1676,0.5898,3,0,0
362928,6,34404,1477375642,3,34,6.1777,4.9858,6.2958,3.5547,0.854,0,203,10,8,1,9,0,187600,199680,356352,1024,400628,0.5603,56746.6667,56921.6667,1,1,0,0,0,1,1,0,1,6032,0,0,21424,9.59,0.5593,0.9973,0,0,0
33800,3,332,1343348683,2,258,6.5504,3.1935,5.7318,0.0815,2.3421,0,1,1,0,0,0,0,23086,15360,40960,512,72248,0.375,5973.3333,5576.0,1,1,0,0,0,1,1,0,1,1816,0,0,15368,13.84,0.3638,0.6267,0,0,0
131440,5,332,1394593366,3,290,6.3673,5.1327,6.6399,3.3143,1.2717,0,95,7,0,2,0,0,22666,73728,143360,1024,133583,0.5143,24780.8,26355.2,1,1,0,0,0,1,1,0,1,2408,0,0,6512,12.21,0.5108,1.2245,0,0,0
85952,5,332,1343345222,3,290,6.3698,4.2346,6.5013,1.691,1.6336,0,174,4,0,2,0,0,32297,40960,229376,1024,117931,0.1786,13824.0,43019.6,1,1,0,0,0,1,1,0,1,15984,1,0,15808,13.84,0.1783,58.4601,0,0,0
40448,6,34404,1436498255,3,34,5.8419,3.1866,6.201,0.4269,2.0473,0,107,12,3,0,0,0,29456,27136,57344,1024,71500,0.4732,6570.6667,6558.3333,1,1,0,0,0,1,1,0,1,2160,0,0,0,10.89,0.4713,1.2121,0,0,0
129624,5,34404,1328933650,3,34,6.0526,3.5607,5.7641,1.0271,1.8734,0,130,6,0,2,2,0,40220,105984,139264,1024,162938,0.761,22630.4,24892.4,1,1,0,0,0,1,1,0,1,1704,0,0,15448,14.29,0.7578,5.8601,0,0,0
1197707,8,332,1349772503,2,33167,6.3638,3.3764,6.4758,0.0,2.6237,0,520,24,0,4,0,0,1036292,1031680,1224704,1024,0,0.8424,146624.0,149489.5,0,0,0,0,0,0,1,1,0,113368,0,1,23691,13.63,0.8417,0.8183,1,0,0
58816,5,332,1343345237,3,290,6.0687,4.2618,6.1755,3.1049,1.2175,0,146,4,0,2,0,0,9905,16896,61440,1024,66565,0.275,8396.8,9756.0,1,1,0,0,0,1,1,0,1,16012,1,0,15808,13.84,0.2732,4.0018,0,0,0
211320,4,332,1267348772,2,258,6.3842,5.5911,6.6269,3.9088,1.0539,0,241,10,13,4,0,189,134292,152064,266240,1024,270695,0.5712,51072.0,62196.0,1,0,0,0,0,1,1,0,1,32944,0,0,6008,16.25,0.5697,2.3781,0,0,0
90112,7,332,1579957646,3,33166,6.4411,3.6332,6.5764,0.0,2.5956,0,83,2,0,2,5,0,4096,65536,118784,1024,0,0.5517,12434.2857,16384.0,0,0,0,0,0,0,0,1,1,0,0,0,1536,6.34,0.5517,4.2596,0,0,0
323952,6,34404,1394855165,2,34,6.4157,5.4931,6.6668,4.4109,0.7793,0,407,8,239,2,1,0,182576,186368,368640,1024,372240,0.5056,52736.0,58476.6667,1,1,0,0,0,1,1,0,1,63296,0,0,6512,12.2,0.5043,1.8731,0,0,0
59960,11,34404,7702560,2,39,6.0238,2.5361,5.9492,0.0,2.1513,0,155,11,0,2,0,0,5328,18432,77824,1024,118828,0.2368,3584.0,3643.6364,0,0,0,0,0,0,1,1,0,5000,0,1,19512,56.16,0.2339,0.6071,3,0,0
548952,3,332,1328929470,2,258,6.4578,3.5732,6.447,0.1019,2.6246,0,1,1,0,0,0,0,522270,514560,557056,512,597928,0.9237,177664.0,177176.0,1,1,0,0,0,1,1,0,1,17432,0,0,15448,14.29,0.9229,0.6651,0,0,0
83456,7,34404,1436498487,2,34,5.7041,3.3822,6.2288,0.44,1.932,0,161,23,1,0,0,7,36848,35840,114688,1024,97977,0.3125,11776.0,12586.0,1,1,0,0,0,1,1,0,1,29240,0,0,0,10.89,0.3088,3.0078,1,0,0
442560,5,332,1438470873,3,258,6.026,4.6031,6.6252,1.6209,1.6491,0,190,7,0,3,0,0,4770,230912,462848,1024,468740,0.4989,86732.8,89226.2,1,1,0,0,0,1,1,0,1,1832,0,0,7872,10.82,0.4988,1.021,0,0,0
34304,5,332,1436499248,2,258,4.9372,4.072,5.818,0.3428,1.954,0,47,12,0,0,0,0,11488,9728,49152,1024,46334,0.1979,6656.0,6548.0,1,1,0,0,0,1,1,0,1,19552,1,0,0,10.88,0.1905,1.1426,0,0,0
58432,11,34404,131072,2,39,6.1529,2.6557,6.0379,0.0,2.164,0,118,11,0,2,0,0,5328,18944,77824,1024,104737,0.2434,3584.0,3576.7273,0,0,0,0,0,0,1,1,0,5000,0,1,17984,56.4,0.2413,0.632,3,0,0
22528,9,34404,38444,3,559,5.1243,2.333,5.8934,0.0,1.9789,0,65,3,0,1,0,0,5376,11776,49152,1024,50322,0.2396,2389.3333,2380.0,0,0,0,0,0,0,0,1,0,0,0,1,0,56.4,0.2301,0.6108,2,0,0
41472,6,34404,1436498455,2,34,5.6577,4.0071,5.9716,2.3232,1.1879,0,105,17,0,1,0,0,12160,20480,57344,1024,68827,0.3571,6741.3333,6852.0,1,1,0,0,0,1,1,0,1,1360,0,0,0,10.89,0.3518,1.4609,0,0,0
112472,5,34404,1484857059,2,35,6.8028,4.7549,6.9876,2.9214,1.4419,0,61,5,0,0,5,0,22672,21504,122880,1024,152345,0.175,20889.6,20624.6,0,1,0,0,0,1,1,0,0,70312,0,0,7000,9.35,0.1724,0.9308,0,0,0
137168,6,34404,1343337787,2,34,6.1459,4.1852,6.3499,2.3714,1.3837,0,130,2,0,3,0,0,24488,70656,147456,1024,191622,0.4792,20053.3333,21838.8333,1,1,0,0,0,1,1,0,1,1484,0,0,15824,13.84,0.4769,1.2721,0,0,0
40448,9,34404,1879334917,3,559,5.6553,2.5276,6.0428,0.0,2.1406,0,148,6,0,1,0,0,5376,22528,69632,1024,84620,0.3235,4380.4444,4482.6667,0,0,0,0,0,0,0,1,0,0,0,1,0,0.0,0.3228,0.6523,2,0,0
35328,5,332,1436498744,3,258,5.9932,4.4549,6.5455,0.3983,2.168,0,81,23,0,0,0,0,28800,26624,49152,1024,45117,0.5417,6860.8,6938.8,1,1,0,0,0,1,1,0,1,2048,0,0,0,10.89,0.5414,1.1826,0,0,0
30672,3,332,1343349260,2,258,6.5874,3.3169,5.2881,0.0815,2.3059,0,1,1,0,0,0,0,19022,11264,40960,512,84045,0.275,4778.6667,4381.3333,1,1,0,0,0,1,1,0,1,2296,0,0,15824,13.84,0.2646,0.6274,0,0,0
68608,6,34404,1436498406,2,34,6.1631,3.3324,6.2393,0.3381,2.4294,0,97,10,4,1,0,0,14832,13312,90112,1024,111329,0.1477,11264.0,11239.3333,1,1,0,0,0,1,1,0,1,46056,0,0,0,10.89,0.1463,1.1397,0,0,0
31832,3,332,1328930547,2,258,6.3828,3.02,5.5898,0.0815,2.2638,0,1,1,0,0,0,0,18222,10240,40960,512,46501,0.25,5290.6667,4973.3333,1,1,0,0,0,1,1,0,1,4872,0,0,15448,14.29,0.245,0.6517,0,0,0
80384,6,34404,1436498720,3,34,3.0234,2.4415,5.6907,0.3014,1.9027,0,34,4,0,1,0,0,5184,2560,98304,1024,135568,0.026,13226.6667,13198.6667,1,1,0,0,0,1,1,0,1,72096,0,0,0,10.89,0.026,1.0577,0,0,0
125808,5,332,1394593366,3,290,6.3355,5.0665,6.6516,3.1145,1.3275,0,77,5,0,2,0,0,19785,69120,139264,1024,168074,0.4963,23654.4,25162.4,1,1,0,0,0,1,1,0,1,2440,0,0,6512,12.21,0.4945,1.2174,0,0,0
272696,7,34404,1394124042,2,34,5.6785,4.1966,5.6251,0.3459,1.6692,0,452,13,275,2,0,0,136456,151040,290816,1024,275428,0.5194,37888.0,38642.7143,1,1,0,0,0,1,1,0,1,10980,0,0,6456,12.23,0.518,1.3429,1,0,0
156672,5,332,1484797934,3,258,6.4536,5.0196,6.3333,2.6463,1.3053,0,208,3,0,2,61,0,91015,88576,167936,1024,190030,0.5274,31129.6,31061.4,1,1,0,0,0,1,1,0,1,3844,0,0,0,9.35,0.525,1.1191,0,0,0
89088,5,332,1465050984,3,258,6.114,4.6885,6.468,2.1321,1.4493,0,78,2,0,2,0,0,9712,47616,106496,1024,96682,0.4471,17612.8,18846.4,1,1,0,0,0,1,1,0,1,20644,0,0,0,9.98,0.4436,1.3473,0,0,0
56120,11,34404,0,2,39,6.1181,2.6133,6.057,0.0,2.2051,0,117,10,0,2,0,0,5328,17408,77824,1024,78555,0.2237,3397.8182,3365.8182,0,0,0,0,0,0,1,1,0,5000,0,1,17720,56.4,0.2193,0.6233,3,0,0
252912,3,332,1343349377,2,258,6.458,3.3971,6.4407,0.1019,2.5939,0,1,1,0,0,0,0,231230,223232,262144,512,300397,0.8516,78848.0,78580.0,1,1,0,0,0,1,1,0,1,12684,0,0,15856,13.84,0.8508,0.6712,0,0,0
105152,6,34404,1436497980,2,34,7.0535,3.3754,7.0858,0.3014,2.557,1,53,9,3,1,0,0,7776,5632,106496,1024,105481,0.0529,14762.6667,14653.0,1,1,0,0,0,1,1,0,1,76920,0,0,15552,10.89,0.0497,1.0832,0,0,0
406976,6,332,1343351978,2,290,6.3828,4.1508,6.6765,0.0,2.5812,0,397,14,24,4,0,7,109990,267264,409600,1024,425719,0.6525,65024.0,65262.5,1,1,0,0,0,1,1,1,1,93076,0,1,15808,13.84,0.6515,1.0762,0,0,0
23552,5,332,37556,3,783,6.0301,3.0534,6.1475,0.0,2.5668,0,50,3,0,1,0,0,4096,16896,40960,1024,43490,0.4125,4505.6,4390.4,0,0,0,0,0,0,0,0,0,0,0,0,0,56.4,0.401,0.7199,1,0,0
104024,5,34404,1328933620,3,34,6.0847,3.1923,5.7055,0.3498,2.2361,0,117,8,2,2,0,0,72436,80896,147456,1024,143109,0.5486,17510.4,26576.0,1,1,0,0,0,1,1,0,1,1748,0,0,15448,14.29,0.5463,9.887,0,0,0
80896,7,34404,1436498324,3,34,5.8375,3.1042,6.2535,0.3419,2.0609,0,132,37,8,1,0,5,49424,51200,102400,1024,138963,0.5,11410.2857,11503.7143,1,1,0,0,0,1,1,0,1,2088,0,0,0,10.89,0.4961,1.4232,1,0,0
44016,11,34404,0,2,39,6.0952,2.4439,5.9734,0.0,2.1291,0,82,6,0,2,0,0,5328,10752,61440,1024,59002,0.175,2466.9091,2423.6364,0,0,0,0,0,0,1,1,0,5016,0,1,15856,56.4,0.171,0.5833,3,0,0
82432,9,34404,0,3,559,6.0085,2.8734,6.0949,0.0,2.2621,0,129,4,0,1,0,0,5376,57856,114688,1024,93251,0.5045,9045.3333,9286.6667,0,0,0,0,0,0,0,1,0,0,0,1,0,56.4,0.5036,0.7077,2,0,0
61440,4,332,1212209565,2,271,5.9268,4.9807,6.7914,2.9004,1.6745,0,146,8,0,1,0,0,27871,24576,65536,4096,0,0.375,14336.0,13724.5,0,0,0,0,0,0,1,0,0,4696,0,0,0,17.99,0.3689,0.9519,0,0,0
49080,11,34404,0,2,39,6.0016,2.4569,5.8388,0.0,2.1282,0,116,10,0,2,0,0,5328,11776,65536,1024,80435,0.1797,2746.1818,2694.5455,0,0,0,0,0,0,1,1,0,4992,0,1,17848,56.4,0.174,0.5876,3,0,0
290304,9,34404,303804,3,559,5.7554,3.0423,5.5827,0.0,2.2388,0,270,3,0,1,0,0,5376,234496,319488,1024,341413,0.734,32142.2222,32734.6667,0,0,0,0,0,0,0,1,0,0,0,1,0,56.4,0.7324,0.7648,2,0,0
52400,11,34404,0,2,39,6.0372,2.5115,5.8346,0.0,2.1642,0,120,12,0,2,0,0,5328,13824,73728,1024,72284,0.1875,3025.4545,2994.5455,0,0,0,0,0,0,1,1,0,5000,0,1,18096,56.4,0.1807,0.6002,3,0,0
223744,5,34404,1233230254,2,35,6.5563,5.0343,6.5473,2.1997,1.5929,0,165,7,0,2,0,0,57832,153600,249856,1024,269958,0.6148,44544.0,47298.8,0,0,0,0,0,1,1,0,0,5104,0,0,0,17.33,0.6136,1.4608,0,0,0
16896,9,34404,34184,3,559,4.9606,2.3554,5.9087,0.0,2.0508,0,54,3,0,1,0,0,5376,7680,45056,1024,54841,0.1705,1763.5556,1800.4444,0,0,0,0,0,0,0,1,0,0,0,1,0,56.4,0.1662,0.6271,2,0,0
42464,11,34404,0,2,39,6.0615,2.4682,5.8459,0.0,2.1148,0,80,7,0,2,0,0,5328,9216,61440,1024,70999,0.15,2327.2727,2285.0909,0,0,0,0,0,0,1,1,0,5048,0,1,15840,56.4,0.1431,0.5885,3,0,0
40112,2,34404,1433127210,3,34,6.2471,4.7397,4.9611,4.5182,0.2214,0,0,0,0,0,0,0,0,20992,40960,512,54195,0.5125,11776.0,11534.5,1,1,0,0,0,1,1,0,0,2320,0,0,16048,10.99,0.5066,0.9473,0,0,0
563200,5,332,591382,3,783,6.4685,3.225,6.3636,0.0,2.6992,0,168,5,0,1,0,0,4096,456192,598016,1024,609021,0.7628,112435.2,115620.0,0,0,0,0,0,0,0,0,0,0,0,0,0,56.39,0.7624,0.7276,1,0,0
159232,9,34404,172320,3,559,5.7179,2.9737,5.5865,0.0,2.2392,0,244,3,0,1,0,0,5376,120832,188416,1024,178249,0.6413,17578.6667,17865.7778,0,0,0,0,0,0,0,1,0,0,0,1,0,56.4,0.6395,0.77,2,0,0
3285360,3,332,1502728853,2,258,6.8775,3.8068,6.9729,0.1019,2.8308,0,1,1,0,0,0,0,3002078,2994176,3301376,512,3345813,0.9069,1092608.0,1092245.3333,1,1,0,0,0,0,1,0,1,282832,0,0,7024,8.79,0.9069,0.6741,0,0,0
104128,5,332,1439586048,2,258,6.4128,5.2456,6.3237,3.3904,1.0929,0,214,12,2,3,0,0,50640,55296,106496,1024,160900,0.5192,19046.4,18964.4,1,1,0,0,0,1,1,0,1,11968,1,0,7872,10.79,0.5155,1.0877,0,0,0
33792,5,332,1436498943,3,258,6.09,4.3728,6.3959,0.6408,2.1005,0,113,13,0,1,0,0,25392,23552,45056,1024,98548,0.5227,6553.6,6966.4,1,1,0,0,0,1,1,0,1,2080,1,0,0,10.89,0.52,2.2277,0,0,0
71008,6,332,1317043288,2,258,6.7388,3.7878,6.5085,0.0,2.3021,0,172,8,1,1,0,0,14467,28160,1163264,1024,127746,0.0242,8789.3333,192129.0,1,1,0,0,0,0,1,0,1,8456,0,0,21344,14.67,0.0241,167.0497,1,0,0
572416,7,332,1482202013,2,258,6.4977,4.119,6.3432,0.0204,2.6099,0,307,16,0,2,0,0,105664,102400,602112,1024,0,0.1701,81627.4286,83041.2857,1,1,0,0,0,1,1,1,1,256376,0,1,0,9.44,0.1698,1.5191,1,0,0
48128,6,34404,1436498520,3,34,6.1163,3.8605,6.3882,1.3234,1.601,0,84,2,0,0,0,0,34576,32768,65536,1024,86339,0.5,7850.6667,7881.3333,1,1,0,0,0,1,1,0,1,2056,0,0,0,10.89,0.4992,1.3061,0,0,0
25088,9,34404,38424,3,559,5.2883,2.7584,6.0009,0.0,2.0399,0,68,3,0,1,0,0,5376,8192,49152,1024,49937,0.1667,2673.7778,2696.0,0,0,0,0,0,0,0,1,0,0,0,1,0,56.4,0.1654,0.7062,2,0,0
290544,6,34404,1503984605,2,34,6.1665,4.7613,6.4008,3.4758,1.0174,0,120,3,0,2,0,14,107424,185856,307200,1024,338646,0.605,47189.3333,48685.6667,1,1,0,0,0,1,1,0,1,1264,0,0,6384,8.75,0.6042,1.1322,0,0,0
43952,11,34404,0,2,39,6.079,2.4429,5.9748,0.0,2.1294,0,92,6,0,2,0,0,5328,10240,61440,1024,56510,0.1667,2420.3636,2386.9091,0,0,0,0,0,0,1,1,0,5016,0,1,16304,56.4,0.1624,0.5844,3,0,0
21504,5,332,33376,3,783,6.0288,2.9655,6.1865,0.0,2.5438,0,40,3,0,1,0,0,4096,14848,36864,1024,85661,0.4028,4096.0,4004.8,0,0,0,0,0,0,0,0,0,0,0,0,0,56.4,0.3991,0.692,1,0,0
34816,6,34404,1475207627,2,34,5.8689,3.2524,6.2317,0.4541,2.1551,0,95,5,6,1,0,0,21152,19968,53248,1024,62546,0.375,5632.0,5581.3333,1,1,0,0,0,1,1,0,1,2352,0,0,0,9.66,0.3693,1.2223,0,0,0
107520,5,332,119580,3,783,6.438,3.191,6.3703,0.0,2.6868,0,61,3,0,1,0,0,4096,91648,122880,1024,148277,0.7458,21299.2,21724.0,0,0,0,0,0,0,0,0,0,0,0,0,0,56.4,0.7433,0.6923,1,0,0
354256,6,34404,1343337794,3,34,6.1952,4.5285,6.4148,2.8979,1.1892,0,209,6,0,3,0,0,134684,228864,368640,1024,396487,0.6208,56234.6667,58505.5,1,1,0,0,0,1,1,0,1,1488,0,0,15824,13.84,0.62,1.1999,0,0,0
68096,8,332,2660251867,2,33166,6.328,3.5101,6.5236,0.0,2.3332,0,65,3,0,2,5,0,4096,49152,106496,1024,0,0.4615,8320.0,12800.0,0,0,0,0,0,0,1,1,1,2048,0,1,0,0.0,0.4615,4.0932,0,0,0
460288,9,34404,0,3,559,6.5067,3.1113,6.2614,0.0,2.4212,0,103,4,0,1,0,0,5376,268288,487424,1024,477070,0.5504,51029.3333,51826.2222,0,0,0,0,0,0,0,1,0,0,0,1,0,56.4,0.5494,0.7751,2,0,0
38720,2,34404,1217329007,3,302,5.1028,3.5725,5.2718,1.8731,1.6994,0,0,0,0,0,0,0,0,24576,40960,4096,55859,0.6,14336.0,12952.5,1,1,0,0,0,1,1,0,0,1520,0,0,5952,17.83,0.5953,0.6817,0,0,0
59392,5,332,1436499016,2,258,6.2471,4.5979,6.2654,0.1833,2.2884,0,56,16,0,0,0,0,7888,5632,73728,1024,115438,0.0764,11673.6,11678.8,1,1,0,0,0,1,1,0,1,49136,1,0,0,10.89,0.0758,1.1063,0,0,0
38912,5,332,49796,3,783,6.2871,3.0574,6.254,0.0,2.6002,0,44,3,0,1,0,0,4096,28672,53248,1024,44200,0.5385,7577.6,7848.0,0,0,0,0,0,0,0,0,0,0,0,0,0,56.4,0.535,0.7058,1,0,0
52680,5,332,1343269363,3,258,6.8567,4.9265,6.6152,3.8889,0.9297,0,93,4,0,1,0,0,22886,27136,57344,1024,102948,0.4732,7270.4,8998.4,1,1,0,0,0,1,1,0,1,1712,0,0,15304,13.84,0.4711,2.169,0,0,0
208576,4,332,1386282336,2,271,6.4119,4.2843,6.538,2.3177,1.7201,0,170,5,0,3,0,0,96241,147456,221184,4096,259779,0.6667,49152.0,51291.5,0,0,0,0,0,1,1,0,0,5312,1,0,7872,12.48,0.6483,1.4308,0,0,0
474312,7,332,1504845396,2,258,3.968,3.924,6.645,0.0204,2.198,0,128,15,1,3,0,110,42259,45056,487424,1024,502642,0.0924,65316.5714,66826.8571,1,1,0,0,0,1,1,1,1,386588,0,1,16072,8.72,0.0917,1.5138,1,0,0
112584,11,34404,31336480,2,39,6.0239,2.7416,6.0236,0.0,2.276,0,270,13,0,2,0,0,5328,51200,122880,1024,157641,0.4167,7866.1818,7865.0909,0,0,0,0,0,0,1,1,0,5024,0,1,25032,55.41,0.4132,0.7035,3,0,0
70096,3,332,1343341700,3,258,5.6757,2.9912,4.9158,0.0776,2.0953,0,1,1,0,0,0,0,58846,50688,81920,512,76657,0.6188,17920.0,17589.3333,1,1,0,0,0,1,1,0,1,2096,0,0,15824,13.84,0.6184,0.6139,0,0,0
93384,5,332,1504860064,2,258,6.452,4.9159,6.4905,1.9538,1.6351,0,69,1,0,3,0,1,5015,34304,94208,1024,106458,0.3641,15257.6,15511.6,1,1,0,1,0,1,1,0,1,19264,0,0,16072,8.72,0.3613,1.1968,0,0,0
63528,11,34404,38791200,2,39,6.1543,2.7035,6.005,0.0,2.2621,0,132,11,0,2,0,0,5328,24064,81920,1024,66623,0.2938,4002.9091,4018.5455,0,0,0,0,0,0,1,1,0,5000,0,1,18472,55.18,0.2884,0.6501,3,0,0
42200,5,332,1442393705,2,258,6.3481,4.811,6.434,2.4653,1.3147,0,61,2,0,2,0,0,5568,18944,53248,1024,71169,0.3558,6656.0,7103.2,1,1,0,0,0,0,1,0,1,436,0,0,7896,10.7,0.3474,1.1595,0,0,0
39936,7,34404,1436498466,2,34,5.7482,3.641,6.0501,0.0,1.7706,0,102,16,2,1,0,0,21952,21504,65536,1024,63841,0.3281,5558.8571,5611.0,1,1,0,0,0,1,1,0,1,1744,1,0,0,10.89,0.3235,1.4568,1,0,0
76200,6,34404,1399494993,2,34,6.2587,3.8914,6.1044,1.4142,1.7744,0,104,5,5,2,0,13,20300,20480,86016,1024,101376,0.2381,11434.6667,11432.6667,1,1,0,0,0,1,1,0,1,33048,0,0,6568,12.06,0.2355,1.3314,0,0,0
56832,6,34404,1436498790,2,34,4.7787,3.7085,6.1582,0.8244,1.6846,0,117,24,10,1,0,0,19312,17920,73728,1024,66224,0.2431,9301.3333,9335.0,1,1,0,0,0,1,1,0,1,1344,0,0,0,10.89,0.2365,1.426,0,0,0
35272,3,332,1343348777,3,258,6.2149,3.1234,5.531,0.0815,2.2695,0,1,1,0,0,0,0,12926,5120,40960,512,71994,0.125,6314.6667,5869.3333,1,1,0,0,0,1,1,0,1,12856,1,0,15816,13.84,0.1157,0.6383,0,0,0
313256,6,34404,1399494712,2,34,6.2796,4.9813,6.4458,3.52,1.0699,0,144,5,20,2,0,17,103120,186880,409600,1024,316156,0.4562,50944.0,65805.6667,1,1,0,0,0,1,1,0,1,32936,0,0,6568,12.06,0.4551,1.3726,0,0,0
55776,7,34404,1436498355,2,34,6.0951,3.6801,5.8663,0.0,1.8374,0,82,16,0,0,0,0,22144,23552,65536,1024,115421,0.3594,6509.7143,6494.1429,1,1,0,0,0,1,1,0,1,2264,0,0,9184,10.89,0.3525,1.4083,1,0,0
180648,7,34404,1399493895,3,34,5.7786,3.5731,5.5792,1.0504,1.7561,0,72,2,0,1,0,0,117048,122368,188416,1024,245960,0.6495,24722.2857,24859.8571,1,1,0,0,0,1,1,0,1,1572,0,0,6568,12.06,0.6493,0.9884,0,0,0
57680,11,34404,23119904,2,39,6.1087,2.5744,6.0181,0.0,2.1624,0,119,10,0,2,0,0,5328,19456,77824,1024,70968,0.25,3537.4545,3498.1818,0,0,0,0,0,0,1,1,0,5008,0,1,17744,55.67,0.246,0.6174,3,0,0
571232,1,332,1269487058,2,8450,4.7571,4.7098,4.7098,4.7098,0.0,0,0,0,0,0,0,0,0,0,569344,512,591291,0.0,564736.0,564736.0,0,0,0,0,0,0,1,0,0,564736,0,0,5984,16.18,0.0,1.0,0,0,0
56176,11,34404,0,2,39,6.2082,2.7081,6.1617,0.0,2.2093,0,115,10,0,2,0,0,5328,18432,131072,1024,67830,0.1406,3397.8182,8468.3636,0,0,0,0,0,0,1,1,0,5000,0,1,17776,56.4,0.137,0.6392,3,0,0
16896,9,34404,34240,3,559,4.8148,2.1776,5.9268,0.0,1.9394,0,57,3,0,1,0,0,5376,7680,45056,1024,54417,0.1705,1763.5556,1763.5556,0,0,0,0,0,0,0,1,0,0,0,1,0,56.4,0.1673,0.5759,2,0,0
126484,5,34404,1345648264,3,35,5.8611,3.4764,6.1679,0.0,2.2894,0,28,2,0,0,0,0,4096,61952,94208,1024,0,0.6576,14357.6,14769.6,0,0,0,0,0,1,0,0,0,0,0,0,0,13.76,0.6531,0.75,0,0,0
38736,3,332,1217328826,3,270,4.4664,2.277,4.9122,0.0131,2.0172,0,1,1,0,0,0,0,28094,20480,49152,4096,71722,0.4167,9557.3333,7160.0,1,1,0,0,0,1,1,0,1,1560,0,0,5968,17.83,0.405,0.452,0,0,0
42176,3,332,1433126460,3,258,6.1905,3.1526,5.0386,0.0815,2.1904,0,1,1,0,0,0,0,30294,22528,49152,512,49161,0.4583,8533.3333,8149.3333,1,1,0,0,0,1,1,0,1,2328,0,0,16064,10.99,0.4498,0.6381,0,0,0
87517,5,332,1260053446,2,271,7.2396,4.3077,6.4177,0.0,2.2264,0,155,8,1,1,0,0,12860,23552,204800,1024,0,0.115,9523.2,38635.6,0,0,0,0,0,0,1,0,0,18200,0,0,38877,16.48,0.1129,27.7109,1,0,0
152008,3,332,1343343462,2,258,6.0995,2.8039,5.8926,0.1019,2.3798,0,1,1,0,0,0,0,141374,133632,163840,512,216044,0.8156,45226.6667,44746.6667,1,1,0,0,0,1,1,0,1,1040,0,0,15816,13.84,0.8129,0.5657,0,0,0
56288,11,34404,667484160,2,39,6.0569,2.5215,5.8838,0.0,2.1629,0,132,10,0,2,0,0,5328,16384,73728,1024,112682,0.2222,3351.2727,3316.3636,0,0,0,0,0,0,1,1,0,5016,0,1,18400,35.25,0.2163,0.6083,3,0,0
46592,5,332,62124,3,783,6.2603,3.1011,6.2815,0.0,2.6176,0,49,3,0,1,0,0,4096,33792,65536,1024,66430,0.5156,9113.6,9027.2,0,0,0,0,0,0,0,0,0,0,0,0,0,56.4,0.5116,0.7136,1,0,0
348672,5,34404,1472773692,3,35,6.3971,5.3164,6.4348,3.9592,0.8043,0,93,2,0,0,0,0,245764,242688,372736,1024,370175,0.6511,69529.6,70939.2,0,1,0,0,0,1,1,0,0,436,0,0,0,9.74,0.6507,1.0174,0,0,0
172544,6,34404,1484591763,2,34,6.1288,5.0006,5.9755,3.2534,0.8789,0,723,6,0,0,0,0,77104,75264,184320,1024,175387,0.4083,28586.6667,28316.8333,1,1,0,0,0,0,1,0,1,964,0,0,0,9.36,0.4056,0.9558,0,0,0
327528,6,34404,1394855108,2,34,5.107,4.5929,6.0316,3.2008,0.8625,0,311,11,124,2,0,0,27676,27648,335872,1024,328542,0.0823,53333.3333,53550.0,1,0,0,0,0,1,1,0,1,266092,0,0,6504,12.2,0.0817,1.2141,0,0,0
31744,5,332,45712,3,783,6.2363,3.1337,6.2377,0.0,2.6362,0,48,4,0,1,0,0,4096,23552,49152,1024,65823,0.4792,6144.0,6033.6,0,0,0,0,0,0,0,0,0,0,0,0,0,56.4,0.4699,0.723,1,0,0
56472,3,332,1430975994,2,259,6.5288,4.3901,6.3948,2.6066,1.5544,0,92,5,0,2,0,0,39449,44032,61440,1024,74721,0.7167,16213.3333,17434.0,1,1,0,0,0,1,1,0,0,3956,0,0,6808,11.06,0.7161,3.4857,0,0,0
37376,5,332,1436499257,2,258,5.7877,4.457,6.6991,0.2491,2.2434,0,129,5,0,1,0,0,28896,27136,49152,1024,38767,0.5521,7270.4,7452.4,1,1,0,0,0,1,1,0,1,3008,0,0,0,10.88,0.5491,1.5455,0,0,0
208896,5,332,222386,3,783,6.5365,3.363,6.4151,0.0,2.8011,0,118,3,0,1,0,0,4096,177152,225280,1024,220456,0.7864,41574.4,42172.0,0,0,0,0,0,0,0,0,0,0,0,0,0,56.4,0.7856,0.7428,1,0,0
49664,5,332,62130,3,783,6.2258,3.0949,6.2424,0.0,2.6085,0,50,3,0,1,0,0,4096,31744,65536,1024,74064,0.4844,9728.0,9598.4,0,0,0,0,0,0,0,0,0,0,0,0,0,56.4,0.4767,0.7261,1,0,0
40024,3,332,1328931233,3,258,5.3632,2.5765,5.1467,0.0131,2.0958,0,1,1,0,0,0,0,18478,12288,40960,4096,70693,0.3,6826.6667,4109.3333,1,1,0,0,0,1,1,0,1,2024,0,0,15448,14.29,0.2513,0.4449,0,0,0
74056,11,34404,0,2,39,6.1895,2.714,6.0873,0.0,2.2755,0,144,10,0,2,0,0,5328,30208,94208,1024,123952,0.3207,4933.8182,5305.0909,0,0,0,0,0,0,1,1,0,5000,0,1,18760,56.4,0.3165,0.6412,3,0,0
65536,7,332,1482201865,2,258,5.7475,3.2246,6.4517,0.0204,2.5479,0,354,13,259,2,0,0,28396,28160,86016,1024,0,0.3274,9216.0,9068.1429,1,1,0,0,0,1,1,1,1,9984,0,1,0,9.44,0.3244,0.9497,1,0,0
91648,5,332,1328835294,2,258,6.0296,4.6472,6.4958,2.2797,1.4661,0,76,4,2,2,0,0,13824,41472,114688,1024,128310,0.3616,18124.8,19498.2,1,1,0,0,0,0,1,0,1,26516,0,0,0,14.3,0.3605,1.3633,0,0,0
251160,4,332,1266297895,2,259,6.3715,4.9784,6.4261,4.2362,0.8509,0,130,8,1,3,0,0,102025,196096,262144,1024,277353,0.748,61056.0,63080.75,0,0,0,0,0,1,1,0,0,3720,0,0,5912,16.28,0.7463,1.2789,0,0,0
76232,5,332,1343269563,3,258,6.5647,4.3707,6.4737,2.1222,1.4002,0,78,2,0,3,0,0,12300,46592,81920,1024,91604,0.5687,11980.8,13161.2,1,1,0,0,0,1,1,0,1,1872,0,0,15304,13.84,0.5654,1.2817,0,0,0
66488,11,34404,11724832,2,39,6.1676,2.7266,6.0169,0.0,2.2284,0,128,10,0,2,0,0,5328,25088,86016,1024,86581,0.2917,4282.1818,4266.1818,0,0,0,0,0,0,1,1,0,5008,0,1,18360,56.03,0.2893,0.6472,3,0,0
59288,3,332,1341816965,3,258,6.1721,3.0612,5.5695,0.0815,2.2651,0,1,1,0,0,0,0,48206,40448,65536,512,68691,0.6172,14336.0,13898.6667,1,1,0,0,0,1,1,0,1,1664,0,0,15768,13.89,0.6107,0.6085,0,0,0
20992,9,34404,38628,3,559,5.0289,2.2571,5.8762,0.0,1.9959,0,70,3,0,1,0,0,5376,9728,49152,1024,23541,0.1979,2218.6667,2204.0,0,0,0,0,0,0,0,1,0,0,0,1,0,56.4,0.1973,0.5759,2,0,0
64328,11,34404,131072,2,39,5.962,2.5275,5.8437,0.0,2.1165,0,175,10,0,2,0,0,5328,19968,77824,1024,118022,0.2566,3909.8182,3869.4545,0,0,0,0,0,0,1,1,0,5000,0,1,20296,56.4,0.2511,0.6551,3,0,0
82944,5,332,1436499020,2,258,7.1371,4.3292,7.2756,0.1833,2.3356,1,29,9,0,0,0,0,5872,3584,98304,1024,136730,0.0365,16384.0,16290.4,1,1,0,0,0,1,1,0,1,75592,1,0,0,10.89,0.0342,1.0247,0,0,0
342528,5,34404,1472773688,3,35,6.4011,5.3161,6.4359,3.9625,0.803,0,93,2,0,0,0,0,241220,238080,368640,1024,383981,0.6458,68300.8,69741.6,0,1,0,0,0,1,1,0,0,436,0,0,0,9.74,0.6456,1.0172,0,0,0
84992,5,332,1482234863,3,258,6.5163,4.4807,6.5207,1.8656,1.5773,0,147,6,21,2,0,0,57817,55296,118784,1024,0,0.4655,16793.6,20900.4,1,1,0,0,0,1,1,0,1,2440,0,0,0,9.44,0.4643,9.3202,0,0,0
113752,3,332,1328930435,3,258,5.4104,2.6533,5.3091,0.0164,2.1608,0,1,1,0,0,0,0,91214,86016,114688,4096,115935,0.75,31402.6667,28381.3333,1,1,0,0,0,1,1,0,1,2104,0,0,15448,14.29,0.7239,0.494,0,0,0
152008,3,332,1343341771,2,258,6.1256,3.2571,6.1209,0.1019,2.4659,0,1,1,0,0,0,0,111854,103936,155648,512,216663,0.6678,45226.6667,44869.3333,1,1,0,0,0,1,1,0,1,30928,0,0,15816,13.84,0.666,0.6704,0,0,0
48640,6,34404,1436498385,2,34,5.9593,3.7995,6.1974,1.5327,1.5664,0,110,17,3,1,0,0,33648,32256,65536,1024,96519,0.4922,7936.0,7972.0,1,1,0,0,0,1,1,0,1,2312,0,0,0,10.89,0.4921,1.3028,0,0,0
177152,9,34404,185012,3,559,5.7361,2.9797,5.6212,0.0,2.1932,0,270,3,0,1,0,0,5376,135168,200704,1024,213087,0.6735,19569.7778,19949.3333,0,0,0,0,0,0,0,1,0,0,0,1,0,56.4,0.6712,0.7536,2,0,0
51552,11,34404,13723680,2,39,6.0356,2.4897,5.978,0.0,2.1376,0,126,10,0,2,0,0,5328,13312,69632,1024,100342,0.1912,2932.3636,2888.0,0,0,0,0,0,0,1,1,0,4992,0,1,18272,55.97,0.1878,0.5989,3,0,0
44016,11,34404,0,2,39,6.0698,2.4167,5.9218,0.0,2.1211,0,82,6,0,2,0,0,5328,10752,61440,1024,63064,0.175,2466.9091,2398.9091,0,0,0,0,0,0,1,1,0,4984,0,1,15856,56.4,0.1686,0.5754,3,0,0
21504,5,332,33412,3,783,6.044,2.9998,6.2251,0.0,2.5554,0,44,3,0,1,0,0,4096,15360,36864,1024,74557,0.4167,4096.0,4013.6,0,0,0,0,0,0,0,0,0,0,0,0,0,56.4,0.4134,0.7008,1,0,0
108032,10,34404,19,3,559,6.0043,2.9046,6.2104,0.0,2.1822,0,111,5,0,2,0,0,5376,69120,147456,1024,124938,0.4688,10700.8,11493.6,0,0,0,0,0,0,1,1,0,1504,0,1,0,56.4,0.4663,0.7722,2,0,0
43392,10,34404,0,3,39,6.2754,2.3181,5.8981,0.0,2.1221,0,75,4,0,2,0,0,5376,12800,61440,1024,96490,0.2083,2713.6,2686.8,0,0,0,0,0,0,0,1,0,0,0,1,15232,56.4,0.2004,0.5717,3,0,0
34248,5,332,1343269115,3,258,6.6686,3.6631,6.2693,0.2991,1.9408,0,57,4,0,0,0,0,12652,10240,32768,1024,35577,0.3125,3584.0,3464.0,1,1,0,0,0,1,1,0,1,3584,1,0,15304,13.84,0.3058,1.0749,0,0,0
109656,3,332,1328932352,3,258,5.535,3.2777,5.4377,0.0164,2.3463,0,1,1,0,0,0,0,78862,73728,106496,4096,146529,0.6923,30037.3333,27381.3333,1,1,0,0,0,1,1,0,1,11456,0,0,15448,14.29,0.6636,0.6313,0,0,0
72432,11,34404,14477344,2,39,6.1099,2.733,6.0135,0.0,2.2693,0,194,11,0,2,0,0,5328,26624,90112,1024,123145,0.2955,4561.4545,4581.8182,0,0,0,0,0,0,1,1,0,5000,0,1,21232,55.95,0.2918,0.6567,3,0,0
47240,11,34404,0,2,39,6.0612,2.5364,5.9489,0.0,2.1531,0,103,10,0,2,0,0,5328,11264,65536,1024,56237,0.1719,2653.0909,2647.6364,0,0,0,0,0,0,1,1,0,5000,0,1,17032,56.4,0.1708,0.6109,3,0,0
38912,6,34404,1436498584,3,34,5.622,3.7772,6.029,2.1811,1.3465,0,126,18,2,0,0,0,22128,21504,57344,1024,82243,0.375,6314.6667,6300.8333,1,1,0,0,0,1,1,0,1,1744,1,0,0,10.89,0.3664,1.2832,0,0,0
71872,5,332,1439346129,3,258,6.3713,4.414,6.5541,2.2695,1.4409,0,86,3,0,3,0,0,4474,38400,81920,1024,120603,0.4688,12595.2,13982.2,1,1,0,0,0,1,1,0,1,2088,0,0,7872,10.79,0.4665,1.3363,0,0,0
1422168,4,332,1269704119,2,258,5.9102,4.029,5.9024,0.2263,2.3161,0,57,2,0,3,3,0,4332,7680,1429504,1024,1466051,0.0054,353792.0,353622.0,1,0,0,0,0,1,1,0,1,1405812,0,0,5976,16.17,0.005,1.0745,0,0,0
218112,6,34404,1484591806,3,34,6.2258,4.8319,6.0932,3.2884,1.0826,0,316,5,0,0,0,0,170320,168448,237568,1024,272070,0.7091,36181.3333,36160.6667,1,1,0,0,0,0,1,0,1,964,0,0,0,9.36,0.7081,1.0302,0,0,0
421888,5,332,0,2,782,6.6279,5.2725,6.6176,4.1299,0.952,0,173,7,21,3,0,0,201907,327680,438272,1024,484033,0.7477,84172.8,85497.2,1,1,0,0,0,1,1,0,1,1936,0,0,0,56.4,0.7467,1.1734,0,0,0
72952,11,34404,28112928,2,39,5.9366,2.6432,5.9174,0.0,2.1515,0,255,15,0,2,0,0,5328,20480,86016,1024,75217,0.2381,4282.1818,4426.5455,0,0,0,0,0,0,1,1,0,5016,0,1,24824,55.51,0.2365,0.6389,3,0,0
686668,8,332,708992537,2,33167,7.9651,2.2963,6.5647,0.0,2.4429,0,96,8,0,4,0,0,39508,37376,81920,1024,0,0.4562,6528.0,7108.5,0,0,0,0,0,0,1,1,0,10752,0,1,633420,33.94,0.4544,0.7097,1,0,0
451760,6,34404,1325808258,3,34,6.2621,4.9675,6.3682,3.6587,0.887,0,300,9,0,2,0,0,177480,293376,462848,1024,455789,0.6338,74154.6667,74240.6667,1,1,0,0,0,0,1,0,1,1844,0,0,5808,14.39,0.633,0.9981,0,0,0
187064,8,332,2075999889,2,33166,6.5247,3.7342,6.5271,0.0,2.4296,0,219,5,0,3,6,0,4096,135168,217088,1024,211328,0.6226,22400.0,26624.0,0,0,0,0,0,0,1,1,1,11264,0,1,6328,0.0,0.6226,3.8211,0,0,0
549376,6,34404,1484591799,2,34,5.8898,4.9431,6.0629,3.7264,0.842,0,1587,11,0,0,0,0,225836,224256,561152,1024,609113,0.3996,91392.0,91191.1667,1,1,0,0,0,0,1,0,1,117860,0,0,0,9.36,0.3992,0.9934,0,0,0
51200,6,34404,1436498114,3,34,5.7194,3.7763,6.2469,0.5456,1.6866,0,95,24,0,0,0,0,30464,28672,69632,1024,84809,0.4118,8362.6667,8786.6667,1,1,0,0,0,1,1,0,1,2032,0,0,0,10.89,0.4102,1.9571,0,0,0
169048,3,332,1328929821,2,258,5.935,3.3404,5.6739,0.1019,2.363,0,1,1,0,0,0,0,158510,150528,180224,512,224586,0.8352,51029.3333,50762.6667,1,1,0,0,0,1,1,0,1,1952,0,0,15448,14.29,0.8341,0.6584,0,0,0
598872,5,34404,1327333159,2,35,6.0571,4.9697,6.3228,3.2805,1.0062,0,252,12,6,2,0,2,102080,196608,626688,1024,611645,0.3137,118272.0,122887.8,0,0,0,0,0,1,1,0,0,312788,0,0,6488,14.34,0.3131,1.419,0,0,0
82104,11,34404,0,2,39,6.8024,2.7283,7.2569,0.0,2.4939,1,112,9,0,2,0,0,5328,10752,102400,1024,134513,0.105,5771.6364,5710.5455,0,0,0,0,0,0,1,1,0,4984,0,1,17592,56.4,0.1032,0.5928,3,0,0
227328,5,332,558076,3,783,6.431,3.1752,6.2663,0.0,2.6649,0,89,2,0,1,0,0,4096,174592,561152,1024,284772,0.3111,45260.8,109344.8,0,0,0,0,0,0,0,0,0,0,0,0,0,56.39,0.311,0.7071,1,0,0
970200,6,34404,1343336120,2,34,5.596,4.7908,6.0297,3.1037,0.9765,0,771,10,494,2,0,0,407920,414208,999424,1024,995631,0.4144,158890.6667,163682.5,1,1,0,0,0,1,1,0,1,108872,0,0,15832,13.84,0.4142,1.0341,0,0,0
50208,4,332,1333707585,3,270,6.4139,4.0941,6.4861,0.0,2.4951,0,35,2,0,0,0,0,4633,38400,98304,1024,0,0.3906,12086.0,20951.0,0,0,0,0,0,0,0,0,0,0,0,0,72,14.14,0.3865,1.0,0,0,0
39936,6,34404,1436498076,3,34,5.8072,3.1125,6.1714,0.3014,2.1243,0,99,11,3,0,0,0,29168,27136,57344,1024,99451,0.4732,6485.3333,6426.3333,1,1,0,0,0,1,1,0,1,2104,0,0,0,10.89,0.4693,1.1952,0,0,0
50104,11,34404,9868368,2,39,5.9751,2.4567,5.8045,0.0,2.1068,0,125,11,0,2,0,0,5328,11776,65536,1024,60809,0.1797,2792.7273,2732.7273,0,0,0,0,0,0,1,1,0,5024,0,1,18360,56.09,0.1727,0.588,3,0,0
110208,4,332,1364474743,2,259,5.5741,4.15,6.2845,0.9383,1.9673,0,186,9,0,1,0,0,41304,38912,122880,1024,166570,0.3167,25856.0,27739.5,0,0,0,0,0,0,1,0,0,45056,0,0,5760,13.17,0.3131,1.1798,0,0,0
66560,6,34404,1436498345,2,34,4.9214,3.0886,5.8595,0.3178,2.0619,0,46,15,1,1,0,0,7424,5120,90112,1024,83980,0.0568,10922.6667,10925.6667,1,1,0,0,0,1,1,0,1,54104,0,0,0,10.89,0.0549,1.1793,0,0,0
63560,11,34404,17082400,2,39,6.0913,2.7377,6.134,0.0,2.2141,0,154,11,0,2,0,0,5328,19456,77824,1024,101091,0.25,3909.8182,3944.0,0,0,0,0,0,0,1,1,0,5000,0,1,19528,55.86,0.247,0.6808,3,0,0
51824,11,34404,18151440,2,39,6.0714,2.5099,6.0156,0.0,2.1532,0,118,11,0,2,0,0,5328,13824,69632,1024,81825,0.1985,2978.9091,2954.9091,0,0,0,0,0,0,1,1,0,4984,0,1,18032,55.83,0.1977,0.6041,3,0,0
52992,11,34404,9012096,2,39,6.0248,2.4958,5.8859,0.0,2.1289,0,124,10,0,2,0,0,5328,13824,73728,1024,113326,0.1875,3072.0,3009.4545,0,0,0,0,0,0,1,1,0,5024,0,1,18176,56.12,0.1833,0.5927,3,0,0
22472,3,332,1343345733,2,258,6.9352,2.9618,5.5317,0.0776,2.2377,0,1,1,0,0,0,0,12382,4608,32768,512,49108,0.1406,2048.0,1744.0,1,1,0,0,0,1,1,0,1,1024,1,0,15816,13.84,0.1281,0.6447,0,0,0
1255936,5,34404,1484851015,2,35,6.1053,5.5169,6.9812,3.8523,1.0917,0,452,12,0,1,3,0,766848,829440,1273856,1024,1281015,0.6511,250982.4,251559.8,0,1,0,0,0,1,1,0,0,70500,0,0,0,9.35,0.6511,1.0743,0,0,0
109656,5,34404,1328933657,3,34,6.0906,3.5134,5.7769,1.0958,1.9362,0,157,9,1,6,0,9,69996,86528,270336,1024,112112,0.3201,18636.8,50668.0,1,1,0,0,0,1,1,0,1,1688,0,0,15448,14.29,0.3192,32.3667,0,0,0
41984,5,332,1436499277,3,258,6.2464,4.7858,6.41,2.4711,1.4767,0,98,4,0,1,0,0,34592,32768,57344,1024,50371,0.5714,8192.0,8522.8,1,1,0,0,0,1,1,0,1,1744,0,0,0,10.88,0.5633,1.5224,0,0,0
12800,7,332,1363092969,3,783,4.9937,2.1148,5.8059,0.0,2.2376,0,56,3,0,2,0,0,5344,7168,36864,1024,64160,0.1944,1682.2857,1461.1429,0,0,0,0,0,0,0,1,0,0,0,1,0,13.21,0.1828,0.4441,1,0,0
54784,7,34404,1436498317,3,34,5.8391,3.2006,6.2284,0.0815,1.9937,0,121,29,0,0,0,1,10128,35840,118784,1024,56172,0.3017,7680.0,13920.4286,1,1,0,0,0,1,1,0,1,1704,1,0,0,10.89,0.3005,4.9357,1,0,0
36864,5,332,1436499001,2,258,5.8575,4.3738,5.8496,0.1833,2.1276,0,47,14,1,0,0,0,6480,4096,49152,1024,73814,0.0833,7168.0,7146.8,1,1,0,0,0,1,1,0,1,28496,1,0,0,10.89,0.0808,1.0867,0,0,0
52128,11,34404,0,2,39,6.1369,2.5687,6.018,0.0,2.1714,0,106,6,0,2,0,0,5328,15360,143360,1024,84446,0.1071,3118.5455,9320.3636,0,0,0,0,0,0,1,1,0,5016,0,1,16800,56.4,0.105,0.6037,3,0,0
25088,9,34404,38408,3,559,5.2646,2.7266,5.9824,0.0,2.0224,0,67,3,0,1,0,0,5376,8192,49152,1024,81569,0.1667,2673.7778,2681.3333,0,0,0,0,0,0,0,1,0,0,0,1,0,56.4,0.1644,0.6996,2,0,0
651200,8,34404,1502973695,2,34,6.5321,4.4289,6.4653,0.0204,2.0591,0,133,6,1,3,0,0,157316,302080,671744,1024,709024,0.4497,79424.0,81633.875,1,1,0,0,0,1,1,1,1,150224,0,1,14784,8.78,0.4492,1.1935,1,0,0
25600,9,34404,38408,3,559,5.2539,2.7171,5.9713,0.0,2.0155,0,67,3,0,1,0,0,5376,8192,49152,1024,49854,0.1667,2730.6667,2718.6667,0,0,0,0,0,0,0,1,0,0,0,1,0,56.4,0.1637,0.6967,2,0,0
43360,11,34404,0,2,39,6.0959,2.4624,5.9456,0.0,2.1588,0,78,7,0,2,0,0,5328,9728,61440,1024,90775,0.1583,2420.3636,2388.0,0,0,0,0,0,0,1,1,0,5008,0,1,15712,56.4,0.1551,0.5819,3,0,0
1326080,7,332,1482202223,2,290,6.4761,3.79,6.725,0.0204,2.7462,0,1017,24,10,2,0,0,374022,382976,1355776,1024,0,0.2825,189293.7143,190826.4286,1,1,0,0,0,1,1,1,1,794280,0,1,0,9.44,0.2824,4.2455,1,0,0
121528,8,332,2170043654,2,33166,7.1806,4.0746,7.252,0.0,2.6492,1,64,4,0,2,6,0,4096,40960,151552,1024,140113,0.2703,14208.0,18432.0,0,0,0,0,0,0,1,1,1,57856,0,1,6328,0.0,0.2703,4.0267,0,0,0
1960128,5,332,1439586042,2,258,6.3617,5.6627,7.0658,4.7825,0.873,1,1890,24,16,3,0,0,984805,1156608,1970176,1024,2013331,0.5871,390246.4,390966.8,1,1,0,0,0,1,1,0,1,116848,0,0,7872,10.79,0.5869,1.0277,0,0,0
160608,11,34404,27453472,2,39,6.3016,2.8871,6.1572,0.0,2.3761,0,294,12,0,2,0,0,5328,93184,188416,1024,184696,0.4946,12148.3636,14001.8182,0,0,0,0,0,0,1,1,0,5024,0,1,25952,55.53,0.493,0.6622,3,0,0
64424,6,34404,1399494979,2,34,6.0349,4.1213,6.1856,2.7037,1.1432,0,114,5,5,2,0,17,34116,33792,77824,1024,112718,0.4342,9472.0,9595.6667,1,1,0,0,0,1,1,0,1,2040,0,0,6568,12.06,0.4334,1.1637,0,0,0
46056,3,332,1343347275,3,258,6.3597,3.1076,5.6185,0.0815,2.2896,0,1,1,0,0,0,0,35262,27136,57344,512,52684,0.4732,9898.6667,9581.3333,1,1,0,0,0,1,1,0,1,1656,0,0,15848,13.84,0.4722,0.6099,0,0,0
22016,9,34404,38656,3,559,5.1114,2.3286,5.8643,0.0,2.0272,0,80,5,0,1,0,0,5376,10240,49152,1024,51703,0.2083,2332.4444,2311.1111,0,0,0,0,0,0,0,1,0,0,0,1,0,56.4,0.1995,0.5928,2,0,0
18944,9,34404,38540,3,559,4.8507,2.187,5.8177,0.0,1.9452,0,74,5,0,1,0,0,5376,8704,49152,1024,22391,0.1771,1991.1111,1950.2222,0,0,0,0,0,0,0,1,0,0,0,1,0,56.4,0.167,0.5685,2,0,0
54864,11,34404,1919311719,2,39,6.0016,2.5263,5.8256,0.0,2.1286,0,127,12,0,2,0,0,5328,14848,73728,1024,72460,0.2014,3211.6364,3170.1818,0,0,0,0,0,0,1,1,0,5000,0,1,18512,0.0,0.1952,0.6147,3,0,0
58504,11,34404,36476960,2,39,6.1109,2.5739,5.9682,0.0,2.1744,0,133,10,0,2,0,0,5328,19456,73728,1024,85237,0.2639,3537.4545,3524.3636,0,0,0,0,0,0,1,1,0,5008,0,1,18568,55.25,0.2614,0.6145,3,0,0
116736,5,332,132002,3,783,6.455,3.1101,6.3859,0.0,2.6441,0,82,3,0,1,0,0,4096,99328,135168,1024,117872,0.7348,23142.4,23008.8,0,0,0,0,0,0,0,0,0,0,0,0,0,56.4,0.7346,0.6981,1,0,0
83000,11,34404,37181472,2,39,6.2319,2.7272,6.1486,0.0,2.2596,0,175,12,0,2,0,0,5328,34304,368640,1024,100103,0.0931,5585.4545,29878.9091,0,0,0,0,0,0,1,1,0,5024,0,1,20536,55.23,0.0922,0.635,3,0,0
48296,6,34404,1446777766,3,34,6.6239,3.5062,6.2234,0.7316,2.0703,0,108,4,0,2,26,4,17840,18432,49152,1024,112306,0.375,5205.3333,5528.6667,1,1,0,0,0,1,1,0,1,1864,0,0,16040,10.56,0.3658,1.9113,0,0,0
26112,7,332,910767672,3,782,6.077,3.7638,6.1969,0.0,2.4545,0,104,4,0,2,29,0,4096,15872,45056,1024,72341,0.3523,3584.0,3319.8571,0,0,0,0,0,0,0,0,1,0,0,0,0,27.54,0.342,0.7283,1,0,0
35328,6,34404,1436498491,3,34,5.6398,3.7385,6.1554,1.355,1.4768,0,99,7,0,0,0,0,19472,19456,53248,1024,98619,0.3654,5717.3333,5816.0,1,1,0,0,0,1,1,0,1,2136,0,0,0,10.89,0.3647,1.3612,0,0,0
54328,11,34404,1919287298,2,39,6.0682,2.7232,5.8441,0.0,2.0802,0,121,9,0,2,0,0,5328,15872,90112,1024,74845,0.1761,3211.6364,4544.0,0,0,0,0,0,0,1,1,0,5008,0,1,17976,0.0,0.1723,0.6313,3,0,0
30208,9,34404,3221770249,3,559,5.4714,2.5393,5.9047,0.0,2.1042,0,97,3,0,1,0,0,5376,17408,61440,1024,76412,0.2833,3242.6667,3287.5556,0,0,0,0,0,0,0,1,0,0,0,1,0,0.0,0.2758,0.6585,2,0,0
130448,3,332,1343349635,2,258,5.9264,3.6276,5.4366,0.1019,2.4933,0,1,1,0,0,0,0,80110,72192,139264,512,184565,0.5184,38229.3333,37968.0,1,1,0,0,0,1,1,0,1,41968,0,0,15248,13.84,0.5165,0.6731,0,0,0
23040,5,332,33440,3,783,6.0244,3.0067,6.1917,0.0,2.5456,0,48,3,0,1,0,0,4096,16384,36864,1024,50605,0.4444,4403.2,4275.2,0,0,0,0,0,0,0,0,0,0,0,0,0,56.4,0.4412,0.6908,1,0,0
159678,5,332,1252502613,2,259,6.0841,3.4063,6.5046,0.0,2.3128,0,168,8,1,1,0,0,13333,26624,2068480,1024,0,0.0129,22630.4,410954.8,0,0,0,0,0,0,1,0,0,79336,0,0,45502,16.72,0.0128,227.1974,1,0,0
41984,5,332,1436498701,3,258,6.2112,4.3152,6.4852,0.1998,2.2777,0,100,7,1,0,0,0,34800,32768,53248,1024,52153,0.6154,8192.0,8077.6,1,1,0,0,0,1,1,0,1,2128,1,0,0,10.89,0.6084,1.2046,0,0,0
94208,6,34404,1465051083,2,34,6.0504,4.344,6.3802,1.9154,1.5982,0,81,2,0,2,0,0,10584,49664,122880,1024,135983,0.4042,15530.6667,16883.8333,1,1,0,0,0,1,1,0,1,20644,0,0,0,9.98,0.4008,1.2612,0,0,0
361408,6,332,1487598629,3,258,6.6814,5.2625,6.6299,4.005,1.0668,0,88,1,0,2,0,0,123866,252928,368640,1024,368764,0.6861,57600.0,58260.5,1,1,0,0,0,1,1,0,1,480,0,0,14784,9.27,0.6849,1.0707,1,0,0
79816,5,332,1343269083,3,258,6.2496,4.4903,6.2618,1.2906,1.8154,0,113,6,0,0,0,0,35378,32768,81920,1024,125532,0.4,12697.6,14469.2,1,1,0,0,0,1,1,0,1,23016,1,0,15304,13.84,0.3996,4.5736,0,0,0
1551248,8,34404,1471202113,2,34,6.32,4.1049,6.507,0.0204,2.0966,0,439,11,4,2,0,0,956240,1068032,2232320,1024,1612734,0.4784,191744.0,276233.0,1,1,0,0,0,1,1,1,1,219408,0,1,16272,9.79,0.4783,5.0508,1,0,0
27056,5,332,1343345234,3,290,6.8094,3.6716,6.1689,0.3075,2.0228,0,55,2,0,2,0,0,7385,5120,28672,1024,53730,0.1786,2048.0,1987.2,1,1,0,0,0,1,1,0,1,1476,1,0,15792,13.84,0.1734,1.0749,0,0,0
52024,11,34404,22464544,2,39,6.0473,2.5108,6.0342,0.0,2.1434,0,124,10,0,2,0,0,5328,13312,69632,1024,65331,0.1912,2978.9091,2921.0909,0,0,0,0,0,0,1,1,0,5000,0,1,18232,55.69,0.1897,0.5972,3,0,0
2945024,8,332,1482202250,2,290,6.9192,3.8074,7.7559,0.0204,3.0421,1,3425,25,3,2,2,0,1817512,1904640,2969600,1024,0,0.6414,368000.0,368351.0,1,1,0,0,0,1,1,1,1,424560,0,1,0,9.44,0.6413,1.1258,2,0,0
165888,5,332,177216,3,783,6.5041,3.2496,6.3732,0.0,2.7258,0,106,3,0,1,0,0,4096,137216,180224,1024,217396,0.7614,32972.8,33217.6,0,0,0,0,0,0,0,0,0,0,0,0,0,56.4,0.7604,0.7109,1,0,0
60600,7,332,3141545202,2,33166,6.5133,3.5171,6.5148,0.0,2.4762,0,51,3,0,2,5,0,4096,40960,77824,1024,78270,0.5263,7533.7143,10532.5714,0,0,0,0,0,0,0,1,1,0,0,1,6328,0.0,0.5263,4.3751,0,0,0
261048,3,332,1343349303,2,258,6.2618,3.9094,6.1754,0.1019,2.7085,0,1,1,0,0,0,0,209790,201728,270336,512,268022,0.7462,81578.6667,81226.6667,1,1,0,0,0,1,1,0,1,42064,0,0,15800,13.84,0.7458,0.6709,0,0,0
23040,9,34404,38236,3,559,5.1137,2.3189,5.9433,0.0,1.9731,0,70,3,0,1,0,0,5376,11776,49152,1024,53051,0.2396,2446.2222,2424.4444,0,0,0,0,0,0,0,1,0,0,0,1,0,56.4,0.2327,0.6026,2,0,0
56760,5,332,1343342323,3,290,6.6418,4.6261,6.4661,3.6473,1.0957,0,123,9,7,2,0,0,23775,26624,53248,1024,79084,0.5,7987.2,7934.0,1,1,0,0,0,1,1,0,1,3668,0,0,15800,13.84,0.4926,1.1399,0,0,0
138840,5,34404,1328933607,3,34,6.3055,3.7367,6.2006,1.7707,1.7402,0,211,9,16,5,3,1,55292,105472,147456,1024,147848,0.7153,24473.6,26430.4,1,1,0,0,0,1,1,0,1,10064,0,0,15448,14.29,0.7137,3.0058,0,0,0
28160,9,34404,42488,3,559,5.3896,2.763,5.917,0.0,2.0404,0,65,3,0,1,0,0,5376,8192,53248,1024,66269,0.1538,3015.1111,3070.2222,0,0,0,0,0,0,0,1,0,0,0,1,0,56.4,0.1496,0.717,2,0,0
86984,5,332,1343345227,3,290,6.6797,4.3598,6.4409,0.8133,2.0026,0,139,4,0,2,0,0,54408,53248,167936,1024,100767,0.3171,14028.8,31194.0,1,1,0,0,0,1,1,0,1,6612,0,0,15816,13.84,0.3166,34.6631,0,0,0
33792,9,34404,51340,3,559,5.5657,2.5376,6.0586,0.0,2.1228,0,102,5,0,1,0,0,5376,18944,61440,1024,53025,0.3083,3640.8889,3704.4444,0,0,0,0,0,0,0,1,0,0,0,1,0,56.4,0.3068,0.6424,2,0,0
23552,5,332,37516,3,783,5.9881,2.9884,6.1534,0.0,2.5367,0,45,3,0,1,0,0,4096,16896,40960,1024,86023,0.4125,4505.6,4340.0,0,0,0,0,0,0,0,0,0,0,0,0,0,56.4,0.4014,0.6895,1,0,0
78536,2,332,1504844041,2,8450,4.9724,2.4159,3.8279,1.0038,1.4121,0,0,0,0,0,0,0,0,0,69632,512,137363,0.0,30976.0,30592.0,1,1,0,0,0,1,1,0,0,61072,0,0,16072,8.72,0.0,0.6064,0,0,0
167888,3,332,1343350737,2,258,6.217,3.5034,6.1363,0.1019,2.5228,0,1,1,0,0,0,0,144494,136704,172032,512,229270,0.7946,50517.3333,50182.6667,1,1,0,0,0,1,1,0,1,14228,0,0,15824,13.84,0.7923,0.671,0,0,0
114264,6,34404,1328933705,3,34,6.0712,3.9668,5.8507,2.6408,1.086,0,127,6,14,2,0,0,82984,87552,118784,1024,117847,0.7371,16298.6667,16733.1667,1,1,0,0,0,1,1,0,1,1668,0,0,15448,14.29,0.7367,1.321,1,0,0
19968,3,332,1445876387,3,258,5.3283,3.249,5.5396,0.0815,2.3129,0,1,1,0,0,0,0,25486,17408,49152,512,0,0.3542,6485.3333,6264.0,1,1,0,0,0,1,1,0,1,1480,0,0,0,10.59,0.352,0.6603,0,0,0
61264,11,34404,12175392,2,39,5.939,2.5002,5.7863,0.0,2.1107,0,166,12,0,2,0,0,5328,17920,77824,1024,65996,0.2303,3630.5455,3546.9091,0,0,0,0,0,0,1,1,0,5000,0,1,20304,56.02,0.224,0.5986,3,0,0
65536,11,34404,0,2,39,6.1044,2.6979,5.9759,0.0,2.1961,0,161,11,0,2,0,0,5328,22528,81920,1024,84398,0.275,4049.4545,4075.2727,0,0,0,0,0,0,1,1,0,4984,0,1,19968,56.4,0.2708,0.6807,3,0,0
50016,11,34404,0,2,39,6.0492,2.5081,5.9468,0.0,2.149,0,114,10,0,2,0,0,5328,12288,65536,1024,84281,0.1875,2839.2727,2813.4545,0,0,0,0,0,0,1,1,0,5008,0,1,17760,56.4,0.1847,0.5991,3,0,0
19456,9,34404,2,2,559,4.9376,2.1748,6.0426,0.0,1.9492,0,72,4,0,1,0,0,5328,9216,49152,1024,51424,0.1875,2048.0,2023.5556,0,0,0,0,0,0,0,1,0,0,0,1,0,56.4,0.1865,0.5673,2,0,0
83448,5,332,1343343027,2,290,6.0895,4.0395,6.3534,1.931,1.6985,0,82,3,0,2,0,0,14699,45568,86016,1024,88479,0.5298,13312.0,14500.4,1,1,0,0,0,1,1,0,1,1604,0,0,15864,13.84,0.5244,1.2933,0,0,0
106936,3,332,1343348788,3,258,6.1374,3.1833,5.8664,0.1019,2.3701,0,1,1,0,0,0,0,96334,88576,114688,512,133186,0.7723,30378.6667,29938.6667,1,1,0,0,0,1,1,0,1,1656,0,0,15288,13.84,0.7686,0.6091,0,0,0
35664,7,34404,1436498373,2,34,6.2807,3.0289,5.9585,0.0,2.0718,0,86,15,1,0,0,0,15392,13824,49152,1024,98698,0.2812,3657.1429,3650.0,1,1,0,0,0,1,1,0,1,2312,0,0,9040,10.89,0.2743,1.2026,1,0,0
85504,7,332,1482201999,3,258,6.5063,3.6244,6.5335,0.0204,2.5364,0,165,11,0,2,0,0,63415,64000,106496,1024,0,0.601,12068.5714,11901.8571,1,1,0,0,0,1,1,1,1,480,0,1,0,9.44,0.5974,0.9945,1,0,0
724400,9,34404,1469317904,2,34,6.3689,5.2297,6.5264,2.9778,1.2064,0,202,11,2,3,0,0,217928,421376,745472,1024,764619,0.5652,79701.3333,80796.3333,1,1,0,0,0,1,1,0,1,131684,0,0,6064,9.85,0.5685,1.0518,3,0,0
53840,5,332,1482506390,2,258,6.2588,4.921,6.3117,3.7569,0.9608,0,122,7,0,2,0,0,23082,21504,61440,1024,87481,0.35,9113.6,8971.4,1,1,0,0,0,1,1,0,1,1648,0,0,7248,9.43,0.3455,0.9834,0,0,0
49432,11,34404,0,2,39,6.0387,2.4593,5.9367,0.0,2.1287,0,101,7,0,2,0,0,5328,13312,73728,1024,66776,0.1806,2885.8182,2829.0909,0,0,0,0,0,0,1,1,0,5000,0,1,16664,56.4,0.1746,0.5862,3,0,0
160176,6,332,1343345215,3,290,6.0501,3.9924,5.9084,0.0659,2.1207,0,192,4,0,3,0,5,89039,119296,176128,1024,165452,0.6773,23893.3333,25919.1667,1,1,0,0,0,1,1,1,1,1456,0,1,15792,13.84,0.6772,1.1214,0,0,0
865880,3,332,1328929457,2,258,6.3576,3.6607,6.3343,0.0776,2.634,0,1,1,0,0,0,0,852014,844288,876544,512,868349,0.9632,283306.6667,282874.6667,1,1,0,0,0,1,1,0,1,4784,0,0,15448,14.29,0.9627,0.6524,0,0,0
1479520,1,332,1269487063,2,8450,7.2117,7.2084,7.2084,7.2084,0.0,1,0,0,0,0,0,0,0,0,1478656,512,1505917,0.0,1473024.0,1472584.0,0,0,0,0,0,0,1,0,0,1472584,0,0,5984,16.18,0.0,0.9997,0,0,0
61448,11,34404,38430736,2,39,6.0329,2.5426,5.8879,0.0,2.1389,0,148,11,0,2,0,0,5328,19968,77824,1024,92103,0.2566,3723.6364,3682.1818,0,0,0,0,0,0,1,1,0,4984,0,1,19464,55.19,0.2505,0.6398,3,0,0
58368,6,332,1436575221,2,258,5.8116,3.9239,6.2777,0.2512,2.4677,0,125,6,0,2,0,18,36416,37376,77824,1024,77705,0.4803,9557.3333,9899.3333,1,0,0,0,0,1,1,0,1,7944,0,0,0,10.88,0.4751,0.9568,1,0,0
36320,3,332,1343348449,3,258,6.5033,3.1038,5.6364,0.0815,2.294,0,1,1,0,0,0,0,25262,17408,49152,512,83200,0.3542,6656.0,6242.6667,1,1,0,0,0,1,1,0,1,1640,0,0,15840,13.84,0.3474,0.6017,0,0,0
613296,7,34404,1465897979,3,34,6.3826,5.0652,6.3629,3.2259,1.1889,0,152,7,1,2,0,0,149776,356864,630784,1024,647436,0.5657,86601.1429,87776.5714,1,1,0,0,0,1,1,0,1,125612,0,0,6064,9.95,0.5651,1.1305,1,0,0
53664,3,332,1341816970,3,258,6.2939,3.073,5.7013,0.0815,2.3086,0,1,1,0,0,0,0,42590,34816,65536,512,95242,0.5312,12458.6667,12000.0,1,1,0,0,0,1,1,0,1,1584,0,0,15776,13.89,0.525,0.595,0,0,0
57856,11,34404,33798176,2,39,6.0419,2.5752,5.9223,0.0,2.1563,0,137,11,0,2,0,0,5328,16896,77824,1024,70547,0.2171,3444.3636,3421.4545,0,0,0,0,0,0,1,1,0,5000,0,1,18944,55.33,0.2149,0.6222,3,0,0
132016,9,332,0,3,271,7.1412,2.7915,7.296,0.0,2.773,1,68,3,0,2,0,0,5344,31744,143360,1024,134911,0.2214,12856.8889,12923.5556,1,1,0,0,0,0,1,1,0,75912,0,1,15280,56.4,0.2184,0.5368,2,0,0
75864,3,332,1328929400,2,258,6.377,3.5527,6.044,0.0815,2.5309,0,1,1,0,0,0,0,62046,54272,81920,512,138842,0.6625,19968.0,19565.3333,1,1,0,0,0,1,1,0,1,4824,0,0,15448,14.29,0.6575,0.6527,0,0,0
51320,11,34404,27500288,2,39,6.0559,2.468,5.9437,0.0,2.1439,0,114,9,0,2,0,0,5328,13824,73728,1024,88115,0.1875,2978.9091,2934.5455,0,0,0,0,0,0,1,1,0,5000,0,1,17528,55.53,0.1837,0.585,3,0,0
51640,5,332,1343341679,3,290,6.3559,3.651,6.0359,0.5966,1.9854,0,97,7,2,2,0,0,12112,23552,49152,1024,70194,0.4792,6963.2,6792.4,1,1,0,0,0,1,1,0,1,1620,0,0,15800,13.84,0.4764,1.1477,0,0,0
98256,6,332,1495626250,2,258,6.4445,4.1888,6.2245,0.0,2.0228,0,136,5,0,2,0,7,18468,21504,98304,1024,122416,0.2188,12970.6667,12946.3333,1,1,0,0,0,1,1,1,1,33840,0,1,19408,9.01,0.2157,0.9328,0,0,0
63936,3,332,1343348739,3,258,6.2616,3.3282,5.7309,0.0815,2.3823,0,1,1,0,0,0,0,52286,44544,73728,512,95770,0.6042,15872.0,15410.6667,1,1,0,0,0,1,1,0,1,2120,0,0,15808,13.84,0.5981,0.6139,0,0,0
50688,7,34404,1436498275,2,34,5.5354,3.6604,5.9271,0.3709,1.5664,0,122,20,0,1,0,6,25520,26624,73728,1024,98050,0.3611,7094.8571,7067.1429,1,1,0,0,0,1,1,0,1,1840,0,0,0,10.89,0.355,1.2758,1,0,0
52224,6,34404,1436498495,2,34,5.5708,4.0338,5.7652,2.5713,1.2634,0,153,8,85,0,0,0,12576,11264,69632,1024,63971,0.1618,8533.3333,8816.0,1,1,0,0,0,1,1,0,1,28120,0,0,0,10.89,0.1571,1.7837,0,0,0
25032,5,332,1343345232,3,290,6.7532,3.4043,5.7207,0.3075,1.9145,0,45,2,0,2,0,0,5530,3072,24576,1024,88993,0.125,1638.4,1526.0,1,1,0,0,0,1,1,0,1,1460,1,0,15816,13.84,0.1229,1.0312,0,0,0
176128,9,34404,189412,3,559,5.762,2.9971,5.59,0.0,2.2867,0,289,3,0,1,0,0,5376,135168,204800,1024,188090,0.66,19456.0,20132.8889,0,0,0,0,0,0,0,1,0,0,0,1,0,56.4,0.6599,0.7706,2,0,0
1398784,5,332,1493998133,2,258,6.4087,5.5131,6.3936,4.9946,0.4721,0,567,11,17,2,0,0,766619,942592,1495040,1024,1446647,0.6305,279552.0,295847.6,1,1,0,0,0,1,1,0,1,964,0,0,0,9.06,0.6303,1.4272,0,0,0
189280,6,34404,1394855108,2,34,5.3177,4.4907,6.0245,3.2234,0.9041,0,305,11,123,2,0,0,24412,24064,196608,1024,193236,0.1224,30293.3333,30504.0,1,1,0,0,0,1,1,0,1,133540,0,0,6496,12.2,0.1217,1.195,0,0,0
1749120,6,332,1494283392,2,290,6.3545,4.6684,6.6907,0.0204,2.2261,0,652,30,12,6,5,0,653416,1072640,1769472,1024,1772815,0.6062,290133.3333,292202.5,1,1,0,0,0,1,1,1,1,371952,0,1,7296,9.05,0.606,1.2886,0,0,0
71680,6,332,1482201869,3,258,6.4964,4.4562,6.5769,0.4139,2.1288,0,141,11,0,1,19,0,48067,48128,90112,1024,0,0.5341,11776.0,11772.3333,1,1,0,0,0,1,1,0,1,480,0,0,0,9.44,0.5338,1.076,1,0,0
1288248,8,34404,1487835661,2,34,6.3458,4.3867,6.4455,0.0,1.9629,0,186,6,7,4,0,6,401232,765952,1310720,1024,1339046,0.5844,158848.0,160899.875,1,1,0,0,0,1,1,1,1,153504,0,1,16440,9.26,0.584,0.8622,1,0,0
223232,6,34404,1436498393,2,34,5.6849,3.3951,5.9308,0.4445,2.1922,0,77,7,1,2,0,0,9408,7168,241664,1024,231205,0.0297,37034.6667,37037.0,1,1,0,0,0,1,1,0,1,208016,0,0,0,10.89,0.0287,1.2417,0,0,0
47168,11,34404,0,2,39,6.0378,2.45,5.9645,0.0,2.1339,0,106,6,0,2,0,0,5328,11264,65536,1024,56526,0.1719,2653.0909,2590.5455,0,0,0,0,0,0,1,1,0,4992,0,1,16960,56.4,0.1678,0.5843,3,0,0
93640,3,332,1343344156,3,290,6.1314,3.5752,5.7494,0.1019,2.4818,0,1,1,0,0,0,0,81822,73728,98304,512,113327,0.75,25770.6667,25560.0,1,1,0,0,0,1,1,0,1,3032,0,0,15816,13.84,0.7491,0.6697,0,0,0
293464,3,332,1328929469,2,258,6.6078,3.6168,6.5746,0.1019,2.6717,0,1,1,0,0,0,0,267102,259072,303104,512,356927,0.8547,92501.3333,92122.6667,1,1,0,0,0,1,1,0,1,17440,0,0,15448,14.29,0.8542,0.6653,0,0,0
54952,11,34404,8181792,2,39,6.1119,2.5768,6.0586,0.0,2.1803,0,130,11,0,2,0,0,5328,15360,73728,1024,62535,0.2083,3211.6364,3224.3636,0,0,0,0,0,0,1,1,0,5016,0,1,18600,56.15,0.2082,0.6191,3,0,0
169984,7,34404,1436498054,2,34,6.4168,2.863,6.4985,0.4009,2.4315,0,66,5,2,2,0,6,5792,7168,192512,1024,219059,0.0372,24137.1429,24034.5714,1,1,0,0,0,1,1,0,1,153896,0,0,0,10.89,0.0355,0.9737,1,0,0
81352,11,34404,25557024,2,39,6.1831,2.7786,5.9885,0.0,2.2841,0,173,9,0,2,0,0,5328,37376,98304,1024,135523,0.3802,5492.3636,5510.1818,0,0,0,0,0,0,1,1,0,5016,0,1,19912,55.6,0.3762,0.6641,3,0,0
77752,3,332,1343345678,2,258,6.3107,3.223,5.9874,0.0815,2.4258,0,1,1,0,0,0,0,67278,59392,90112,512,110461,0.6591,20650.6667,20253.3333,1,1,0,0,0,1,1,0,1,1656,0,0,15288,13.84,0.6558,0.609,0,0,0
56080,11,34404,16685088,2,39,5.963,2.5127,5.8657,0.0,2.1366,0,154,11,0,2,0,0,5328,13312,73728,1024,111756,0.1806,3211.6364,3253.8182,0,0,0,0,0,0,1,1,0,5024,0,1,19728,55.88,0.177,0.5987,3,0,0
34304,5,332,1436498699,3,258,6.1198,4.1827,6.2638,0.1833,2.1926,0,99,7,1,0,0,0,27600,25600,49152,1024,45351,0.5208,6656.0,6476.8,1,1,0,0,0,1,1,0,1,2056,1,0,0,10.89,0.5126,1.152,0,0,0
39328,4,332,1292893695,2,258,6.4654,4.4282,6.454,0.7631,2.2869,0,180,8,2,3,0,3,22407,26112,65536,1024,54874,0.3984,8064.0,13115.75,1,1,0,0,0,1,1,0,1,3556,0,0,6048,15.44,0.397,10.9966,0,0,0
56288,11,34404,34592800,2,39,6.0376,2.5577,5.8563,0.0,2.159,0,132,7,0,2,0,0,5328,17408,77824,1024,115521,0.2237,3397.8182,3346.9091,0,0,0,0,0,0,1,1,0,5008,0,1,17888,55.31,0.2184,0.6097,3,0,0
21504,9,34404,0,3,559,5.1813,2.3151,5.9895,0.0,2.0534,0,79,4,0,1,0,0,5376,10752,49152,1024,67909,0.2188,2275.5556,2426.6667,0,0,0,0,0,0,0,1,0,0,0,1,0,56.4,0.2168,0.5933,2,0,0
375296,6,34404,1436498162,2,34,6.4596,4.7822,7.2364,1.3026,1.831,1,331,16,120,1,0,0,120800,135168,409600,1024,377435,0.33,62378.6667,65544.6667,1,1,0,0,0,1,1,0,1,150128,0,0,0,10.89,0.3289,1.429,0,0,0
145872,3,332,1343349664,2,258,6.3663,3.831,6.2208,0.1019,2.6715,0,1,1,0,0,0,0,124718,116736,155648,512,167152,0.75,43178.6667,42901.3333,1,1,0,0,0,1,1,0,1,12160,0,0,15824,13.84,0.7487,0.6704,0,0,0
68648,3,332,1343343174,3,258,6.4444,4.0125,6.0046,0.0815,2.7797,0,1,1,0,0,0,0,53998,46080,73728,512,106265,0.625,17408.0,17077.3333,1,1,0,0,0,1,1,0,1,5408,0,0,15912,13.84,0.6214,0.6593,0,0,0
78336,6,332,1436498944,3,258,5.5753,3.7844,6.5185,0.0408,2.583,0,107,18,15,0,0,1,52480,50688,94208,1024,101572,0.538,12885.3333,13281.6667,1,1,0,0,0,1,1,0,1,3328,0,0,0,10.89,0.5365,0.8429,1,0,0
757760,6,34404,1484588724,3,34,6.0905,4.2908,6.3573,0.9967,2.0723,0,133,2,0,2,0,0,229236,240640,774144,1024,811516,0.3108,126122.6667,126222.6667,1,1,0,0,0,0,1,0,1,964,0,0,0,9.36,0.3106,0.9954,0,0,0
43960,11,34404,0,2,39,6.1214,2.4734,5.9799,0.0,2.0998,0,81,6,0,2,0,0,5328,11264,61440,1024,104489,0.1833,2466.9091,2450.5455,0,0,0,0,0,0,1,1,0,5000,0,1,15800,56.4,0.1822,0.6086,3,0,0
83456,6,34404,1436498254,2,34,7.0714,3.1598,7.2791,0.3014,2.5721,1,32,4,0,0,0,0,5216,3072,102400,1024,90492,0.03,13738.6667,13660.0,1,1,0,0,0,1,1,0,1,75152,0,0,0,10.89,0.0252,1.0411,0,0,0
78848,5,332,1436499282,3,258,6.1921,4.5469,6.5841,0.9461,2.0419,0,150,13,15,0,0,0,58032,65536,94208,1024,107577,0.6957,15564.8,15390.8,1,1,0,0,0,1,1,0,1,2064,0,0,0,10.88,0.6903,1.214,0,0,0
1451352,9,34404,1505955051,2,34,6.6764,3.7172,6.9329,0.0204,2.7297,0,290,11,0,9,2,10,762032,913408,1486848,1024,1488242,0.6143,160369.7778,162136.3333,1,1,0,0,0,1,1,1,1,264848,0,1,7000,8.68,0.6142,0.9465,2,0,0
59208,11,34404,38017056,2,39,6.0139,2.5001,5.7955,0.0,2.1671,0,130,11,0,2,0,0,5328,18944,77824,1024,106933,0.2434,3630.5455,3579.2727,0,0,0,0,0,0,1,1,0,5000,0,1,18248,55.2,0.2388,0.5949,3,0,0
97872,6,34404,1334103317,2,34,6.1313,4.0873,6.3396,2.0662,1.3698,0,91,7,7,2,0,0,15380,58880,114688,1024,125869,0.5134,15018.6667,16337.3333,1,1,0,0,0,1,1,0,1,1536,0,0,6736,14.13,0.5092,1.2429,0,0,0
518432,7,332,1499384030,2,290,6.6739,4.7989,7.3814,0.0204,2.3873,1,97,2,0,5,2,0,230400,339456,536576,1024,579253,0.6326,72923.4286,73875.1429,1,1,0,0,0,1,1,1,1,18528,0,1,6944,8.89,0.6324,0.8934,1,0,0
1473536,7,34404,1477373312,3,34,6.3355,4.9167,6.4692,1.9287,1.3865,0,435,19,36,3,0,60,1076176,1113600,1503232,1024,1514498,0.7408,210358.8571,211502.7143,1,1,0,0,0,1,1,0,1,74984,0,0,0,9.59,0.7407,1.1278,1,0,0
26848,3,332,1500736339,2,258,6.7354,3.2064,5.486,0.0815,2.2859,0,1,1,0,0,0,0,15774,7680,32768,512,75996,0.2344,3413.3333,3197.3333,1,1,0,0,0,1,1,0,1,1992,1,0,16096,8.85,0.2316,0.6614,0,0,0
47232,11,34404,0,2,39,6.0329,2.5071,5.8874,0.0,2.0915,0,110,10,0,2,0,0,5328,10752,73728,1024,108605,0.1458,2606.5455,3152.7273,0,0,0,0,0,0,1,1,0,5000,0,1,17536,56.4,0.1427,0.6396,3,0,0
19968,5,332,98886,3,783,5.9316,3.0377,6.1109,0.0,2.5459,0,35,2,0,1,0,0,4096,15360,102400,1024,26232,0.15,3788.8,16736.8,0,0,0,0,0,0,0,0,0,0,0,0,0,56.4,0.1452,0.6926,1,0,0
60992,11,34404,13563936,2,39,6.0029,2.5654,5.8265,0.0,2.1598,0,169,12,0,2,0,0,5328,17408,77824,1024,95463,0.2237,3584.0,3589.4545,0,0,0,0,0,0,1,1,0,5000,0,1,20544,55.98,0.2203,0.6189,3,0,0
35176,6,332,1436498745,2,258,6.2221,3.3304,5.8278,0.163,2.3212,0,89,23,0,1,0,4,10016,15360,45056,1024,95385,0.3409,4181.3333,3890.3333,1,1,0,0,0,1,1,0,1,2064,1,0,9064,10.89,0.3343,0.8935,1,0,0
21504,9,34404,38500,3,559,5.1305,2.3161,5.9603,0.0,1.9766,0,65,3,0,1,0,0,5376,11264,49152,1024,28267,0.2292,2275.5556,2280.4444,0,0,0,0,0,0,0,1,0,0,0,1,0,56.4,0.2236,0.6085,2,0,0
72704,5,332,1436499402,2,258,7.1055,4.6003,7.302,0.1833,2.4135,1,56,3,0,1,0,0,7760,6144,90112,1024,76547,0.0682,14336.0,14221.2,1,1,0,0,0,1,1,0,1,62384,1,0,0,10.88,0.0647,1.06,0,0,0
30168,3,332,1343349644,3,258,6.6742,3.1171,5.6918,0.0815,2.3135,0,1,1,0,0,0,0,19438,11264,40960,512,47588,0.275,4608.0,4301.3333,1,1,0,0,0,1,1,0,1,1640,0,0,15832,13.84,0.2747,0.6077,0,0,0
52800,11,34404,10722,2,39,6.0186,2.4716,5.9351,0.0,2.1307,0,129,11,0,2,0,0,5328,13824,69632,1024,54849,0.1985,3025.4545,3011.6364,0,0,0,0,0,0,1,1,0,4992,0,1,18496,56.4,0.1954,0.5901,3,0,0
310560,7,34404,1499374075,3,34,6.3499,4.6188,6.3436,1.6279,1.5334,0,185,3,0,2,4,0,158024,197120,331776,1024,356714,0.5941,43227.4286,44331.7143,1,1,0,0,0,1,1,0,1,920,0,0,6944,8.89,0.5936,1.1604,1,0,0
49688,11,34404,147062784,2,39,6.0582,2.5328,6.0312,0.0,2.1535,0,119,10,0,2,0,0,5328,11776,65536,1024,86714,0.1797,2792.7273,2770.5455,0,0,0,0,0,0,1,1,0,5016,0,1,17944,51.74,0.1791,0.6004,3,0,0
36864,6,34404,1436499286,2,34,5.5485,3.9276,6.0042,2.6842,1.0619,0,82,16,1,2,0,0,16096,17408,57344,1024,55487,0.3036,5973.3333,6091.8333,1,1,0,0,0,1,1,0,1,1024,0,0,0,10.88,0.2988,1.4884,0,0,0
60608,5,332,1504860121,2,258,6.6506,3.7816,6.4785,0.0204,2.5602,0,96,11,2,3,0,7,25040,27136,61440,1024,89361,0.4417,8704.0,8641.0,1,1,0,1,0,1,0,1,1,0,0,1,16064,8.72,0.4404,1.0648,0,0,0
33280,5,332,49818,3,783,6.1613,3.0556,6.1816,0.0,2.5828,0,47,3,0,1,0,0,4096,25600,53248,1024,64344,0.4808,6451.2,6341.6,0,0,0,0,0,0,0,0,0,0,0,0,0,56.4,0.4737,0.7133,1,0,0
59904,11,34404,14387232,2,39,5.9828,2.5168,5.7041,0.0,2.1164,0,149,11,0,2,0,0,5328,18944,73728,1024,108603,0.2569,3584.0,3556.0,0,0,0,0,0,0,1,1,0,5024,0,1,19456,55.95,0.2523,0.6218,3,0,0
134656,9,34404,145868,3,559,6.2655,3.1323,6.2883,0.0,2.295,0,125,5,0,2,0,0,5376,93696,159744,1024,170936,0.5865,14848.0,15292.8889,0,0,0,0,0,0,0,1,0,0,0,1,0,56.4,0.5859,0.7697,2,0,0
71680,6,34404,1436498001,2,34,5.9251,4.3011,6.1513,2.367,1.1916,0,123,8,15,1,0,0,39824,40448,86016,1024,107476,0.4702,11776.0,11921.0,1,1,0,0,0,1,1,0,1,10648,0,0,0,10.89,0.4692,1.5815,0,0,0
52208,11,34404,0,2,39,6.056,2.4867,5.9451,0.0,2.1424,0,118,10,0,2,0,0,5328,14336,69632,1024,73553,0.2059,3025.4545,2984.3636,0,0,0,0,0,0,1,1,0,5000,0,1,17904,56.4,0.2019,0.5927,3,0,0
48440,11,34404,131072,2,39,5.9962,2.4629,5.9179,0.0,2.1172,0,114,10,0,2,0,0,5328,10752,65536,1024,69302,0.1641,2699.6364,2630.9091,0,0,0,0,0,0,1,1,0,5024,0,1,17720,56.4,0.1617,0.5847,3,0,0
72792,2,34404,1328931294,3,34,5.6979,4.6435,5.6122,3.6748,0.9687,0,0,0,0,0,0,0,0,36864,65536,4096,129661,0.5625,26624.0,24286.5,1,1,0,0,0,1,1,0,0,12656,0,0,15448,14.29,0.548,0.8734,0,0,0
48840,6,332,1504845261,2,258,6.165,3.9384,6.1492,1.644,1.777,0,64,11,1,3,0,10,6598,6656,49152,1024,113409,0.1354,5290.6667,5189.6667,1,1,0,0,0,1,1,0,1,15892,1,0,16072,8.72,0.1287,1.1122,1,0,0
349184,5,332,399024,3,783,6.4805,3.4591,6.4028,0.0,2.858,0,187,5,0,1,0,0,4096,209920,405504,1024,369900,0.5177,69632.0,76764.8,0,0,0,0,0,0,0,0,0,0,0,0,0,56.39,0.5169,0.7308,1,0,0
68944,4,332,1217328823,3,258,6.1962,4.0895,6.3797,2.6641,1.3845,0,124,5,0,3,0,0,41928,47104,73728,1024,126370,0.6389,15488.0,15798.0,1,1,0,0,0,1,1,0,1,6924,0,0,5968,17.83,0.6387,1.8907,0,0,0
59904,9,34404,80020,3,559,5.9988,2.8194,6.2383,0.0,2.2904,0,103,3,0,2,0,0,5376,41984,90112,1024,111432,0.4659,6542.2222,6928.4444,0,0,0,0,0,0,0,1,0,0,0,1,0,56.4,0.4615,0.704,2,0,0
59208,3,332,1268189088,3,270,4.9826,2.4307,5.3799,0.0131,2.223,0,1,1,0,0,0,0,47854,40960,65536,4096,121720,0.625,16384.0,13736.0,1,1,0,0,0,1,1,0,1,1528,0,0,5960,16.22,0.6053,0.4481,0,0,0
67328,11,34404,0,2,39,6.1312,2.6146,6.0095,0.0,2.207,0,169,12,0,2,0,0,5328,24576,86016,1024,94991,0.2857,4189.0909,4401.0909,0,0,0,0,0,0,1,1,0,5024,0,1,20224,56.4,0.2834,0.6215,3,0,0
71056,11,34404,32804064,2,39,6.0658,2.6173,5.9054,0.0,2.1735,0,159,11,0,2,0,0,5328,27648,86016,1024,82272,0.3214,4561.4545,4543.6364,0,0,0,0,0,0,1,1,0,4984,0,1,19856,55.37,0.3211,0.6424,3,0,0
307712,5,332,333174,3,783,6.5161,3.3631,6.3947,0.0,2.7984,0,129,3,0,1,0,0,4096,256000,335872,1024,322590,0.7622,61337.6,64155.2,0,0,0,0,0,0,0,0,0,0,0,0,0,56.39,0.7614,0.722,1,0,0
665912,6,34404,1394853542,2,34,5.9523,4.1992,6.241,1.4051,1.9454,0,348,13,3,2,0,0,330652,335872,745472,1024,674257,0.4505,109738.6667,122316.0,1,1,0,0,0,1,1,0,1,241064,0,0,6456,12.2,0.4501,1.6229,0,0,0
33280,5,332,49858,3,783,6.1579,3.1,6.1672,0.0,2.6008,0,52,3,0,1,0,0,4096,25088,53248,1024,98749,0.4712,6451.2,6328.8,0,0,0,0,0,0,0,0,0,0,0,0,0,56.4,0.4638,0.7191,1,0,0
89600,7,332,2189179041,3,33166,6.5084,3.6826,6.5304,0.0,2.5917,0,68,3,0,2,5,0,4096,65536,122880,1024,0,0.5333,12580.5714,16969.1429,0,0,0,0,0,0,0,1,1,0,0,1,0,0.0,0.5333,4.3084,0,0,0
55128,11,34404,2,2,39,6.0219,2.5203,5.8786,0.0,2.139,0,126,10,0,2,0,0,5328,15872,73728,1024,65298,0.2153,3258.1818,3181.0909,0,0,0,0,0,0,1,1,0,4992,0,1,18264,56.4,0.2087,0.6066,3,0,0
59848,5,332,1343345315,3,290,6.0144,3.906,6.111,1.6844,1.6023,0,141,5,0,3,0,0,10002,17408,192512,1024,69001,0.0904,8601.6,35991.6,1,1,0,0,0,1,1,0,1,16008,1,0,15816,13.84,0.0887,55.0599,0,0,0
109400,5,34404,1484853350,2,35,6.8172,4.7689,6.9879,2.8498,1.439,0,63,5,0,0,5,0,20288,18944,118784,1024,121061,0.1595,20275.2,20220.6,0,1,0,0,0,1,1,0,0,70304,0,0,7000,9.35,0.1572,1.3538,0,0,0
59968,11,34404,22583328,2,39,6.0408,2.5383,5.9741,0.0,2.1694,0,156,11,0,2,0,0,5328,17920,77824,1024,98461,0.2303,3584.0,3564.7273,0,0,0,0,0,0,1,1,0,5024,0,1,19520,55.69,0.2293,0.6027,3,0,0
67368,11,34404,14034976,2,39,6.1354,2.5757,6.0111,0.0,2.2055,0,137,10,0,2,0,0,5328,26624,86016,1024,125553,0.3095,4328.7273,4290.5455,0,0,0,0,0,0,1,1,0,5000,0,1,18728,55.96,0.3037,0.6063,3,0,0
68952,6,34404,1484853975,2,35,5.9999,4.0097,5.8923,0.0,1.8807,0,112,5,0,0,3,0,35972,36352,77824,1024,69164,0.4671,10154.6667,9952.3333,0,1,0,0,0,1,1,1,0,436,0,1,7000,9.35,0.4654,0.8066,0,0,0
1975296,2,34404,1453327372,2,34,7.4669,6.9009,7.6274,6.1744,0.7265,1,0,0,0,0,0,0,0,1678336,1990656,512,0,0.8431,987392.0,987238.0,1,1,0,0,0,1,1,0,0,296376,0,0,0,10.35,0.843,0.9998,0,0,0
89032,11,34404,34453536,2,39,6.1259,2.7799,6.0169,0.0,2.2461,0,223,11,0,2,0,0,5328,37376,114688,1024,141256,0.3259,5957.8182,6809.8182,0,0,0,0,0,0,1,1,0,4992,0,1,22472,55.31,0.3255,0.6815,3,0,0
138736,6,332,1501530329,2,258,6.3051,4.3785,6.5149,0.6394,1.9598,0,191,7,9,2,0,0,6816,84480,147456,1024,192632,0.5729,21674.6667,21671.8333,1,1,0,0,0,1,1,0,1,2536,0,0,7664,8.82,0.5708,1.0612,1,0,0
175800,7,332,2075999889,3,33166,6.6318,3.7581,6.5352,0.0,2.6006,0,219,5,0,3,6,0,4096,135168,204800,1024,222124,0.66,23990.8571,28672.0,0,0,0,0,0,0,0,1,1,0,0,1,6328,0.0,0.66,4.2112,0,0,0
107520,10,34404,19,3,559,6.0058,2.9043,6.2252,0.0,2.1802,0,111,5,0,2,0,0,5376,68608,147456,1024,121715,0.4653,10649.6,11454.0,0,0,0,0,0,0,1,1,0,1504,0,1,0,56.4,0.4648,0.772,2,0,0
957082,8,332,708992537,2,33167,7.9796,2.2965,6.5647,0.0,2.4431,0,96,8,0,4,0,0,39508,37376,81920,1024,0,0.4562,6528.0,7108.5,0,0,0,0,0,0,1,1,0,10752,0,1,903834,33.94,0.4544,0.7097,1,0,0
377824,3,332,1343350738,2,258,6.0492,3.5483,5.9951,0.1019,2.5075,0,1,1,0,0,0,0,339870,331776,385024,512,389363,0.8617,120490.6667,120236.0,1,1,0,0,0,1,1,0,1,29012,0,0,15840,13.84,0.8615,0.6724,0,0,0
120664,5,34404,1484857010,3,35,6.7913,5.16,6.9756,4.0298,1.1402,0,101,4,0,0,3,0,26244,24576,126976,1024,134712,0.1935,22528.0,22413.8,0,1,0,0,0,1,1,0,0,71408,0,0,7000,9.35,0.193,1.0082,0,0,0
64952,11,34404,65536,2,39,6.1094,2.6466,6.061,0.0,2.241,0,174,11,0,2,0,0,5328,21504,81920,1024,90365,0.2625,3956.3636,3961.4545,0,0,0,0,0,0,1,1,0,4984,0,1,20408,56.4,0.2595,0.6376,3,0,0
38400,9,34404,4233408,3,559,5.5824,2.463,5.9456,0.0,2.0389,0,87,3,0,1,0,0,5376,17408,69632,1024,55784,0.25,4152.8889,4183.1111,0,0,0,0,0,0,0,1,0,0,0,1,0,56.27,0.2461,0.6488,2,0,0
388536,5,332,1343345235,3,290,5.9853,5.0031,6.4281,3.4897,1.0851,0,137,3,0,2,0,0,290237,288768,475136,1024,444281,0.6078,74342.4,92154.8,1,1,0,0,0,1,1,0,1,21352,0,0,15800,13.84,0.6071,1.7452,0,0,0
64000,5,332,1482234866,3,258,6.4323,4.0899,6.4901,0.3937,2.0613,0,138,5,3,2,0,0,45105,43008,86016,1024,0,0.5,12595.2,14704.4,1,1,0,0,0,1,1,0,1,2480,0,0,0,9.44,0.4956,5.4279,0,0,0
80600,7,332,1436498990,2,258,6.0166,3.3065,6.3037,0.0,2.7119,0,80,16,5,1,0,6,20560,18944,94208,1024,105006,0.2011,10020.5714,9928.0,1,1,0,0,0,1,1,0,1,45248,1,0,9432,10.89,0.1995,1.0298,2,0,0
807936,6,34404,1436498476,2,34,5.8737,5.1056,6.2812,3.513,0.8356,0,209,14,2,1,0,0,83568,84480,823296,1024,867526,0.1026,134485.3333,134596.1667,1,1,0,0,0,1,1,0,1,687336,0,0,0,10.89,0.1022,1.1343,0,0,0
48040,3,332,1341807564,3,258,6.0889,2.8838,5.1977,0.0815,2.117,0,1,1,0,0,0,0,37214,29184,57344,512,50263,0.5089,10581.3333,10210.6667,1,1,0,0,0,1,1,0,1,1592,0,0,15784,13.89,0.5062,0.5985,0,0,0
46080,5,332,58082,3,783,6.2353,2.9517,6.2495,0.0,2.5482,0,56,3,0,1,0,0,4096,34816,61440,1024,69272,0.5667,9011.2,8816.0,0,0,0,0,0,0,0,0,0,0,0,0,0,56.4,0.5634,0.6735,1,0,0
36352,5,332,1482234861,2,258,5.7707,4.391,6.0193,0.3075,2.0797,0,136,9,2,2,0,0,15820,13824,57344,1024,0,0.2411,7065.6,7777.2,1,1,0,0,0,1,1,0,1,14104,0,0,0,9.44,0.2375,2.6345,0,0,0
98392,5,34404,1328933733,3,34,6.2727,3.9253,6.0011,2.2413,1.3961,0,160,7,0,2,42,1,18864,73728,102400,1024,161479,0.72,16384.0,17509.4,1,1,0,0,0,1,1,0,1,1684,0,0,15448,14.29,0.7159,1.5617,0,0,0
644544,5,332,1371155492,2,258,6.602,5.1379,6.6021,4.4214,0.7806,0,114,3,17,2,0,0,402566,502784,651264,1024,663685,0.772,125747.2,127293.4,1,1,0,0,0,1,1,0,1,1188,0,0,14784,12.96,0.7719,1.1273,0,0,0
58368,6,34404,1436498133,3,34,6.0452,3.3818,6.2476,0.3748,2.2014,0,102,12,3,0,0,0,43856,41472,77824,1024,91094,0.5329,9557.3333,9494.0,1,1,0,0,0,1,1,0,1,2064,1,0,0,10.89,0.5323,1.149,0,0,0
48456,11,34404,548208640,2,39,5.9152,2.5854,6.0531,0.0,2.0786,0,93,6,0,2,0,0,5328,11264,65536,1024,49932,0.1719,2839.2727,3104.7273,0,0,0,0,0,0,1,1,0,5008,0,1,16200,39.03,0.171,0.6524,3,0,0
70656,5,332,1479534894,2,258,5.8428,5.1944,6.4834,3.4081,1.088,0,88,7,2,1,0,0,17744,19456,81920,1024,103652,0.2375,13926.4,13961.6,1,1,0,0,0,1,1,0,1,44800,0,0,0,9.52,0.2315,1.5269,0,0,0
37376,6,34404,1436498317,3,34,5.5704,2.9069,6.1971,0.3014,2.0616,0,97,20,0,1,0,0,22704,20992,57344,1024,94882,0.3661,6058.6667,5923.0,1,1,0,0,0,1,1,0,1,1328,1,0,0,10.89,0.3588,1.0988,0,0,0
46952,2,34404,1238349742,3,302,4.935,4.4165,5.1661,3.6668,0.7496,0,0,0,0,0,0,0,0,20480,49152,4096,55159,0.4167,18432.0,14569.0,0,0,0,0,0,1,1,0,0,12616,0,0,5992,17.16,0.3361,0.7884,0,0,0
49752,5,34404,1328933729,3,34,6.412,3.0845,5.8003,0.6366,1.9637,0,110,5,0,2,0,6,16184,28672,53248,1024,76817,0.5385,6656.0,7344.0,1,1,0,0,0,1,1,0,1,1736,0,0,15448,14.29,0.5329,2.6417,0,0,0
42168,3,332,1433126460,3,34,6.1881,3.1463,5.0299,0.0815,2.186,0,1,1,0,0,0,0,30282,22528,49152,512,106733,0.4583,8533.3333,8142.6667,1,1,0,0,0,1,1,0,1,2320,0,0,16056,10.99,0.4495,0.6368,0,0,0
259416,3,332,1298078216,2,258,6.8315,4.5596,7.515,0.1019,3.2074,1,1,1,0,0,0,0,168974,161280,278528,512,279667,0.579,84309.3333,83952.0,1,1,0,0,0,1,1,0,1,91056,0,0,5976,15.27,0.5773,0.6732,0,0,0
52736,3,332,1343346951,2,258,6.4523,3.3173,5.9247,0.0815,2.4265,0,1,1,0,0,0,0,42302,34304,65536,512,89139,0.5234,12117.3333,11874.6667,1,1,0,0,0,1,1,0,1,1496,0,0,15872,13.84,0.5206,0.664,0,0,0
42152,3,332,1433126460,3,34,6.209,3.1566,5.0749,0.0815,2.1965,0,1,1,0,0,0,0,30702,22528,49152,512,53815,0.4583,8533.3333,8274.6667,1,1,0,0,0,1,1,0,1,2296,0,0,16040,10.99,0.4581,0.6399,0,0,0
40840,11,34404,0,2,39,6.0389,2.4013,5.8701,0.0,2.0709,0,69,6,0,2,0,0,5328,8704,61440,1024,101214,0.1417,2234.1818,2169.4545,0,0,0,0,0,0,1,1,0,5032,0,1,15240,56.4,0.1371,0.5725,3,0,0
622080,6,34404,1484588738,2,34,6.1733,5.1902,6.0661,4.0593,0.6341,0,1617,11,26,2,0,0,395496,394752,638976,1024,685364,0.6178,103509.3333,103735.6667,1,1,0,0,0,0,1,0,1,1804,0,0,0,9.36,0.6176,1.038,0,0,0
167424,9,34404,0,3,559,6.1096,2.9125,6.2748,0.0,2.3292,0,265,12,0,2,0,0,5376,112640,196608,1024,226745,0.5729,18488.8889,18919.5556,1,1,0,0,0,0,0,1,0,0,0,1,0,56.4,0.5716,0.7709,2,0,0
639064,5,332,1421296912,2,258,6.5094,5.7729,6.5412,4.6697,0.7265,0,152,8,1,3,0,0,272694,443904,647168,1024,703095,0.6859,125030.4,126497.0,1,1,0,0,0,1,1,0,1,29037,0,0,12888,11.37,0.6855,1.1423,0,0,0
38912,7,34404,1436498814,2,34,5.1322,3.5714,5.9665,0.2219,1.707,0,103,26,10,1,0,3,11328,13824,61440,1024,93269,0.225,5412.5714,5389.0,1,1,0,0,0,1,1,0,1,5816,0,0,0,10.89,0.2177,1.24,1,0,0
71680,9,34404,0,3,559,5.9688,2.8086,6.1724,0.0,2.2368,0,140,4,0,1,0,0,5376,51200,102400,1024,81890,0.5,7850.6667,8231.5556,0,0,0,0,0,0,0,1,0,0,0,1,0,56.4,0.5,0.7135,2,0,0
58472,11,34404,37373984,2,39,6.014,2.549,5.8314,0.0,2.1279,0,143,10,0,2,0,0,5328,17920,77824,1024,69645,0.2303,3490.9091,3494.1818,0,0,0,0,0,0,1,1,0,5040,0,1,19048,55.22,0.2244,0.611,3,0,0
45056,9,34404,593921,3,559,5.8909,2.8626,6.1769,0.0,2.1144,0,98,4,0,1,0,0,5376,30208,73728,1024,63091,0.4097,4892.4444,4958.2222,0,0,0,0,0,0,0,1,0,0,0,1,0,56.39,0.4049,0.7351,2,0,0
42496,10,34404,65550,3,559,5.4792,2.5608,6.0209,0.0,2.0132,0,81,3,0,1,0,0,5376,22528,73728,1024,78690,0.3056,4147.2,4195.2,0,0,0,0,0,0,1,1,0,1504,0,1,0,56.4,0.2999,0.6765,2,0,0
53248,6,34404,1437100396,2,34,5.4903,4.0535,6.058,2.5473,1.1838,0,112,22,19,1,0,0,22224,25088,73728,1024,102541,0.3403,8704.0,8765.8333,1,1,0,0,0,1,1,0,1,1064,0,0,0,10.87,0.334,1.4978,0,0,0
712896,2,332,1504844043,2,8450,3.4706,2.1698,3.3039,1.0356,1.1342,0,0,0,0,0,0,0,0,0,704512,512,745812,0.0,348160.0,347956.0,1,1,0,0,0,1,1,0,0,695800,0,0,16064,8.72,0.0,0.6094,0,0,0
158424,11,34404,33728528,2,39,7.1205,3.1131,7.623,0.0,2.6495,1,181,10,0,2,0,0,5328,47104,270336,1024,183640,0.1742,12427.6364,21469.8182,0,0,0,0,0,0,1,1,0,4984,0,1,20696,55.34,0.1727,0.6844,3,0,0
167400,11,34404,37177376,2,39,5.3567,2.6643,5.9651,0.0,2.224,0,243,15,0,2,0,0,5328,67072,180224,1024,217144,0.3722,12939.6364,13188.7273,0,0,0,0,0,0,1,1,0,5008,0,1,24040,55.23,0.3703,0.6931,3,0,0
238680,4,332,1328931545,2,258,6.216,4.6882,6.1929,2.2585,1.573,0,120,5,0,2,0,1,19232,31744,237568,1024,254513,0.1336,55552.0,56883.0,1,1,0,0,0,1,1,0,1,186584,0,0,15448,14.29,0.1315,4.0496,0,0,0
72192,10,34404,0,3,559,5.9125,2.9572,6.1096,0.0,2.3084,0,107,3,0,1,0,0,5376,26624,98304,1024,110012,0.2708,7116.8,7242.4,0,0,0,0,0,0,1,1,0,23904,0,1,0,56.4,0.2666,0.7024,2,0,0
51032,3,332,1238347632,3,270,4.6338,2.9525,5.1755,0.0131,2.1675,0,1,1,0,0,0,0,24798,20480,57344,4096,88915,0.3571,13653.3333,9749.3333,0,0,0,0,0,1,1,0,1,12624,0,0,5976,17.16,0.2897,0.5282,0,0,0
52224,6,34404,1475208408,2,34,5.9792,3.5578,6.1556,0.9125,1.9694,0,151,10,5,2,0,0,29808,28160,69632,1024,110777,0.4044,8533.3333,8518.3333,1,1,0,0,0,1,1,0,1,3040,0,0,0,9.66,0.4019,1.2219,0,0,0
226816,9,34404,0,3,559,6.3354,3.398,6.312,0.0,2.3688,0,371,6,0,2,0,0,5376,144384,659456,1024,291369,0.2189,25088.0,70322.2222,0,0,0,0,0,0,0,1,0,0,0,1,0,56.4,0.2187,0.7795,2,0,0
20760,3,332,1412242031,3,258,5.9732,3.0807,5.3238,0.0815,2.2059,0,1,1,0,0,0,0,20270,12288,40960,512,54029,0.3,4778.6667,4469.3333,1,1,0,0,0,1,1,0,1,1312,0,0,5912,11.65,0.295,0.6203,0,0,0
397824,5,34404,1472773691,3,35,6.3736,5.3145,6.4,3.9669,0.794,0,92,2,0,0,0,0,286840,283648,454656,1024,453775,0.6239,79360.0,87190.4,0,1,0,0,0,1,1,0,0,436,0,0,0,9.74,0.6238,1.2242,0,0,0
41472,5,332,1436498745,2,258,6.0799,4.8359,6.6773,1.8624,1.6725,0,121,7,8,1,0,0,27312,29184,57344,1024,98746,0.5089,8089.6,8088.0,1,1,0,0,0,1,1,0,1,4864,0,0,0,10.89,0.5029,1.3122,0,0,0
22528,5,332,33458,3,783,6.0796,3.0684,6.201,0.0,2.5859,0,50,3,0,1,0,0,4096,16384,36864,1024,60670,0.4444,4300.8,4254.4,0,0,0,0,0,0,0,0,0,0,0,0,0,56.4,0.4421,0.7255,1,0,0
48128,8,332,62336,3,783,6.1287,2.7203,6.2871,0.0,2.4922,0,66,3,0,2,0,0,4768,33792,73728,1024,82687,0.4583,5888.0,5903.5,0,0,0,0,0,0,0,1,0,0,0,1,0,56.4,0.4534,0.6013,2,0,0
56336,6,34404,1473221468,2,34,5.9019,4.1157,5.9328,0.8353,1.6089,0,111,19,0,1,4,0,14272,19456,65536,1024,92553,0.2969,7680.0,7712.8333,1,1,0,0,0,1,1,0,1,1792,0,0,9232,9.72,0.2899,1.4299,0,0,0
35840,5,332,1436498738,3,258,6.2464,4.6734,6.3158,1.5036,1.742,0,101,4,0,1,0,0,28592,27136,61440,1024,47640,0.4417,6963.2,9895.6,1,1,0,0,0,1,1,0,1,2024,0,0,0,10.89,0.4377,7.0007,0,0,0
1327200,9,332,1432138456,2,33166,6.6338,3.9483,6.7155,0.0,2.8168,0,520,24,0,4,0,0,1060868,1056256,1368064,1024,1388588,0.7721,146545.7778,149195.1111,0,0,0,0,0,0,1,1,1,167816,0,1,7264,11.02,0.7719,0.8603,1,0,0
66952,2,34404,1341813354,3,34,5.843,4.1692,5.3228,3.0155,1.1537,0,0,0,0,0,0,0,0,38400,65536,512,101914,0.5859,25344.0,25126.0,1,1,0,0,0,1,1,0,0,12224,0,0,15752,13.89,0.5803,0.9926,0,0,0
20480,11,34404,2687016992,3,558,4.8533,2.2341,5.8887,0.0,1.7936,0,70,7,0,1,3,0,5376,8704,57344,1024,38360,0.1518,1768.7273,1684.0,0,0,0,0,0,0,0,1,1,0,0,1,0,0.0,0.1466,0.5381,2,0,0
49664,11,34404,7,2,39,6.0208,2.495,5.8895,0.0,2.1274,0,121,10,0,2,0,0,5328,12288,73728,1024,92654,0.1667,2792.7273,3312.7273,0,0,0,0,0,0,1,1,0,5040,0,1,17920,56.4,0.16,0.5925,3,0,0
37888,6,34404,1436498315,2,34,5.3428,3.4876,6.0767,0.3014,1.7322,0,116,21,0,0,0,0,18928,17408,61440,1024,60971,0.2833,6144.0,6522.0,1,1,0,0,0,1,1,0,1,5728,1,0,0,10.89,0.2807,2.1008,0,0,0
44032,11,34404,0,2,39,6.0185,2.4309,5.8394,0.0,2.1081,0,96,6,0,2,0,0,5328,9728,61440,1024,69513,0.1583,2420.3636,2372.7273,0,0,0,0,0,0,1,1,0,5008,0,1,16384,56.4,0.1522,0.5817,3,0,0
47832,9,332,4294967295,2,263,6.3031,2.4769,5.8913,0.0,2.4198,0,96,7,0,2,0,0,5312,14336,61440,1024,93146,0.2333,3356.4444,3153.3333,0,0,0,0,0,0,1,1,0,4984,0,1,16600,0.0,0.2269,0.5391,2,0,0
152576,6,34404,1484588929,3,34,5.7165,4.9097,6.1619,4.0403,0.722,0,120,3,0,0,0,0,84244,81920,167936,1024,180591,0.4878,25258.6667,24999.6667,1,1,0,0,0,0,1,0,1,964,0,0,0,9.36,0.4854,0.9562,0,0,0
34816,6,34404,1436498595,3,34,5.4987,3.3289,6.0948,0.3014,1.7786,0,107,26,0,1,0,0,20256,18432,53248,1024,80105,0.3462,5632.0,5489.3333,1,1,0,0,0,1,1,0,1,2104,1,0,0,10.89,0.3395,1.1461,0,0,0
189352,6,34404,1399493018,3,34,6.5808,4.7384,6.4428,2.1693,1.748,0,103,4,0,2,0,0,40824,101888,208896,1024,234369,0.4877,30293.3333,31693.1667,1,1,0,0,0,1,1,0,1,33164,0,0,6568,12.06,0.4865,1.2082,0,0,0
38912,6,34404,1436498081,2,34,5.1501,4.2972,5.9188,3.3792,0.9233,0,50,4,0,0,0,0,13408,11264,57344,1024,93196,0.1964,6314.6667,6375.6667,1,1,0,0,0,1,1,0,1,1896,0,0,0,10.89,0.1911,0.9195,0,0,0
172544,9,34404,0,3,559,6.2828,3.1579,6.2819,0.0,2.3244,0,199,6,0,2,0,0,5376,119808,208896,1024,199308,0.5735,19057.7778,20441.3333,0,0,0,0,0,0,0,1,0,0,0,1,0,56.4,0.572,0.7801,2,0,0
23040,9,34404,38592,3,559,5.0847,2.272,5.7587,0.0,2.0039,0,78,3,0,1,0,0,5376,12288,49152,1024,78559,0.25,2446.2222,2464.4444,0,0,0,0,0,0,0,1,0,0,0,1,0,56.4,0.2471,0.5872,2,0,0
1449312,1,332,1269487055,2,8450,6.727,6.7208,6.7208,6.7208,0.0,0,0,0,0,0,0,0,0,0,1449984,512,1501551,0.0,1442816.0,1442488.0,0,0,0,0,0,0,1,0,0,1442488,0,0,5984,16.18,0.0,0.9998,0,0,0
456568,5,34404,1464997109,2,34,5.5071,4.3045,5.578,1.9544,1.2753,0,93,7,3,2,0,0,40352,81408,466944,1024,468331,0.1743,89600.0,91509.6,1,1,0,0,0,1,1,0,1,354984,0,0,7544,9.98,0.174,1.3861,0,0,0
382440,7,34404,211344960,3,34,6.2166,3.6683,6.2659,0.0159,1.92,0,180,11,0,2,0,0,11968,233472,376832,4096,418661,0.6196,52662.8571,51428.2857,1,1,0,0,0,1,1,1,1,59520,1,1,9704,49.71,0.6117,1.0029,1,0,0
331776,8,34404,959557069,2,34,5.8343,2.5737,5.9731,0.0159,2.5314,0,192,37,8,2,0,2,10704,98304,331776,4096,369175,0.2963,40960.0,38727.0,1,1,0,0,0,1,1,0,1,179688,1,0,0,26.0,0.2858,0.6698,2,0,0
53248,7,34404,3634574654,2,34,3.4521,2.0537,5.5383,0.0159,2.1968,0,49,3,0,1,0,0,4416,8192,53248,4096,108432,0.1538,7021.7143,4930.8571,1,1,0,0,0,1,1,0,1,20568,1,0,0,0.0,0.1487,0.606,1,0,0
57344,7,34404,2455344607,3,34,3.9769,1.8787,5.5324,0.0159,1.9439,0,85,7,1,0,0,0,4864,28672,57344,4096,120196,0.5,7606.8571,5170.8571,1,1,0,0,0,1,1,0,1,2080,1,0,0,0.0,0.4386,0.5503,1,0,0
143360,8,34404,3783942596,2,34,5.533,2.028,6.2051,0.0159,2.1991,0,102,25,0,2,0,4,6352,102400,143360,4096,202530,0.7143,17408.0,15443.0,1,1,0,0,0,1,1,0,1,1072,1,0,0,0.0,0.7051,0.5893,2,0,0
144872,9,34404,3140993327,2,34,5.6639,1.9106,6.2486,0.0159,2.1728,0,98,23,0,2,0,16,7312,90112,135168,4096,172723,0.6667,14563.5556,12692.6667,1,1,0,0,0,1,1,0,1,1680,1,0,9704,0.0,0.6657,0.5553,3,0,0
1142000,8,34404,3573457254,3,34,7.2843,3.7545,7.4468,0.0159,2.6816,1,267,43,8,4,0,4,549104,860160,1126400,4096,1206273,0.7636,139776.0,138398.5,1,1,0,0,0,1,1,1,1,4744,1,1,19696,0.0,0.7603,0.863,2,0,0
95744,7,34404,628631168,2,34,5.2343,2.41,5.8818,0.0159,1.9976,0,118,23,1,2,0,0,7600,40960,86016,4096,98336,0.4762,11702.8571,9875.4286,1,1,0,0,0,1,1,0,1,1096,1,0,9728,36.48,0.4696,0.6749,1,0,0
113096,9,34404,2627323642,2,34,5.3746,2.2263,5.8612,0.0,2.138,0,130,22,1,2,0,24,8400,53248,106496,4096,164953,0.5,10922.6667,9177.3333,1,1,0,0,0,1,1,0,1,3848,0,0,10696,0.0,0.4703,0.6679,3,0,0
339968,8,34404,2602649628,3,34,5.9145,2.7057,6.3031,0.0159,2.323,0,286,43,0,4,0,19,162608,233472,454656,4096,348707,0.5135,41984.0,53970.25,1,1,0,0,0,1,1,0,1,34040,1,0,0,0.0,0.5124,4.1155,2,0,0
49152,8,34404,320113717,3,34,2.9911,1.5141,5.0987,0.0131,1.821,0,59,20,0,0,0,1,4864,16384,53248,4096,50447,0.3077,5632.0,3352.75,1,1,0,0,0,1,1,0,1,2096,1,0,0,46.26,0.2494,0.5351,2,0,0
77824,7,34404,2350872502,2,34,4.8646,2.2575,5.8793,0.0159,2.272,0,150,10,5,2,0,0,4416,36864,77824,4096,99453,0.4737,10532.5714,8524.8571,1,1,0,0,0,1,1,0,1,3040,1,0,0,0.0,0.4593,0.6155,1,0,0
69632,7,34404,4261834321,2,34,4.1475,2.0488,5.7022,0.0159,2.056,0,131,5,0,1,0,0,4416,28672,69632,4096,89159,0.4118,9362.2857,7178.8571,1,1,0,0,0,1,1,0,1,3016,1,0,0,0.0,0.383,0.6363,1,0,0
122880,7,34404,430463214,2,34,5.3204,2.4964,6.0282,0.0159,2.1776,0,129,8,0,1,0,0,4416,73728,122880,4096,148883,0.6,16969.1429,15819.1429,1,1,0,0,0,1,1,0,1,3504,1,0,0,42.76,0.5996,0.733,1,0,0
45056,7,34404,938636822,3,34,3.7771,2.0691,5.8444,0.0159,2.2123,0,76,8,1,0,0,0,4864,16384,45056,4096,85679,0.3636,5851.4286,4050.0,1,1,0,0,0,1,1,0,1,2632,1,0,0,26.66,0.3533,0.5857,1,0,0
110592,7,34404,4166442706,2,34,6.2637,2.036,7.273,0.0159,2.5432,1,26,3,0,0,0,0,5056,8192,110592,4096,111554,0.0741,15213.7143,12919.7143,1,1,0,0,0,1,1,0,1,79432,1,0,0,0.0,0.0566,0.5224,1,0,0
49152,7,34404,306983014,3,34,3.8065,1.923,5.3435,0.0159,2.1403,0,116,4,0,0,0,0,4864,20480,49152,4096,57033,0.4167,6436.5714,4493.4286,1,1,0,0,0,1,1,0,1,2024,1,0,0,46.68,0.3898,0.565,1,0,0
73728,7,34404,1781630465,3,34,4.4845,2.0024,5.9141,0.0159,2.0211,0,113,20,0,1,0,0,4864,36864,90112,4096,115217,0.4091,9947.4286,9724.2857,1,1,0,0,0,1,1,0,1,2040,1,0,0,0.0,0.3873,1.0954,1,0,0
55296,8,34404,1477381501,2,34,5.495,3.0551,6.1157,0.0,1.9737,0,104,26,0,1,0,2,24496,24064,77824,1024,84156,0.3092,6784.0,6813.375,1,1,0,0,0,1,1,0,1,1752,0,0,0,9.59,0.3087,1.2496,2,0,0
242176,6,34404,1484591709,2,34,5.1831,4.673,5.9396,3.4591,0.8859,0,754,8,0,0,0,0,48380,46080,258048,1024,283027,0.1786,40192.0,40053.8333,1,1,0,0,0,0,1,0,1,112184,0,0,0,9.36,0.1781,0.9905,0,0,0
81920,6,332,1482201870,3,258,6.4749,4.1331,6.4863,0.3936,2.2599,0,110,13,1,1,7,0,60720,61952,102400,1024,0,0.605,13482.6667,13376.0,1,1,0,0,0,1,1,0,1,480,0,0,0,9.44,0.6027,1.0341,1,0,0
56328,11,34404,1869509234,2,39,6.0888,2.5515,5.9686,0.0,2.1403,0,119,10,0,2,0,0,5328,17920,77824,1024,72752,0.2303,3397.8182,3347.6364,0,0,0,0,0,0,1,1,0,5000,0,1,17928,0.0,0.2265,0.6058,3,0,0
194752,5,332,1439586038,2,258,6.341,5.2562,6.2542,4.4211,0.5925,0,407,18,9,3,11,0,104334,119808,200704,1024,237075,0.5969,37171.2,37156.0,1,1,0,0,0,1,1,0,1,2640,0,0,7872,10.79,0.5947,1.0506,0,0,0
50616,11,34404,0,2,39,6.0532,2.4981,5.9528,0.0,2.1443,0,117,10,0,2,0,0,5328,13312,73728,1024,78262,0.1806,2885.8182,3022.9091,0,0,0,0,0,0,1,1,0,4992,0,1,17848,56.4,0.1763,0.5968,3,0,0
208576,4,332,1386282301,2,271,6.4414,4.301,6.5621,2.3291,1.7296,0,182,5,0,3,0,0,97393,147456,221184,4096,266183,0.6667,49152.0,51660.0,0,0,0,0,0,1,1,0,0,5312,1,0,7872,12.48,0.6536,1.436,0,0,0
141312,9,34404,154516,3,559,6.2546,3.1405,6.2847,0.0,2.3095,0,142,5,0,2,0,0,5376,97280,167936,1024,175497,0.5793,15587.5556,16084.4444,0,0,0,0,0,0,0,1,0,0,0,1,0,56.4,0.5774,0.7698,2,0,0
50176,6,34404,1436498301,2,34,5.6994,3.9054,6.017,1.9339,1.2739,0,153,27,8,1,0,0,28592,28672,65536,1024,62535,0.4375,8192.0,8265.0,1,1,0,0,0,1,1,0,1,2072,0,0,0,10.89,0.4321,1.4451,0,0,0
52704,3,332,1343349776,2,258,6.1326,3.4857,5.7565,0.0815,2.4515,0,1,1,0,0,0,0,17438,9728,65536,512,74949,0.1484,12117.3333,11682.6667,1,1,0,0,0,1,1,0,1,25784,0,0,15840,13.84,0.1412,0.654,0,0,0
38912,5,332,1436498740,3,258,6.1549,4.4118,6.3202,0.5732,2.0668,0,105,24,0,0,0,0,29344,27136,53248,1024,91987,0.5096,7577.6,7470.8,1,1,0,0,0,1,1,0,1,2048,1,0,0,10.89,0.5086,1.0032,0,0,0
37576,2,34404,1504845641,2,34,6.4633,4.7147,5.3736,4.0558,0.6589,0,0,0,0,0,0,0,0,18944,40960,512,72793,0.4625,10496.0,10448.0,1,1,0,0,0,1,1,0,0,2016,0,0,16072,8.72,0.4609,0.9905,0,0,0
53720,11,34404,4213520,2,39,6.019,2.4535,5.8231,0.0,2.1195,0,118,10,0,2,0,0,5328,15872,69632,1024,116734,0.2279,3165.0909,3093.8182,0,0,0,0,0,0,1,1,0,4984,0,1,17880,56.27,0.2221,0.5907,3,0,0
52576,6,34404,1436498126,2,34,5.8467,3.9616,5.8584,1.1055,1.4639,0,121,12,1,0,0,0,19056,18944,61440,1024,77600,0.3083,7168.0,7124.6667,1,1,0,0,0,1,1,0,1,7432,0,0,8544,10.89,0.3017,1.3366,0,0,0
1676128,4,332,1269962822,2,258,6.4584,5.6575,6.6311,3.629,1.1889,0,546,8,0,3,0,1381,6312,1108480,1695744,1024,1732714,0.6537,417280.0,420242.75,1,0,0,0,0,1,1,0,1,434396,0,0,5984,16.16,0.6534,1.0702,0,0,0
209408,6,34404,1484588931,3,34,5.9322,5.0069,6.1802,4.3092,0.6357,0,243,4,0,1,0,0,127688,125952,225280,1024,266321,0.5591,34730.6667,34716.1667,1,1,0,0,0,0,1,0,1,964,0,0,0,9.36,0.5569,1.0095,0,0,0
540368,3,332,1425317262,3,258,4.8543,2.7972,4.8065,0.1019,1.9809,0,1,1,0,0,0,0,538206,530432,557056,512,553552,0.9522,177664.0,177200.0,1,1,0,0,0,1,1,0,1,1568,0,0,6864,11.24,0.9515,0.5961,0,0,0
108496,3,332,1343348721,3,258,5.9466,3.1482,5.7159,0.1019,2.3168,0,1,1,0,0,0,0,86574,78848,114688,512,140340,0.6875,30720.0,30345.3333,1,1,0,0,0,1,1,0,1,12636,0,0,15824,13.84,0.6835,0.6683,0,0,0
39936,6,332,1436498702,3,258,6.256,3.7464,6.4449,0.1701,2.6211,0,149,12,0,2,0,3,30000,28672,65536,1024,105064,0.4375,6485.3333,7778.0,1,1,0,0,0,1,1,0,1,2032,1,0,0,10.89,0.4332,3.8056,1,0,0
274280,4,332,1267348828,2,258,6.002,5.5668,6.2114,4.4024,0.6922,0,164,6,5,3,0,49,51529,63488,282624,1024,290802,0.2246,66816.0,66812.75,1,0,0,0,0,1,1,0,1,195556,0,0,5992,16.25,0.2237,1.0261,0,0,0
849600,2,332,1504844043,2,8450,2.6565,1.754,2.4724,1.0356,0.7184,0,0,0,0,0,0,0,0,0,843776,512,895963,0.0,416512.0,416244.0,1,1,0,0,0,1,1,0,0,832376,0,0,16064,8.72,0.0,0.6093,0,0,0
40824,11,34404,0,2,39,6.0481,2.4104,5.9207,0.0,2.0943,0,71,10,0,2,0,0,5328,8192,57344,1024,73448,0.1429,2187.6364,2145.4545,0,0,0,0,0,0,1,1,0,5032,0,1,15736,56.4,0.141,0.5771,3,0,0
47616,9,34404,71632,3,559,5.8686,2.6634,6.2104,0.0,2.1867,0,94,3,0,1,0,0,5376,33280,81920,1024,97861,0.4062,5176.8889,5548.0,0,0,0,0,0,0,0,1,0,0,0,1,0,56.4,0.4027,0.6743,2,0,0
73400,8,34404,1436498326,2,34,5.9869,3.2311,6.1386,0.0,1.9949,0,151,24,0,1,0,4,35440,34304,90112,1024,102941,0.3807,7872.0,7952.5,1,1,0,0,0,1,1,0,1,2304,0,0,9400,10.89,0.3794,0.9693,2,0,0
32768,5,332,49850,3,783,6.194,3.1304,6.1979,0.0,2.626,0,51,3,0,1,0,0,4096,25088,53248,1024,34895,0.4712,6348.8,6266.4,0,0,0,0,0,0,0,0,0,0,0,0,0,56.4,0.4647,0.7257,1,0,0
38912,6,34404,1436498294,2,34,5.6029,3.1759,6.0647,0.4027,1.7942,0,106,9,1,1,0,0,23888,22528,57344,1024,62409,0.3929,6314.6667,6217.0,1,1,0,0,0,1,1,0,1,1056,0,0,0,10.89,0.3888,1.1297,0,0,0
35544,5,332,1438650047,3,259,5.243,3.0351,4.8415,0.6033,1.6003,0,82,5,0,1,0,0,10078,12800,40960,1024,57689,0.3125,5324.8,5321.2,0,0,0,0,0,1,1,0,0,1588,1,0,7896,10.82,0.3117,1.3253,0,0,0
59752,11,34404,33724448,2,39,6.0332,2.5837,5.9282,0.0,2.1332,0,149,10,0,2,0,0,5328,18432,77824,1024,111261,0.2368,3584.0,3528.7273,0,0,0,0,0,0,1,1,0,5000,0,1,19304,55.34,0.2332,0.6167,3,0,0
42304,11,34404,0,2,39,6.0762,2.4659,5.9306,0.0,2.1189,0,78,6,0,2,0,0,5328,9216,61440,1024,89997,0.15,2327.2727,2283.2727,0,0,0,0,0,0,1,1,0,5040,0,1,15680,56.4,0.1452,0.5864,3,0,0
24008,3,332,1343348626,2,258,6.8082,3.1565,5.7474,0.0815,2.3383,0,1,1,0,0,0,0,13630,5632,32768,512,70425,0.1719,2730.6667,2381.3333,1,1,0,0,0,1,1,0,1,1688,1,0,15304,13.84,0.1661,0.6048,0,0,0
702312,4,332,1267348455,2,258,6.6332,5.3296,6.5675,3.7951,1.2452,0,241,9,14,3,0,19,487425,606720,704512,1024,760329,0.8612,173824.0,173875.75,1,0,0,0,0,1,1,0,1,8008,0,0,5992,16.25,0.8606,0.9993,0,0,0
34816,6,34404,1436498600,2,34,5.6348,3.2596,5.9943,0.4609,2.089,0,75,6,0,1,0,0,21712,19968,53248,1024,45607,0.375,5632.0,5694.6667,1,1,0,0,0,1,1,0,1,2416,0,0,0,10.89,0.3723,1.2739,0,0,0
21504,5,332,33376,3,783,5.9636,2.9292,6.1688,0.0,2.515,0,40,3,0,1,0,0,4096,15360,36864,1024,22762,0.4167,4096.0,3882.4,0,0,0,0,0,0,0,0,0,0,0,0,0,56.4,0.4034,0.6662,1,0,0
23040,9,34404,38260,3,559,5.0373,2.2756,5.9107,0.0,1.9356,0,72,3,0,1,0,0,5376,11776,49152,1024,25655,0.2396,2446.2222,2390.2222,0,0,0,0,0,0,0,1,0,0,0,1,0,56.4,0.2305,0.595,2,0,0
49152,7,34404,1436498279,3,34,5.7621,3.6939,6.1591,0.2219,1.8071,0,115,22,0,0,2,3,30288,29696,69632,1024,81286,0.4265,6875.4286,6858.2857,1,1,0,0,0,1,1,0,1,2008,1,0,0,10.89,0.4198,0.8975,1,0,0
219704,6,34404,1487835011,2,34,6.6165,4.3411,6.4471,1.9487,1.8464,0,106,3,0,2,0,0,7624,31744,225280,1024,264333,0.1409,33706.6667,35006.1667,1,1,0,0,0,1,1,0,1,149800,0,0,16440,9.26,0.1408,1.2018,0,0,0
283576,3,332,1343349376,3,258,6.2073,3.74,6.0944,0.1019,2.6094,0,1,1,0,0,0,0,247470,239616,294912,512,344651,0.8125,89088.0,88718.6667,1,1,0,0,0,1,1,0,1,26860,0,0,15800,13.84,0.8114,0.6706,0,0,0
89744,11,34404,21547040,2,39,6.2031,2.8824,5.9841,0.0,2.2095,0,146,11,0,2,0,0,5328,41984,106496,1024,120262,0.3942,6330.1818,6358.9091,0,0,0,0,0,0,1,1,0,5032,0,1,19088,55.72,0.3918,0.6813,3,0,0
167912,5,332,1484037335,2,259,7.5278,4.3904,7.0548,0.0,2.5253,1,185,8,1,2,0,0,21136,41472,94605312,1024,229018,0.0004,14438.4,18918328.8,0,1,0,0,0,0,1,0,0,14040,0,0,94696,9.38,0.0004,2306.4029,1,0,0
189952,9,34404,215556,3,559,6.2358,3.0459,6.2607,0.0,2.3447,0,130,5,0,1,0,0,5376,120832,229376,1024,248048,0.5268,20992.0,21942.2222,0,0,0,0,0,0,0,1,0,0,0,1,0,56.4,0.5262,0.7773,2,0,0
50384,11,34404,131104,2,39,5.9918,2.4544,5.9777,0.0,2.1127,0,126,10,0,2,0,0,5328,11776,65536,1024,58541,0.1797,2839.2727,2808.3636,0,0,0,0,0,0,1,1,0,5000,0,1,18128,56.4,0.1786,0.6316,3,0,0
46936,2,512,1238347321,3,302,4.9342,4.4182,5.1665,3.6699,0.7483,0,0,0,0,0,0,0,0,20480,49152,4096,49705,0.4167,18432.0,14572.5,0,0,0,0,0,1,1,0,0,12624,0,0,5976,17.16,0.3361,0.7886,0,0,0
447168,6,34404,1439585446,3,34,5.6987,4.4847,6.4422,1.4452,1.5813,0,117,5,0,2,0,0,178548,244224,466944,1024,456529,0.523,73045.3333,75481.1667,1,1,0,0,0,1,1,0,1,1632,0,0,7872,10.79,0.5227,0.9947,0,0,0
185784,5,332,1354555317,2,258,7.4248,5.1665,7.7727,2.1134,1.9713,1,113,7,0,3,0,0,8220,39936,208896,1024,223121,0.1912,36044.8,38516.4,1,1,0,0,0,1,1,0,1,120856,0,0,4536,13.48,0.1903,1.6439,0,0,0
59336,2,34404,1343256381,3,34,6.1763,4.5874,5.601,3.5738,1.0136,0,0,0,0,0,0,0,0,41472,65536,512,115999,0.6328,21760.0,21536.0,1,1,0,0,0,1,1,0,0,1600,0,0,15304,13.84,0.6328,0.8906,0,0,0
67072,7,34404,1436498351,2,34,4.8673,2.5522,5.6117,0.0815,2.1395,0,61,16,2,0,0,1,6912,5120,94208,1024,70327,0.0543,9435.4286,9297.4286,1,1,0,0,0,1,1,0,1,53760,0,0,0,10.89,0.0491,0.9399,1,0,0
353280,9,34404,0,3,559,6.2653,3.0354,6.2924,0.0,2.4226,0,132,6,0,2,0,0,5376,264192,389120,1024,383377,0.6789,39139.5556,39645.7778,0,0,0,0,0,0,0,1,0,0,0,1,0,56.4,0.6789,0.7332,2,0,0
80896,5,332,1436498993,2,258,6.4568,5.3173,6.4552,2.8644,1.3579,0,111,11,45,1,0,0,22464,21504,94208,1024,106507,0.2283,15974.4,16009.2,1,1,0,0,0,1,1,0,1,52648,0,0,0,10.89,0.2245,1.1773,0,0,0
55720,11,34404,7,2,39,6.1086,2.5905,6.045,0.0,2.1645,0,128,10,0,2,0,0,5328,16896,73728,1024,57949,0.2292,3304.7273,3311.2727,0,0,0,0,0,0,1,1,0,5016,0,1,18344,56.4,0.2275,0.6228,3,0,0
43400,11,34404,0,2,39,6.1508,2.5091,6.039,0.0,2.1582,0,81,5,0,2,0,0,5328,10752,61440,1024,50137,0.175,2420.3636,2412.7273,0,0,0,0,0,0,1,1,0,5016,0,1,15752,56.4,0.1717,0.5965,3,0,0
333264,5,332,1482289023,2,258,6.2912,5.2403,6.2758,4.5189,0.6304,0,271,10,3,2,0,0,152716,190464,327680,1024,359423,0.5813,62566.4,62921.4,1,1,0,0,0,1,1,0,1,36256,0,0,19408,9.43,0.5802,1.0831,0,0,0
244224,9,34404,251988,3,559,5.924,2.8654,5.5979,0.0,2.2842,0,345,5,0,1,0,0,5376,167424,270336,1024,274695,0.6193,27022.2222,27240.8889,0,0,0,0,0,0,0,1,0,0,0,1,0,56.4,0.6185,0.7393,2,0,0
513528,5,332,1260053446,2,271,7.8977,4.5709,6.5459,0.0,2.3915,0,155,8,1,1,0,0,12860,23552,835584,1024,564040,0.0282,17817.6,164923.6,0,0,0,0,0,0,1,0,0,59816,0,0,423416,16.48,0.0277,27.7137,1,0,0
67848,11,34404,3484,2,39,5.9853,2.5749,5.8154,0.0,2.1892,0,197,12,0,2,0,0,5328,19456,81920,1024,76380,0.2375,4096.0,4070.5455,0,0,0,0,0,0,1,1,0,4984,0,1,21768,56.4,0.2319,0.614,3,0,0
164216,6,34404,1464842726,3,34,7.2869,4.324,7.5625,1.6249,2.1049,1,132,11,5,1,0,0,29536,28160,172032,1024,215178,0.1637,25941.3333,26028.3333,1,1,0,0,0,1,1,0,1,112816,0,0,7544,9.99,0.1636,1.1009,0,0,0
123552,3,332,1398849587,2,258,6.954,3.8865,6.9519,0.1019,2.8424,0,1,1,0,0,0,0,121406,113664,139264,512,129864,0.8162,38741.3333,38413.3333,1,1,0,0,0,1,1,0,1,2008,0,0,6816,12.08,0.813,0.6667,0,0,0
154744,6,34404,1377822669,2,34,6.1527,4.3198,6.3422,2.8109,1.177,0,87,6,0,2,0,0,36324,93696,172032,1024,164925,0.5446,23978.6667,25449.6667,1,1,0,0,0,1,1,0,1,976,0,0,9848,12.74,0.5417,1.1757,0,0,0
145408,9,34404,160004,3,559,5.6987,2.9044,5.589,0.0,2.1804,0,243,3,0,1,0,0,5376,111616,176128,1024,199915,0.6337,16042.6667,16317.3333,0,0,0,0,0,0,0,1,0,0,0,1,0,56.4,0.6325,0.7568,2,0,0
69024,2,34404,1341813352,3,34,5.8396,4.1892,5.3715,3.0069,1.1823,0,0,0,0,0,0,0,0,40448,65536,512,105272,0.6172,26368.0,26170.0,1,1,0,0,0,1,1,0,0,12192,0,0,15776,13.89,0.6126,0.9924,0,0,0
619992,6,34404,1343338715,3,34,6.0506,4.8455,6.2626,3.5708,0.8977,0,337,9,4,5,0,0,312736,364032,618496,1024,675433,0.5886,100522.6667,101341.5,1,1,0,0,0,1,1,0,1,1508,0,0,15832,13.84,0.5881,1.0235,0,0,0
67072,6,34404,1479536902,2,34,5.6717,3.5337,6.1845,1.0972,1.7852,0,128,27,1,1,0,0,38352,36864,86016,1024,72513,0.4286,11008.0,11056.1667,1,1,0,0,0,1,1,0,1,4368,0,0,0,9.52,0.4248,1.3582,0,0,0
42512,11,34404,0,2,39,6.0965,2.4882,5.9754,0.0,2.1401,0,81,7,0,2,0,0,5328,9216,61440,1024,48125,0.15,2327.2727,2305.0909,0,0,0,0,0,0,1,1,0,5016,0,1,15888,56.4,0.1467,0.5933,3,0,0
56720,11,34404,143392768,2,39,6.0695,2.523,6.0204,0.0,2.1322,0,130,10,0,2,0,0,5328,17408,77824,1024,101242,0.2237,3397.8182,3330.9091,0,0,0,0,0,0,1,1,0,5000,0,1,18320,51.86,0.2186,0.5944,3,0,0
350808,3,332,1328929463,2,258,6.614,3.6476,6.6026,0.1019,2.6866,0,1,1,0,0,0,0,324750,316928,360448,512,395226,0.8793,111616.0,111322.6667,1,1,0,0,0,1,1,0,1,17392,0,0,15448,14.29,0.8783,0.6738,0,0,0
53704,11,34404,10690,2,39,5.851,2.3444,5.8812,0.0,2.0186,0,157,12,0,2,0,0,5328,13824,69632,1024,105470,0.1985,3025.4545,3049.4545,0,0,0,0,0,0,1,1,0,4288,0,1,19400,56.4,0.1947,0.6093,3,0,0
543360,6,332,973786815,2,270,5.7846,4.7328,6.1402,3.6009,0.9535,0,341,8,2,3,14,0,314688,332800,581632,1024,590813,0.5722,88746.6667,93645.8333,0,0,0,0,1,0,1,0,1,127704,0,0,6784,25.55,0.5873,1.1349,0,0,0
36864,6,34404,1436498107,3,34,5.6443,3.6278,6.1169,1.0467,1.6266,0,69,5,0,0,0,0,22784,22016,98304,1024,68427,0.224,5973.3333,13015.6667,1,1,0,0,0,1,1,0,1,2024,1,0,0,10.89,0.2215,14.9716,0,0,0
23040,5,332,33402,3,783,5.9917,2.9809,6.1401,0.0,2.5382,0,43,3,0,1,0,0,4096,16384,36864,1024,26136,0.4444,4403.2,4216.0,0,0,0,0,0,0,0,0,0,0,0,0,0,56.4,0.4308,0.6814,1,0,0
41984,6,34404,1436499022,3,34,5.3116,4.229,5.982,2.5144,1.081,0,85,20,0,2,0,0,17360,17408,61440,1024,45168,0.2833,6826.6667,6892.6667,1,1,0,0,0,1,1,0,1,1056,0,0,0,10.89,0.2833,0.9572,0,0,0
103936,6,34404,1436498049,2,34,6.3614,3.0343,6.4823,0.3014,2.3696,0,34,3,0,1,0,0,5216,3072,122880,1024,137404,0.025,17152.0,17062.0,1,1,0,0,0,1,1,0,1,95568,0,0,0,10.89,0.021,1.0428,0,0,0
324048,4,332,1430152656,2,259,6.4885,4.9912,6.668,4.2728,0.9798,0,246,12,6,3,0,0,137529,237568,335872,1024,327488,0.7073,79232.0,81727.25,0,1,0,0,0,1,1,0,0,7608,0,0,6096,11.09,0.7063,1.2892,0,0,0
101464,2,34404,1328931243,3,34,5.5047,3.8448,5.2618,2.4278,1.417,0,0,0,0,0,0,0,0,77824,98304,4096,163477,0.7917,40960.0,38344.0,1,1,0,0,0,1,1,0,0,1936,0,0,15448,14.29,0.7604,0.7166,0,0,0
136672,3,332,1343348885,3,258,6.1572,3.2098,5.9402,0.1019,2.3984,0,1,1,0,0,0,0,125566,117760,147456,512,145717,0.7986,40106.6667,39677.3333,1,1,0,0,0,1,1,0,1,1640,0,0,15840,13.84,0.796,0.607,0,0,0
249744,6,34404,1394855128,2,34,5.5227,4.691,5.973,3.8479,0.7962,0,468,16,243,2,0,0,38568,40448,258048,1024,286003,0.1567,40362.6667,40739.0,1,1,0,0,0,1,1,0,1,135132,0,0,6544,12.2,0.1549,1.1741,0,0,0
49664,9,34404,2231767553,3,559,5.8468,2.6231,6.1027,0.0,2.1863,0,108,3,0,1,0,0,5376,33792,86016,1024,70546,0.3929,5404.4444,5775.1111,0,0,0,0,0,0,0,1,0,0,0,1,0,0.0,0.3923,0.6493,2,0,0
358080,5,332,1439585786,3,258,6.2384,5.0077,6.6117,2.7261,1.2791,0,158,5,9,2,0,0,199804,198656,413696,1024,394288,0.4802,69836.8,79414.4,1,1,0,0,0,1,1,0,1,2344,0,0,7872,10.79,0.4801,1.1919,0,0,0
28672,9,34404,1342243588,3,559,5.4078,2.4858,5.8429,0.0,2.0973,0,100,3,0,1,0,0,5376,15360,57344,1024,38168,0.2679,3072.0,3080.8889,0,0,0,0,0,0,0,1,0,0,0,1,0,13.87,0.2617,0.6341,2,0,0
40392,5,332,1343345674,2,290,6.3662,4.3313,5.4939,2.7555,0.9883,0,233,6,164,2,0,0,9515,9216,36864,1024,53216,0.25,4710.4,4690.8,1,1,0,0,0,1,1,0,1,6648,1,0,15816,13.84,0.2445,1.2856,0,0,0
56160,7,34404,1436498343,2,34,5.8722,3.9198,5.9495,0.0,1.7284,0,92,9,0,0,0,0,18896,17920,69632,1024,90646,0.2574,6656.0,6682.5714,1,1,0,0,0,1,1,0,1,3280,0,0,8544,10.89,0.25,0.983,1,0,0
39424,6,332,1436498751,2,258,6.0579,3.6846,6.244,0.2467,2.5224,0,117,29,0,2,0,5,26608,25088,61440,1024,79035,0.4083,6400.0,6630.3333,1,1,0,0,0,1,1,0,1,4416,1,0,0,10.89,0.4027,1.7532,1,0,0
122552,8,332,1988378184,2,33166,6.7511,4.0087,6.5377,0.0,2.5188,0,97,5,0,2,7,0,4096,53248,143360,1024,126855,0.3714,14336.0,17408.0,0,0,0,0,0,0,1,1,1,41472,0,1,6328,0.0,0.3714,3.7685,0,0,0
80472,5,34404,1328933625,2,34,6.1907,4.2037,5.9685,2.0416,1.253,0,104,6,4,2,0,3,39952,52224,81920,1024,90466,0.6375,12800.0,13473.6,1,1,0,0,0,1,1,0,1,1708,0,0,15448,14.29,0.6334,1.0577,0,0,0
58336,3,332,1343344600,3,258,6.3934,3.3149,5.9049,0.0815,2.4205,0,1,1,0,0,0,0,47310,39424,65536,512,80731,0.6016,13994.6667,13640.0,1,1,0,0,0,1,1,0,1,1784,0,0,15840,13.84,0.597,0.629,0,0,0
178776,5,34404,1328935658,3,34,6.0381,4.4501,5.8812,1.9858,1.3437,0,187,8,23,2,2,0,48308,140800,212992,1024,186651,0.6611,32460.8,40051.2,1,1,0,0,0,1,1,0,1,8128,0,0,15448,14.29,0.6602,2.4888,0,0,0
388080,5,332,1343348767,2,290,6.4179,5.0183,6.3349,3.6936,0.953,0,159,11,5,3,0,0,185413,334336,397312,1024,431794,0.8415,74240.0,76734.4,1,1,0,0,0,1,1,0,1,1536,0,0,15856,13.84,0.8412,1.239,0,0,0
494080,6,34404,1474099132,2,34,5.8192,4.2728,6.1794,0.4609,1.837,0,205,12,17,3,0,0,52240,50688,512000,1024,501661,0.099,82176.0,82140.1667,1,1,0,0,0,1,1,0,1,413904,0,0,0,9.69,0.0981,1.4669,0,0,0
29184,5,332,1484797874,2,258,5.8764,4.3565,6.0573,1.1452,1.6808,0,163,3,0,1,3,0,13579,11264,40960,1024,72153,0.275,5632.0,5728.0,1,1,0,0,0,1,1,0,1,3936,0,0,0,9.35,0.2708,1.3719,0,0,0
329496,5,34404,1266297911,2,35,5.9951,4.8609,6.0338,3.6883,0.8109,0,130,8,1,2,0,0,122080,231424,348160,1024,372570,0.6647,64512.0,66773.2,0,0,0,0,0,1,1,0,0,3720,0,0,5912,16.28,0.6646,1.2271,0,0,0
92792,11,34404,6977568,2,39,5.949,2.6858,5.8759,0.0,2.2393,0,314,13,0,2,0,0,5328,28672,98304,1024,112016,0.2917,5864.7273,5823.6364,0,0,0,0,0,0,1,1,0,5016,0,1,27256,56.18,0.2865,0.6345,3,0,0
30720,5,332,45732,3,783,6.2511,3.0746,6.3094,0.0,2.6046,0,48,3,0,1,0,0,4096,22528,49152,1024,89434,0.4583,5939.2,5862.4,0,0,0,0,0,0,0,0,0,0,0,0,0,56.4,0.4536,0.7083,1,0,0
84312,3,332,1298078217,2,258,5.8079,3.4681,5.7646,0.1019,2.4324,0,1,1,0,0,0,0,73374,65536,98304,512,105362,0.6667,25941.3333,25565.3333,1,1,0,0,0,1,1,0,1,11496,0,0,5976,15.27,0.6631,0.6648,0,0,0
32768,5,332,45878,3,783,6.1654,3.0691,6.1776,0.0,2.5891,0,67,3,0,1,0,0,4096,23552,49152,1024,47354,0.4792,6348.8,6244.8,0,0,0,0,0,0,0,0,0,0,0,0,0,56.4,0.4751,0.7116,1,0,0
65792,11,34404,13047840,2,39,6.0326,2.5675,5.9227,0.0,2.186,0,185,12,0,2,0,0,5328,19456,77824,1024,95984,0.25,4002.9091,4077.8182,0,0,0,0,0,0,1,1,0,5000,0,1,20736,55.99,0.2472,0.6225,3,0,0
148480,9,34404,0,3,559,5.5519,2.8446,6.2714,0.0,2.2228,0,93,2,0,1,0,0,5376,40448,176128,1024,203229,0.2297,16384.0,16479.5556,0,0,0,0,0,0,0,1,0,0,0,1,0,56.4,0.2287,0.7245,2,0,0
57200,11,34404,16513056,2,39,6.1183,2.5937,6.0408,0.0,2.1796,0,124,11,0,2,0,0,5328,17920,77824,1024,69893,0.2303,3444.3636,3429.4545,0,0,0,0,0,0,1,1,0,5008,0,1,18288,55.88,0.2273,0.6205,3,0,0
143360,9,34404,159972,3,559,5.6713,2.8783,5.5821,0.0,2.1783,0,241,3,0,1,0,0,5376,111104,176128,1024,170039,0.6308,15815.1111,16053.7778,0,0,0,0,0,0,0,1,0,0,0,1,0,56.4,0.6287,0.7473,2,0,0
200192,7,332,1482202002,2,258,6.4255,4.1242,6.8217,0.0204,2.6588,0,209,13,0,2,0,0,67940,64512,221184,1024,0,0.2917,28452.5714,28358.8571,1,1,0,0,0,1,1,1,1,4824,0,1,0,9.44,0.2911,0.884,1,0,0
83456,6,332,1436498657,3,258,4.4992,3.8131,6.6127,0.208,2.6301,0,110,23,3,1,23,5,39296,38400,122880,1024,117824,0.3125,13738.6667,17397.1667,1,1,0,0,0,1,1,0,1,2016,0,0,0,10.89,0.3119,0.9312,1,0,0
83784,3,332,1211339884,3,270,5.0571,2.8785,5.2297,0.0164,2.1588,0,1,1,0,0,0,0,71742,65536,90112,4096,85296,0.7273,24576.0,22146.6667,0,0,0,0,0,1,1,0,1,2872,0,0,5960,18.02,0.7053,0.558,0,0,0
112064,3,332,1487598633,2,34,5.8893,3.4827,5.5308,0.1019,2.4083,0,1,1,0,0,0,0,99334,91648,122880,512,143114,0.7458,32256.0,31794.6667,1,1,0,0,0,1,1,0,1,4224,0,0,14784,9.27,0.7418,0.6449,0,0,0
101888,9,34404,0,3,559,6.066,2.8278,6.2413,0.0,2.2909,0,107,4,0,1,0,0,5376,66048,139264,1024,122918,0.4743,11207.1111,12552.4444,0,0,0,0,0,0,0,1,0,0,0,1,0,56.4,0.4719,0.7046,2,0,0
37376,5,332,54004,3,783,6.2321,3.0233,6.2885,0.0,2.5991,0,58,3,0,1,0,0,4096,29184,57344,1024,69709,0.5089,7270.4,7136.8,0,0,0,0,0,0,0,0,0,0,0,0,0,56.4,0.5035,0.6899,1,0,0
59832,11,34404,0,2,39,6.2241,2.6076,6.088,0.0,2.2105,0,106,7,0,2,0,0,5328,23552,81920,1024,78124,0.2875,3816.7273,3827.2727,0,0,0,0,0,0,1,1,0,5000,0,1,16824,56.4,0.2866,0.6226,3,0,0
41584,11,34404,0,2,39,6.012,2.385,5.9036,0.0,2.0797,0,73,6,0,2,0,0,5328,8704,61440,1024,43967,0.1417,2280.7273,2183.6364,0,0,0,0,0,0,1,1,0,5016,0,1,15472,56.4,0.1368,0.5651,3,0,0
308224,5,332,333174,3,783,6.518,3.3638,6.3959,0.0,2.7991,0,129,3,0,1,0,0,4096,256512,335872,1024,333657,0.7637,61440.0,64323.2,0,0,0,0,0,0,0,0,0,0,0,0,0,56.39,0.7637,0.7226,1,0,0
41984,6,34404,1436497990,2,34,5.751,3.6877,5.989,1.0668,1.5733,0,86,17,0,1,3,0,26224,25088,61440,1024,75172,0.4083,6826.6667,6886.1667,1,1,0,0,0,1,1,0,1,1080,1,0,0,10.89,0.4061,1.4656,0,0,0
674376,3,332,1461235709,2,258,6.293,3.9871,6.1245,0.1019,2.7518,0,1,1,0,0,0,0,448078,440320,688128,512,731625,0.6399,221184.0,220717.3333,1,1,0,0,0,0,1,0,1,222248,0,0,10312,10.1,0.6393,0.6734,0,0,0
30672,3,332,1343349317,3,258,6.6354,3.0945,5.6359,0.0815,2.2919,0,1,1,0,0,0,0,19934,11776,40960,512,86849,0.2875,4778.6667,4456.0,1,1,0,0,0,1,1,0,1,1608,0,0,15824,13.84,0.2868,0.6021,0,0,0
69064,3,332,1343256518,2,290,6.0115,3.0241,5.4259,0.0815,2.2151,0,1,1,0,0,0,0,58814,50688,81920,512,101246,0.6188,17749.3333,17410.6667,1,1,0,0,0,1,1,0,1,1592,0,0,15304,13.84,0.618,0.5999,0,0,0
38400,6,34404,1436498253,3,34,5.7496,3.7252,6.2076,0.8196,1.6022,0,112,24,1,1,0,0,22752,20992,57344,1024,53492,0.3661,6229.3333,6255.3333,1,1,0,0,0,1,1,0,1,1800,1,0,0,10.89,0.3661,1.3029,0,0,0
61016,4,332,1328931506,3,290,6.4972,4.0009,6.165,2.3161,1.3952,0,144,9,2,2,4,0,14203,37376,61440,1024,80430,0.6083,11136.0,12389.5,1,1,0,0,0,1,1,0,1,2476,0,0,15448,14.29,0.602,3.8568,0,0,0
45056,5,332,58102,3,783,6.2332,3.0973,6.2591,0.0,2.6508,0,59,3,0,1,0,0,4096,33280,61440,1024,55248,0.5417,8806.4,8608.0,0,0,0,0,0,0,0,0,0,0,0,0,0,56.4,0.534,0.6871,1,0,0
54248,3,332,1343348450,3,258,6.3357,3.1482,5.7558,0.0815,2.3391,0,1,1,0,0,0,0,43390,35328,65536,512,91975,0.5391,12629.3333,12290.6667,1,1,0,0,0,1,1,0,1,1656,0,0,15848,13.84,0.5372,0.6095,0,0,0
342720,6,332,1504860031,2,258,5.9648,3.9925,6.6462,0.0204,2.569,0,118,3,0,3,0,2,61491,136192,344064,1024,395641,0.3958,54272.0,53972.5,1,1,0,1,0,1,0,1,1,0,0,1,16064,8.72,0.3949,0.8178,1,0,0
26048,3,332,1343349327,3,258,6.7781,3.2397,5.5794,0.0815,2.3179,0,1,1,0,0,0,0,14782,6656,32768,512,51654,0.2031,3242.6667,2909.3333,1,1,0,0,0,1,1,0,1,2120,1,0,15808,13.84,0.2013,0.6142,0,0,0
88152,5,34404,1328933617,3,34,6.2818,3.609,5.9474,1.6632,1.6802,0,151,11,2,2,4,0,26788,65024,94208,1024,140238,0.6902,14336.0,15963.2,1,1,0,0,0,1,1,0,1,1700,0,0,15448,14.29,0.6876,4.5606,0,0,0
40928,3,332,1343348872,3,258,6.3514,3.0982,5.4731,0.0815,2.2474,0,1,1,0,0,0,0,29822,22016,49152,512,102291,0.4479,8192.0,7805.3333,1,1,0,0,0,1,1,0,1,1768,0,0,15840,13.84,0.4402,0.6232,0,0,0
49080,7,332,1436499000,2,258,6.3767,3.5537,6.3654,0.0,2.309,0,104,19,1,1,0,24,23920,27136,61440,1024,78097,0.4417,5558.8571,5466.0,1,1,0,0,0,1,1,0,1,4112,0,0,9144,10.89,0.4391,1.1027,2,0,0
298320,3,332,1298078222,2,258,6.7946,4.0693,6.8079,0.1019,2.8723,0,1,1,0,0,0,0,287662,279552,319488,512,324214,0.875,97280.0,96986.6667,1,1,0,0,0,1,1,0,1,11472,0,0,5968,15.27,0.8748,0.6658,0,0,0
48504,3,332,1464997084,3,258,5.2581,2.6316,5.7637,0.0131,2.3756,0,1,1,0,0,0,0,35278,28672,57344,4096,78593,0.5,12288.0,9597.3333,1,1,0,0,0,1,1,0,1,1688,0,0,7544,9.98,0.4724,0.4533,0,0,0
29696,5,332,41730,3,783,6.0313,2.9281,6.1703,0.0,2.5087,0,60,3,0,1,0,0,4096,22016,45056,1024,53181,0.4886,5734.4,5504.8,0,0,0,0,0,0,0,0,0,0,0,0,0,56.4,0.4806,0.6717,1,0,0
38400,6,34404,1436498312,3,34,5.595,3.8112,6.0598,2.1769,1.321,0,116,21,12,0,0,0,22240,20480,57344,1024,58308,0.3571,6229.3333,6668.0,1,1,0,0,0,1,1,0,1,1288,0,0,0,10.89,0.3499,1.1819,0,0,0
41472,6,34404,1436498704,2,34,5.8877,3.7564,6.1483,0.3748,1.7981,0,111,11,4,1,0,0,27808,26112,61440,1024,79243,0.425,6741.3333,6739.5,1,1,0,0,0,1,1,0,1,2504,1,0,0,10.89,0.418,1.2661,0,0,0
52528,11,34404,15603744,2,39,6.0343,2.5654,5.9315,0.0,2.1323,0,125,10,0,2,0,0,5328,13312,73728,1024,70064,0.1806,3025.4545,2993.4545,0,0,0,0,0,0,1,1,0,5000,0,1,18224,55.91,0.1772,0.6177,3,0,0
54064,11,34404,36268064,2,39,5.9627,2.4439,5.9233,0.0,2.1018,0,138,11,0,2,0,0,5328,13824,73728,1024,105880,0.1875,3118.5455,3062.9091,0,0,0,0,0,0,1,1,0,5000,0,1,18736,55.26,0.185,0.6365,3,0,0
79544,7,34404,1436498411,2,34,6.1979,3.7009,6.1019,0.0,1.9241,0,128,23,2,1,0,0,17440,41984,90112,1024,138973,0.4659,9874.2857,9967.0,1,1,0,0,0,1,1,0,1,2144,1,0,9400,10.89,0.4649,1.1506,1,0,0
245952,2,332,1504844046,2,8450,3.7967,2.1918,3.3481,1.0356,1.1563,0,0,0,0,0,0,0,0,0,237568,512,265101,0.0,114688.0,114268.0,1,1,0,0,0,1,1,0,0,228424,0,0,16064,8.72,0.0,0.6084,0,0,0
54224,5,332,1343334899,3,290,6.6213,4.3043,6.0358,1.3709,1.5679,0,100,7,2,2,0,0,10941,29696,53248,1024,79124,0.5577,7475.2,7412.4,1,1,0,0,0,1,1,0,1,1492,0,0,15824,13.84,0.5506,1.2096,0,0,0
50536,11,34404,0,2,39,6.0395,2.4948,5.9152,0.0,2.1372,0,114,10,0,2,0,0,5328,12800,69632,1024,60649,0.1838,2885.8182,2856.3636,0,0,0,0,0,0,1,1,0,5016,0,1,17768,56.4,0.1832,0.5979,3,0,0
49152,2,34404,1430973521,3,302,4.7569,3.5884,5.2878,1.8889,1.6994,0,0,0,0,0,0,0,0,40960,57344,4096,109574,0.7143,22528.0,20162.0,1,1,0,0,0,1,1,0,0,1528,0,0,0,11.06,0.6765,0.6601,0,0,0
59488,11,34404,1600585730,2,39,6.0206,2.5504,5.9544,0.0,2.1482,0,159,10,0,2,0,0,5328,16896,77824,1024,123343,0.2171,3537.4545,3524.0,0,0,0,0,0,0,1,1,0,5000,0,1,19552,5.69,0.2152,0.6467,3,0,0
48840,6,332,1504845261,2,258,6.0626,3.8738,6.1498,1.644,1.7905,0,64,11,1,3,0,10,6598,6656,49152,1024,79893,0.1354,5290.6667,5193.6667,1,1,0,0,0,1,1,0,1,15916,1,0,16072,8.72,0.1287,1.1125,1,0,0
2226160,5,332,1503574016,2,290,6.1321,5.3317,6.6717,3.5844,1.1334,0,449,4,1,7,2,256,4807,1192448,2248704,1024,2243453,0.5303,443494.4,446875.6,1,1,0,0,0,1,1,0,1,642680,0,0,7664,8.76,0.5301,1.1918,0,0,0
64448,3,332,1343343019,2,258,6.555,3.3308,6.2668,0.0815,2.5348,0,1,1,0,0,0,0,54174,46080,73728,512,70036,0.625,16213.3333,15890.6667,1,1,0,0,0,1,1,0,1,1672,0,0,15296,13.84,0.6238,0.6126,0,0,0
33152,4,332,1267348322,2,258,6.2571,5.1086,5.9678,3.4532,0.977,0,112,6,50,3,0,16,8650,10752,40960,1024,36394,0.2625,6528.0,6533.75,1,1,0,0,0,1,1,0,1,13040,0,0,6016,16.25,0.2577,1.3738,0,0,0
79360,6,332,1436499210,3,258,6.4119,3.794,6.7536,0.2194,2.6193,0,116,19,0,1,0,4,65984,65024,98304,1024,97020,0.6615,13056.0,12932.6667,1,1,0,0,0,1,1,0,1,2120,0,0,0,10.89,0.6563,1.1192,1,0,0
308736,9,34404,334760,3,559,6.3574,3.2348,6.296,0.0,2.3677,0,154,5,0,3,0,0,5376,174080,348160,1024,372913,0.5,34190.2222,35630.6667,0,0,0,0,0,0,0,1,0,0,0,1,0,56.39,0.4987,0.7831,2,0,0
41472,5,332,1436499388,2,258,6.1404,4.8056,6.3448,2.9895,1.4285,0,123,8,2,0,0,0,30528,32256,53248,1024,54326,0.6058,8089.6,8190.0,1,1,0,0,0,1,1,0,1,1328,0,0,0,10.88,0.6047,1.1539,0,0,0
535328,7,34404,1499373678,2,34,6.7594,5.0732,7.6382,1.8643,1.7592,1,869,7,0,2,4,0,176308,225280,557056,1024,575892,0.4044,75337.1429,76428.5714,1,1,0,0,0,1,1,0,1,128296,0,0,6944,8.89,0.4039,1.0638,1,0,0
40960,9,34404,63200,3,559,5.8334,2.6945,6.2221,0.0,2.203,0,82,3,0,1,0,0,5376,28672,73728,1024,96348,0.3889,4437.3333,5075.1111,0,0,0,0,0,0,0,1,0,0,0,1,0,56.4,0.3872,0.715,2,0,0
76656,11,34404,15259680,2,39,6.2352,2.7329,6.0987,0.0,2.1976,0,137,10,0,2,0,0,5328,35328,94208,1024,106258,0.375,5166.5455,5240.7273,0,0,0,0,0,0,1,1,0,4992,0,1,18800,55.92,0.3749,0.6512,3,0,0
19968,11,34404,2687016992,3,558,4.8538,2.2258,6.0117,0.0,1.8051,0,69,6,0,1,3,0,5376,8192,53248,1024,44149,0.1538,1722.1818,1649.4545,0,0,0,0,0,0,0,1,1,0,0,1,0,0.0,0.1537,0.5356,2,0,0
460800,5,332,1439586044,3,258,6.2579,4.8443,6.5731,1.8966,1.5643,0,232,7,4,2,0,0,25244,265216,487424,1024,495106,0.5441,91955.2,93988.0,1,1,0,0,0,1,1,0,1,424,0,0,0,10.79,0.5433,1.0181,0,0,0
31744,9,34404,51104,3,559,5.5091,2.5886,5.9943,0.0,2.0452,0,108,5,0,1,0,0,5376,17920,61440,1024,57525,0.2917,3413.3333,3558.6667,0,0,0,0,0,0,0,1,0,0,0,1,0,56.4,0.2867,0.7057,2,0,0
71680,7,34404,1436497985,2,34,5.756,3.3196,6.1548,0.6457,1.9711,0,96,4,0,1,0,12,27344,28160,90112,1024,108538,0.3125,10093.7143,10126.4286,1,1,0,0,0,1,1,0,1,28112,0,0,0,10.89,0.3113,1.2421,1,0,0
27096,3,332,1343347391,2,258,6.7611,3.1282,5.7171,0.0815,2.3234,0,1,1,0,0,0,0,16142,8192,32768,512,49417,0.25,3584.0,3202.6667,1,1,0,0,0,1,1,0,1,1640,1,0,15832,13.84,0.2428,0.5985,0,0,0
87936,6,34404,1263177936,2,34,6.0597,4.4026,6.1054,3.2955,0.8438,0,119,6,0,3,0,0,58628,57344,98304,1024,89527,0.5833,13482.6667,13805.6667,1,1,0,0,0,1,1,0,1,2048,0,0,6016,16.38,0.5798,1.9721,0,0,0
118784,4,332,1009847899,3,259,5.995,4.4565,6.4437,1.5786,1.8517,0,83,1,0,3,0,0,6776,61440,122880,4096,0,0.5,28672.0,27565.25,0,0,0,0,0,0,1,0,0,31872,0,0,0,24.4,0.4763,1.0037,0,0,0
36880,3,332,1343335854,2,258,6.5167,3.0596,5.7027,0.0815,2.307,0,1,1,0,0,0,0,25758,17920,49152,512,57257,0.3646,6826.6667,6405.3333,1,1,0,0,0,1,1,0,1,1632,0,0,15888,13.84,0.3575,0.6003,0,0,0
41840,6,34404,1394853489,3,34,6.0951,3.6788,6.1754,1.0689,1.5999,0,83,4,0,1,0,0,20496,19456,53248,1024,103291,0.3654,5717.3333,5663.6667,1,1,0,0,0,1,1,0,1,2400,0,0,6512,12.2,0.3598,1.2689,0,0,0
136704,5,34404,1475242567,3,35,6.1975,4.9636,6.2907,3.6725,0.8379,0,132,3,0,0,0,0,96124,95744,151552,1024,0,0.6318,27136.0,26993.0,0,1,0,0,0,1,1,0,0,480,0,0,0,9.66,0.6301,0.9604,0,0,0
90904,11,34404,34068512,2,39,5.7587,2.5972,6.0384,0.0,2.1752,0,196,14,0,2,0,0,5328,33792,106496,1024,93040,0.3173,6190.5455,6215.2727,0,0,0,0,0,0,1,1,0,5016,0,1,21784,55.33,0.315,0.6931,3,0,0
462784,6,34404,1487839037,2,34,6.6257,5.1985,6.4807,3.1624,1.1335,0,137,4,0,2,0,0,42396,210944,471040,1024,493286,0.4478,74496.0,76329.1667,1,1,0,0,0,1,1,0,1,150488,0,0,14784,9.26,0.4474,1.2321,0,0,0
71824,8,34404,1436498344,2,34,6.2874,2.9722,6.0949,0.0,2.1758,0,138,20,10,2,0,1,40432,39424,86016,1024,93147,0.4583,7680.0,7652.5,1,1,0,0,0,1,1,0,1,2312,1,0,9360,10.89,0.4538,1.2541,2,0,0
134144,5,332,168858,3,783,6.4752,3.3146,6.4131,0.0,2.7559,0,74,3,0,1,0,0,4096,117760,172032,1024,174015,0.6845,26624.0,30661.6,0,0,0,0,0,0,0,0,0,0,0,0,0,56.4,0.6822,0.7328,1,0,0
464072,3,332,1504852466,2,258,6.6655,3.238,6.6968,0.1019,2.702,0,1,1,0,0,0,0,434974,427008,475136,512,489388,0.8987,149162.6667,148877.3333,1,1,0,0,0,1,1,0,1,19832,0,0,16072,8.72,0.8982,0.672,0,0,0
56320,7,34404,1473221722,2,34,5.7732,3.2568,6.1086,0.0815,1.9487,0,91,21,0,1,0,1,32384,33280,77824,1024,105870,0.4276,7899.4286,7883.8571,1,1,0,0,0,1,1,0,1,2472,1,0,0,9.72,0.4212,1.1989,1,0,0
91352,11,34404,16013344,2,39,6.1333,2.7796,6.0159,0.0,2.1942,0,198,13,0,2,0,0,5328,40448,106496,1024,101966,0.3798,6237.0909,6333.0909,0,0,0,0,0,0,1,1,0,5016,0,1,21720,55.9,0.376,0.668,3,0,0
73216,6,34404,1436498308,2,34,5.683,3.9327,6.1426,0.476,1.7357,0,120,12,8,0,5,0,35168,33280,94208,1024,124359,0.3533,12032.0,12075.6667,1,1,0,0,0,1,1,0,1,24864,1,0,0,10.89,0.3528,1.2949,0,0,0
765440,6,34404,1484591818,3,34,6.2633,5.1777,6.2205,4.0997,0.7629,0,518,5,0,1,0,0,591704,594944,786432,1024,830797,0.7565,127402.6667,127996.0,1,1,0,0,0,0,1,0,1,964,0,0,0,9.36,0.7565,1.073,0,0,0
17776,3,332,1502728853,3,258,5.914,2.8066,4.772,0.0815,1.9888,0,1,1,0,0,0,0,15598,7680,32768,512,72382,0.2344,3413.3333,3024.0,1,1,0,0,0,0,1,0,1,1648,0,0,7024,8.79,0.2262,0.5977,0,0,0
398848,6,34404,1484588578,3,34,6.2149,5.123,6.0582,3.4967,0.7828,0,258,3,0,1,0,0,280928,278528,417792,1024,452325,0.6667,66304.0,66299.8333,1,1,0,0,0,0,1,0,1,964,0,0,0,9.36,0.6666,1.1884,0,0,0
20992,5,332,33376,3,783,5.9377,2.9061,6.1609,0.0,2.4973,0,40,3,0,1,0,0,4096,14848,36864,1024,25549,0.4028,3993.6,3802.4,0,0,0,0,0,0,0,0,0,0,0,0,0,56.4,0.3926,0.6678,1,0,0
56408,3,332,1328931526,3,258,6.2874,3.1989,5.7606,0.0815,2.3515,0,1,1,0,0,0,0,45470,37376,65536,512,66398,0.5703,13482.6667,13122.6667,1,1,0,0,0,1,1,0,1,2072,0,0,15448,14.29,0.5689,0.6101,0,0,0
223432,7,332,1504845722,2,258,3.5582,3.2495,6.3459,0.0204,2.1806,0,87,12,1,3,0,31,23209,24064,229376,1024,266882,0.1049,29476.5714,29250.1429,1,1,0,0,0,1,1,1,1,168468,0,1,16072,8.72,0.103,1.0101,1,0,0
91160,11,34404,15542288,2,39,6.0262,2.7274,5.9563,0.0,2.2748,0,295,13,0,2,0,0,5328,32768,98304,1024,91437,0.3333,5771.6364,5780.7273,0,0,0,0,0,0,1,1,0,4984,0,1,26648,55.91,0.3321,0.6456,3,0,0
69064,6,34404,1343264490,3,34,6.0369,3.5945,5.6265,2.2494,1.1792,0,104,7,19,0,0,0,39532,43008,86016,1024,75585,0.5,8789.3333,11065.3333,1,1,0,0,0,1,1,0,1,1048,0,0,15304,13.84,0.4958,1.8742,0,0,0
1689552,6,332,1458183006,2,258,6.3302,4.4536,6.5833,0.0,2.1526,0,709,23,75,3,1,3,977340,1313792,1691648,1024,1692558,0.7766,278186.6667,279144.5,1,1,0,0,0,1,1,1,1,24300,0,1,19408,10.2,0.7766,0.8976,0,0,0
507112,7,332,1421251714,3,258,5.7489,3.815,6.2399,0.0,2.0029,0,100,2,0,3,0,0,193962,388608,704512,1024,532160,0.5516,70582.8571,98230.8571,1,1,0,0,1,1,1,0,1,1148,0,0,12008,11.37,0.8146,1.2275,1,0,0
94208,8,34404,904148065,3,8226,4.6862,2.062,5.8564,0.0159,1.9462,0,99,21,4,2,2,5,9872,45056,94208,4096,100715,0.4783,11264.0,8986.25,1,1,0,0,0,1,1,0,1,1016,1,0,0,27.75,0.4568,0.5761,2,0,0
98304,8,34404,378338361,3,8226,4.8877,2.0936,5.8712,0.0159,2.1717,0,104,27,1,2,3,2,6544,53248,98304,4096,152048,0.5417,11776.0,9530.0,1,1,0,0,0,1,1,1,1,1136,1,1,0,44.42,0.5156,0.5767,2,0,0
102400,8,34404,3109463202,2,8226,5.0336,2.2267,5.9822,0.0159,2.1193,0,125,29,5,2,2,2,7872,57344,102400,4096,167327,0.56,12288.0,10307.0,1,1,0,0,0,1,1,1,1,2240,1,1,0,0.0,0.5451,0.6121,2,0,0
36864,7,34404,884550608,2,8226,2.2994,1.4441,4.8901,0.0159,1.7091,0,35,8,0,0,5,0,4752,8192,36864,4096,90494,0.2222,4681.1429,2363.1429,1,1,0,0,0,1,1,0,1,1368,1,0,0,28.38,0.2036,0.483,1,0,0
167936,8,34404,379976436,3,8226,5.5307,2.386,6.0709,0.0159,2.1249,0,151,34,5,2,2,2,6176,106496,172032,4096,212922,0.619,20480.0,18377.125,1,1,0,0,0,1,1,0,1,1016,1,0,0,44.36,0.5992,0.6502,2,0,0
736960,8,34404,397085079,3,8226,6.7457,3.4147,6.9025,0.0159,2.4797,0,82,23,8,2,35,1,69776,503808,724992,4096,752887,0.6949,89600.0,87939.875,1,1,0,0,0,1,1,0,1,1792,1,0,16064,43.82,0.6932,0.7191,2,0,0
147456,8,34404,197489191,3,8226,5.3599,2.4415,6.2662,0.0,2.0655,0,70,20,0,3,3,0,5584,77824,151552,4096,204399,0.5135,17920.0,16096.75,1,1,0,0,0,1,1,0,1,1080,1,0,0,50.15,0.4927,0.7441,2,0,0
2938328,8,34404,3805596013,3,8226,6.0274,3.711,6.3079,0.0159,2.1901,0,476,27,12,3,60,39,19296,1789952,2936832,4096,2946108,0.6095,365568.0,364328.25,1,1,0,0,0,1,1,1,1,3720,1,1,9688,0.0,0.6088,0.8522,2,0,0
229376,7,34404,940895060,3,8226,5.575,3.2167,6.0622,0.0159,1.8887,0,219,40,0,2,9,0,7216,126976,233472,4096,252521,0.5439,32182.8571,30397.4286,1,1,0,0,0,1,1,1,1,1328,1,1,0,26.59,0.5282,0.8354,1,0,0
536576,8,34404,470848161,3,8226,6.2194,3.123,6.3509,0.0,2.3972,0,158,44,5,3,3,0,102208,389120,544768,4096,587623,0.7143,66560.0,65457.75,1,1,0,0,0,1,1,0,1,1096,1,0,0,41.48,0.7097,0.8233,2,0,0
92448,8,34404,306439316,3,8226,5.0187,2.0104,5.8114,0.0159,2.0781,0,90,21,0,2,15,4,4912,36864,81920,4096,109912,0.45,9728.0,7843.5,1,1,0,0,0,1,1,0,1,1080,1,0,10528,46.69,0.4322,0.5853,2,0,0
181736,8,34404,3893750111,3,8226,5.5779,2.2869,6.0922,0.0159,2.1106,0,152,27,0,3,3,17,6304,102400,172032,4096,197588,0.5952,20992.0,18419.25,1,1,0,0,0,1,1,0,1,1104,1,0,9704,0.0,0.5742,0.609,2,0,0
413696,8,34404,2194903133,2,8226,6.039,3.2653,6.1856,0.0126,2.1366,0,191,35,0,2,146,102,6368,270336,417792,4096,473724,0.6471,51200.0,49880.25,1,1,0,0,0,1,1,1,1,1328,1,1,0,0.0,0.6398,0.7626,2,0,0
196608,7,34404,4261982926,3,8226,5.98,3.0091,6.3473,0.0159,2.0669,0,48,2,0,1,30,0,6288,151552,200704,4096,246798,0.7551,27501.7143,25868.4286,1,1,0,0,0,1,1,0,1,984,1,0,0,0.0,0.7436,0.7393,1,0,0
774144,7,34404,3740516470,2,8226,6.2923,3.776,6.3951,0.0159,2.3306,0,335,7,16,2,9,0,302192,618496,778240,4096,823211,0.7947,110006.8571,108746.8571,1,1,0,0,0,1,1,0,1,42728,1,0,0,0.0,0.7912,1.0009,1,0,0
32768,7,34404,3267835373,2,8226,2.0178,1.3099,4.5986,0.0159,1.6459,0,15,4,0,0,0,0,4752,8192,32768,4096,34151,0.25,4096.0,1836.0,1,1,0,0,0,1,1,0,1,1032,1,0,0,0.0,0.2148,0.4482,1,0,0
188416,8,34404,1650040752,3,8226,5.5986,2.3633,6.1711,0.0159,2.1998,0,177,37,10,3,2,7,7104,118784,192512,4096,232797,0.617,23040.0,21161.25,1,1,0,0,0,1,1,1,1,1088,1,1,0,4.12,0.6128,0.6721,2,0,0
249856,8,34404,3621711827,3,8226,5.9468,3.0222,6.0849,0.0159,2.1718,0,172,35,4,2,8,20,50800,163840,253952,4096,281654,0.6452,30720.0,29288.375,1,1,0,0,0,1,1,0,1,2120,1,0,0,0.0,0.6358,0.7601,2,0,0
237056,8,34404,2830767171,3,8226,5.6255,2.6207,5.9872,0.0159,2.2022,0,125,26,0,3,157,55,80992,122880,225280,4096,292372,0.5455,27648.0,25541.25,1,1,0,0,0,1,1,0,1,1032,1,0,11776,0.0,0.5284,0.7009,2,0,0
131072,8,34404,218299899,3,8226,5.11,2.6503,5.8805,0.0159,2.0391,0,132,27,14,4,2,6,6112,65536,135168,4096,165034,0.4848,15872.0,13778.75,1,1,0,0,0,1,1,0,1,1096,1,0,0,49.49,0.4601,0.6469,2,0,0
409600,4,332,1342474982,2,271,7.6829,6.0852,7.9853,4.9985,1.2234,1,49,5,0,2,0,0,6328,12288,827392,4096,0,0.0149,101376.0,203237.0,0,0,0,0,0,0,1,0,0,333272,0,0,0,13.86,0.014,7.2834,0,0,1
208896,5,332,1333985852,2,8450,6.3878,4.6345,6.6437,2.6063,1.4966,0,114,7,11,3,2,0,77738,143360,225280,4096,242874,0.6364,40960.0,41436.8,1,1,0,1,0,0,1,0,1,1364,0,0,0,14.13,0.6214,1.1403,0,0,1
390144,4,332,0,2,271,7.8438,4.5293,7.8842,0.0,2.9655,1,39,4,0,0,0,0,5392,5632,823296,1024,0,0.0068,97280.0,203120.5,0,0,0,0,0,0,1,0,0,379396,0,0,0,56.4,0.0067,70.0183,0,0,1
345088,4,332,1329409810,2,271,7.8479,4.146,7.9201,0.0822,2.7811,1,39,4,0,0,0,33,6304,8704,778240,1024,0,0.0112,86016.0,190835.0,0,0,0,0,0,0,1,0,0,331962,0,0,0,14.28,0.0109,69.3276,0,0,1
475136,4,332,1334404707,2,271,7.3012,5.8449,7.6662,1.8102,2.3658,2,89,7,0,3,0,0,7217,28672,892928,4096,501737,0.0321,117760.0,219733.0,0,0,0,0,0,0,1,0,0,67512,0,0,0,14.12,0.0309,3.789,0,0,1
378880,4,332,1326871294,2,271,7.8794,4.5563,7.9143,0.0626,2.9644,1,39,4,0,1,0,0,5668,5632,823296,1024,0,0.0068,94464.0,202336.0,0,0,0,0,0,0,1,0,0,368674,0,0,0,14.36,0.0066,71.327,0,0,1
435712,6,332,1214111302,1,258,7.8576,4.4967,7.9883,0.1879,2.5582,1,26,2,0,0,0,0,429118,60928,435712,1536,467807,0.1398,72362.6667,72096.8333,0,0,0,0,1,0,1,0,1,744,0,0,0,17.93,0.1385,0.8936,1,0,1
438272,4,332,1342276223,2,271,7.5786,6.0418,7.9755,4.3691,1.3142,1,46,4,0,2,0,0,6547,28672,827392,4096,0,0.0347,108544.0,203179.5,0,0,0,0,0,0,1,0,0,336706,0,0,0,13.87,0.031,6.8588,0,0,1
413696,4,332,1342295985,2,271,7.671,6.0747,7.9756,4.9857,1.2272,1,42,4,0,2,0,0,6339,12288,827392,4096,0,0.0149,102400.0,203795.5,0,0,0,0,0,0,1,0,0,336706,0,0,0,13.87,0.014,7.2665,0,0,1
208896,5,332,1333755419,2,8450,6.1724,3.4675,6.6437,0.0,2.5737,0,114,7,11,3,2,0,77738,143360,225280,4096,228897,0.6364,40960.0,41452.8,1,1,0,1,0,0,1,0,1,1364,0,0,0,14.14,0.6214,1.1408,0,0,1
380416,4,332,0,2,271,7.8698,4.548,7.9107,0.0,2.9577,1,39,4,0,0,0,0,5340,5632,888832,1024,0,0.0063,94848.0,219195.0,0,0,0,0,0,0,1,0,0,370102,0,0,0,56.4,0.0061,82.0126,0,0,1
110176,4,332,1335373324,2,270,6.996,4.1775,7.136,1.5771,2.0014,1,9,3,0,1,0,0,110208,102912,122880,1024,158775,0.8375,27008.0,26906.75,0,0,0,1,0,0,1,0,1,4044,0,0,1120,14.09,0.0,0.9279,0,0,1
368640,4,332,1332063510,2,271,7.6915,6.7251,7.8816,4.0867,1.545,3,68,4,0,4,0,0,83023,98304,806912,4096,381365,0.1218,91136.0,198493.5,0,0,0,0,0,0,1,0,0,47200,0,0,0,14.19,0.1206,1.4335,0,0,1
479232,5,332,1335978445,2,271,7.2718,4.5246,7.4685,0.0,2.5447,1,78,6,0,3,0,0,6900,32768,819200,4096,528074,0.04,95027.2,160275.2,0,0,0,0,0,0,1,0,0,17116,0,0,0,14.07,0.0357,17.2138,0,0,1
421888,4,332,1333570409,2,271,7.7345,7.2085,7.8749,6.6282,0.58,2,63,4,0,3,0,0,5873,20480,856064,4096,463250,0.0239,104448.0,210782.75,0,0,0,0,0,0,1,0,0,31947,0,0,0,14.15,0.0236,2.0367,0,0,1
430080,4,332,1343849227,2,271,7.6609,5.0951,7.9049,0.7097,2.6694,1,64,4,0,3,0,0,5728,36864,823296,4096,0,0.0448,106496.0,202491.0,0,0,0,0,0,0,1,0,0,13072,0,0,0,13.82,0.0432,6.9175,0,0,1
503808,4,332,1342207595,2,271,6.8308,5.369,7.9757,1.9986,2.1695,1,45,4,0,2,0,0,6355,20480,827392,4096,0,0.0248,124928.0,203348.0,0,0,0,0,0,0,1,0,0,336706,0,0,0,13.87,0.0217,5.8487,0,0,1
421888,4,332,1333570409,2,271,7.7359,7.213,7.8769,6.6361,0.5764,2,63,4,0,3,0,0,5873,20480,856064,4096,437261,0.0239,104448.0,210782.75,0,0,0,0,0,0,1,0,0,31947,0,0,0,14.15,0.0236,2.0367,0,0,1
421888,4,332,1343935512,2,271,7.6641,4.8042,7.9047,0.7098,2.6573,1,62,4,0,2,0,0,5616,36864,823296,4096,0,0.0448,104448.0,202528.5,0,0,0,0,0,0,1,0,0,5194,0,0,0,13.82,0.0431,13.0632,0,0,1
368640,4,332,1331931721,2,271,7.691,6.7314,7.8811,4.1087,1.5357,3,69,4,0,4,0,0,83039,98304,806912,4096,407707,0.1218,91136.0,198505.0,0,0,0,0,0,0,1,0,0,47200,0,0,0,14.2,0.1206,1.4345,0,0,1
402432,4,332,1319571264,2,271,7.9756,4.2721,6.6391,0.4024,2.401,0,39,4,0,0,0,0,789500,5632,819200,786432,453642,0.0069,5632.0,5331.0,0,0,0,0,0,0,1,0,1,14146,0,0,378880,14.59,0.0068,0.8007,0,0,1
208896,5,332,1333758254,2,8450,6.3944,4.6402,6.6444,2.5972,1.5073,0,114,7,11,3,2,0,77738,143360,225280,4096,268692,0.6364,40960.0,41468.8,1,1,0,1,0,0,1,0,1,1364,0,0,0,14.14,0.6214,1.1413,0,0,1
262696,8,332,1332859223,2,270,7.6842,2.5602,7.7694,0.0,2.6403,1,6,3,0,1,0,0,4640,2048,286720,1024,317528,0.0071,32576.0,32390.125,0,0,0,1,0,0,1,0,1,1636,0,0,1064,14.17,0.0068,0.8154,4,0,1
425984,4,332,1335608472,2,271,7.762,6.5203,7.8399,3.9824,1.5758,2,69,4,0,4,0,0,6523,28672,987136,4096,480219,0.029,105472.0,244171.75,0,0,0,0,0,0,1,0,0,167581,0,0,0,14.08,0.0272,1.5518,0,0,1
430080,4,332,1334823586,2,271,7.6578,6.472,7.8656,3.9274,1.556,2,74,5,0,3,0,0,5544,20480,987136,4096,484796,0.0207,106496.0,244169.5,0,0,0,0,0,0,1,0,0,167536,0,0,0,14.11,0.0201,1.5194,0,0,1
402432,4,332,1319571264,2,271,7.9754,4.277,6.6277,0.4055,2.397,0,39,4,0,0,0,0,789488,5632,819200,786432,451075,0.0069,5632.0,5330.0,0,0,0,0,0,0,1,0,1,14146,0,0,378880,14.59,0.0068,0.8015,0,0,1
179200,4,332,1299454751,2,258,7.7949,6.3552,7.8767,3.5785,1.7255,2,25,5,0,0,1,0,115148,140288,200704,1024,216573,0.699,44544.0,46206.75,0,0,0,0,0,1,1,0,1,4170,0,0,0,15.23,0.7377,0.9604,0,0,1
110176,4,332,1335513648,2,270,6.9938,4.1733,7.134,1.665,1.9704,1,9,2,0,1,0,0,110272,102912,122880,1024,114248,0.8375,27008.0,26917.75,0,0,0,1,0,0,1,0,1,4044,0,0,1120,14.09,0.0,0.9145,0,0,1
208384,7,332,1332974482,2,258,6.8928,4.1421,6.6089,0.9438,2.6455,0,32,6,0,0,3,0,80451,169472,229376,1024,242964,0.7388,29622.8571,29348.2857,0,0,0,0,0,1,1,0,1,4398,1,0,0,14.17,0.7368,0.6709,3,0,1
413696,4,332,1335031099,2,271,7.8062,6.4719,7.8971,3.6455,1.7294,2,58,2,0,3,0,0,5363,20480,987136,4096,439524,0.0207,102400.0,244073.0,0,0,0,0,0,0,1,0,0,167536,0,0,0,14.1,0.0199,1.5671,0,0,1
409600,4,332,1332407685,2,271,7.2126,6.5097,7.7757,4.0743,1.4353,2,73,6,0,4,0,0,76383,94208,815104,4096,460575,0.1156,101376.0,199600.25,0,0,0,0,0,0,1,0,0,53605,0,0,0,14.18,0.1112,1.3092,0,0,1
313384,6,332,1334465409,2,270,7.4837,4.0444,7.5671,0.1603,2.9044,1,584,4,1,3,0,0,282192,284672,323584,1024,325499,0.8797,51882.6667,51764.3333,0,0,0,1,0,0,1,0,1,7132,0,0,1064,14.12,0.8729,0.9742,2,0,1
195232,8,332,1342302005,2,270,4.9252,1.1814,6.05,0.0,2.126,0,10,3,0,2,0,0,5248,145408,217088,1024,254822,0.6698,24000.0,23909.75,0,0,0,0,0,0,0,0,1,0,0,0,2208,13.87,0.6684,0.9138,5,0,1
442880,4,332,1305462840,2,271,7.5515,4.036,7.6188,0.0895,2.677,1,39,4,0,0,0,0,6124,8704,819200,1024,0,0.0106,110464.0,201971.5,0,0,0,0,0,0,1,0,0,429904,0,0,0,15.04,0.0101,60.6568,0,0,1
434176,6,332,1213803723,1,258,7.8722,4.5155,7.9878,0.2672,2.5285,1,25,2,0,0,0,0,427582,60928,434176,1536,447691,0.1403,72106.6667,71822.5,0,0,0,0,1,0,1,0,1,768,0,0,0,17.94,0.139,0.8902,1,0,1
221184,5,332,1332475598,2,8450,6.2524,3.5198,6.6671,0.0131,2.5771,0,114,7,11,3,2,0,84506,151552,237568,4096,234061,0.6379,43417.6,44700.8,1,1,0,1,0,0,1,0,1,1364,0,0,0,14.18,0.6294,1.1718,0,0,1
376832,4,332,0,2,271,7.8777,4.5292,7.9182,0.0,2.9643,1,39,4,0,0,0,0,5124,5632,888832,1024,0,0.0063,93952.0,219314.0,0,0,0,0,0,0,1,0,0,366430,0,0,0,56.4,0.0062,82.6815,0,0,1
129632,8,332,1334863453,2,270,6.8871,2.8986,7.0809,0.1603,2.8215,1,237,4,0,1,0,0,109760,112128,151552,1024,168858,0.7399,15936.0,15846.75,0,0,0,1,0,0,1,0,1,7132,0,0,1120,14.11,0.7104,0.9567,4,0,1
130144,8,332,1334821690,2,270,6.8678,2.872,7.0776,0.1603,2.7969,1,238,4,0,1,0,0,109696,112128,151552,1024,163731,0.7399,16000.0,15858.0,0,0,0,1,0,0,1,0,1,7132,0,0,1120,14.11,0.7102,0.9497,4,0,1
208896,5,332,1333759896,2,8450,6.3953,4.6426,6.6441,2.6081,1.505,0,114,7,11,3,2,0,77738,143360,225280,4096,240078,0.6364,40960.0,41475.2,1,1,0,1,0,0,1,0,1,1364,0,0,0,14.14,0.6214,1.1415,0,0,1
159232,8,332,1337086863,2,258,7.7583,4.5482,7.9957,0.0204,2.7644,1,101,4,0,0,1,0,16184,22528,262144,1024,215070,0.0859,19776.0,29245.0,0,1,0,0,0,1,1,0,1,16,0,0,0,14.04,0.0846,1.0939,4,0,1
176128,9,332,1305524318,2,258,7.7859,2.9048,7.8904,0.4371,2.915,1,19,2,0,0,1,0,4096,161792,266240,1024,214074,0.6077,19456.0,26383.4444,0,0,0,0,0,1,1,0,1,3948,0,0,0,15.04,0.606,2.2494,5,0,1
221184,5,332,1331946513,2,8450,6.4467,4.7494,6.6445,2.6066,1.484,0,115,7,11,3,2,0,83722,151552,237568,4096,250976,0.6379,43417.6,44346.4,1,1,0,1,0,0,1,0,1,1364,0,0,0,14.2,0.6256,1.1644,0,0,1
178176,4,332,1307786444,2,258,7.7916,5.6594,7.8909,3.4802,1.6689,1,17,2,0,0,1,0,142165,164864,188416,1024,225701,0.875,44288.0,44000.5,0,0,0,0,0,1,1,0,1,3356,0,0,0,14.96,0.8724,0.9555,0,0,1
442880,4,332,1305462840,2,271,7.5516,4.0345,7.6188,0.0895,2.6773,1,39,4,0,0,0,0,6212,8704,819200,1024,0,0.0106,110464.0,201985.5,0,0,0,0,0,0,1,0,0,429904,0,0,0,15.04,0.0102,60.6584,0,0,1
393216,4,332,1343718681,2,271,7.7304,6.7772,7.9221,5.9622,0.7315,1,46,3,0,3,0,0,5592,12288,823296,4096,0,0.0149,97280.0,203274.0,0,0,0,0,0,0,1,0,0,6946,0,0,0,13.83,0.0143,14.0666,0,0,1
405504,4,332,1343201631,2,271,7.6824,6.405,7.9216,3.4329,1.8253,2,41,2,0,2,0,0,5560,12288,823296,4096,0,0.0149,100352.0,202798.5,0,0,0,0,0,0,1,0,0,101620,0,0,0,13.84,0.0143,1.9671,0,0,1
442368,5,332,1335808610,2,271,7.6001,4.5571,7.8194,0.0,2.6552,1,68,4,0,3,0,0,6533,28672,819200,4096,449228,0.035,87654.4,161043.6,0,0,0,0,0,0,1,0,0,17116,0,0,0,14.08,0.0328,19.2079,0,0,1
223744,5,332,1306719986,2,258,7.0457,5.1095,6.8473,0.0204,2.5657,0,250,4,0,1,2,0,177592,197632,241664,1024,237486,0.8178,44544.0,44304.2,0,0,0,0,0,1,1,0,1,16,1,0,0,15.0,0.8164,0.7965,1,1,1
132096,5,332,1352219889,2,270,6.9853,3.6239,7.0426,0.1603,2.8958,1,170,7,0,2,0,0,7888,122880,147456,1024,140824,0.8333,26214.4,26096.0,0,0,0,1,0,0,0,0,1,0,0,0,0,13.56,0.8318,0.9503,2,0,1
434176,4,332,1344542973,2,271,7.5195,5.9519,7.7315,3.8096,1.3984,1,59,4,0,2,0,0,5648,36864,823296,4096,0,0.0448,107520.0,202557.5,0,0,0,0,0,0,1,0,0,7696,0,0,0,13.8,0.0431,12.5644,0,0,1
434176,4,332,1344630696,2,271,7.5067,5.6152,7.7366,3.927,1.4861,1,69,5,0,2,1,0,5776,36864,823296,4096,0,0.0448,107520.0,202273.25,0,0,0,0,0,0,1,0,0,4444,0,0,0,13.8,0.0443,12.4764,0,0,1
503808,4,332,1342195216,2,271,6.833,5.373,7.9764,2.0006,2.1688,1,45,4,0,2,0,0,6355,20480,827392,4096,0,0.0248,124928.0,203348.0,0,0,0,0,0,0,1,0,0,336706,0,0,0,13.87,0.0217,5.8487,0,0,1
434176,6,332,1212821209,1,258,7.8744,4.516,7.9886,0.2667,2.5292,1,25,2,0,0,0,0,427582,60928,434176,1536,464416,0.1403,72106.6667,71875.5,0,0,0,0,1,0,1,0,1,768,0,0,0,17.97,0.1391,0.8905,1,0,1
165024,8,332,1342124599,2,270,5.6159,1.2146,6.0488,0.0,2.1075,0,10,3,0,2,0,0,5360,145408,188416,1024,172996,0.7717,20224.0,20159.25,0,0,0,0,0,0,0,0,1,0,0,0,2208,13.88,0.7701,0.9161,5,0,1
475136,4,332,1335379208,2,271,7.3292,6.3818,7.8496,4.2067,1.3471,1,84,6,0,4,0,0,6976,28672,991232,4096,516576,0.0289,117760.0,245394.5,0,0,0,0,0,0,1,0,0,170956,0,0,0,14.09,0.0276,1.4143,0,0,1
417792,4,332,1334688361,2,271,7.7723,6.3581,7.9411,3.1533,1.9395,2,62,3,0,3,0,0,5338,20480,991232,4096,418510,0.0207,103424.0,245117.5,0,0,0,0,0,0,1,0,0,167512,0,0,0,14.11,0.0198,9.7073,0,0,1
393216,4,332,1332087689,2,271,7.4133,6.6633,7.8886,4.325,1.3774,3,84,5,0,4,0,0,83269,98304,806912,4096,426872,0.1218,97280.0,199361.0,0,0,0,0,0,0,1,0,0,47200,0,0,0,14.19,0.1209,1.3687,0,0,1
127968,7,332,1338106791,2,270,6.6936,2.6801,7.2868,0.0,2.6731,1,33,4,0,2,0,0,6000,15360,147456,1024,152889,0.1042,17993.1429,17925.1429,0,0,0,0,0,0,1,0,1,6004,0,0,992,14.0,0.1021,0.9484,3,0,1
425984,4,332,1335608472,2,271,7.7635,6.522,7.8469,3.9824,1.5772,2,69,4,0,4,0,0,6523,28672,987136,4096,453730,0.029,105472.0,244171.75,0,0,0,0,0,0,1,0,0,167581,0,0,0,14.08,0.0272,1.5518,0,0,1
140840,4,332,1334349617,2,270,6.8695,5.7804,6.9793,4.3734,0.9395,0,584,4,1,3,0,0,111632,112128,147456,1024,181024,0.7604,34688.0,34506.5,0,0,0,1,0,0,1,0,1,7132,0,0,1064,14.12,0.7589,0.9726,0,0,1
122848,7,332,1337916014,2,270,6.7052,2.1832,7.2883,0.0,2.4361,1,9,2,0,2,0,0,5024,14336,143360,1024,125968,0.1,17261.7143,17097.1429,0,0,0,0,0,0,1,0,1,2636,0,0,992,14.01,0.0972,0.872,3,0,1
174592,4,332,1299794633,2,258,7.8146,5.5493,7.891,3.2883,1.7131,1,23,2,0,0,1,0,146062,163328,184320,1024,187583,0.8861,43392.0,43053.25,0,0,0,0,0,1,1,0,1,856,0,0,0,15.22,0.8835,0.9339,0,0,1
458752,4,332,1344755412,2,271,7.4816,5.9639,7.7321,3.9691,1.3375,1,71,4,0,2,1,0,5952,45056,823296,4096,0,0.0547,113664.0,202306.75,0,0,0,0,0,0,1,0,0,22740,0,0,0,13.79,0.0529,4.5674,0,0,1
413696,4,332,1342421975,2,271,7.6736,6.0768,7.977,4.9792,1.229,1,43,4,0,2,0,0,6360,12288,827392,4096,0,0.0149,102400.0,203033.5,0,0,0,0,0,0,1,0,0,336706,0,0,0,13.87,0.014,7.2199,0,0,1
172032,4,332,1341230637,2,271,6.9793,5.4506,7.9907,3.0757,1.9122,1,51,1,0,3,0,0,4385,16384,176128,4096,0,0.093,41984.0,41179.5,0,0,0,0,0,0,1,0,0,48688,0,0,0,13.9,0.0886,0.8775,0,0,1
131168,9,332,1335147626,2,270,6.8546,2.5655,7.0807,0.1603,2.765,1,243,4,0,1,0,0,109808,113152,155648,1024,172720,0.727,14336.0,14228.0,0,0,0,1,0,0,1,0,1,7132,0,0,1120,14.1,0.6923,0.9574,5,0,1
409600,4,332,1341301058,2,271,7.3192,6.2636,7.8072,3.8958,1.5096,2,45,2,0,2,0,0,6504,16384,782336,4096,0,0.0209,101376.0,192750.0,0,0,0,0,0,0,1,0,0,8624,0,0,0,13.9,0.0183,1.7655,0,0,1
147496,4,332,1334000444,2,270,6.7529,5.8291,6.8245,4.3597,0.9364,0,694,4,1,6,0,0,113744,115200,155648,1024,206412,0.7401,36352.0,36136.5,0,0,0,1,0,0,1,0,1,7132,0,0,1064,14.13,0.7372,0.9759,0,0,1
438272,4,332,1333397172,2,271,7.5802,7.1425,7.6988,6.641,0.4718,2,75,6,0,3,0,0,6137,20480,856064,4096,456824,0.0239,108544.0,211420.75,0,0,0,0,0,0,1,0,0,31947,0,0,0,14.15,0.0239,1.3633,0,0,1
442368,4,332,1344692537,2,271,7.49,5.6206,7.7297,3.9964,1.4592,1,72,4,0,2,1,0,5968,45056,823296,4096,0,0.0547,109568.0,201840.75,0,0,0,0,0,0,1,0,0,4444,0,0,0,13.79,0.0529,12.2222,0,0,1
425984,4,332,1335608472,2,271,7.7647,6.5223,7.8479,3.9824,1.5775,2,69,4,0,4,0,0,6523,28672,987136,4096,462093,0.029,105472.0,244171.75,0,0,0,0,0,0,1,0,0,167581,0,0,0,14.08,0.0272,1.5518,0,0,1
471040,5,332,1213378792,2,8450,7.0456,5.1651,7.7451,2.0731,1.952,1,59,5,0,2,34,0,57568,176128,483328,4096,519833,0.3644,93388.8,94344.8,0,0,0,0,0,0,1,0,1,31648,0,0,0,17.96,0.3625,1.0157,0,0,1
211456,3,332,1305971022,2,258,7.1385,6.8217,7.7789,6.1186,0.7013,1,255,4,0,1,1,0,40184,83968,290816,1024,243951,0.2887,70144.0,93063.3333,0,0,0,0,0,0,1,0,1,16,0,0,0,15.02,0.2877,1.1454,0,0,1
368640,4,332,1332063510,2,271,7.6913,6.7251,7.8824,4.0867,1.545,3,68,4,0,4,0,0,83023,98304,806912,4096,375285,0.1218,91136.0,198493.5,0,0,0,0,0,0,1,0,0,47200,0,0,0,14.19,0.1206,1.4335,0,0,1
413696,4,332,1342787387,2,271,7.6755,5.1949,7.9777,0.7934,2.6808,1,48,4,0,2,0,0,5704,12288,823296,4096,0,0.0149,102400.0,202216.0,0,0,0,0,0,0,1,0,0,337184,0,0,0,13.85,0.0144,1.2917,0,0,1
95785,5,332,1332874848,2,270,7.626,4.1187,7.7567,2.0064,2.1813,1,6,3,0,1,0,0,4640,2048,110592,1024,145438,0.0185,18739.2,18395.0,0,0,0,1,0,0,1,0,1,1636,0,0,1065,14.17,0.0176,0.7178,0,0,1
356352,4,332,1331642813,2,271,7.7276,7.4723,7.8526,6.6185,0.4965,3,9,3,1,2,0,0,4641,8192,897024,4096,375806,0.0091,88064.0,220619.25,0,0,0,0,0,0,1,0,0,91875,0,0,0,14.21,0.007,1.789,0,0,1
471040,4,332,1335342692,2,271,7.4355,6.4447,7.8183,4.2583,1.3474,2,87,5,0,4,0,0,7018,28672,999424,4096,523014,0.0287,116736.0,246256.0,0,0,0,0,0,0,1,0,0,176196,0,0,0,14.09,0.0274,1.447,0,0,1
413696,4,332,1334989131,2,271,7.8046,6.4701,7.8952,3.6468,1.7269,2,58,2,0,3,0,0,5357,20480,987136,4096,443635,0.0207,102400.0,244073.0,0,0,0,0,0,0,1,0,0,167536,0,0,0,14.1,0.0199,1.5671,0,0,1
393216,4,332,1343718681,2,271,7.731,6.7777,7.9223,5.9635,0.7314,1,46,3,0,3,0,0,5592,12288,823296,4096,0,0.0149,97280.0,203274.0,0,0,0,0,0,0,1,0,0,6946,0,0,0,13.83,0.0143,14.0666,0,0,1
458752,4,332,1335109490,2,271,7.4654,6.4956,7.8696,4.365,1.3184,2,95,6,0,3,0,0,7354,28672,987136,4096,485761,0.029,113664.0,243997.0,0,0,0,0,0,0,1,0,0,167536,0,0,0,14.1,0.0281,1.4606,0,0,1
164512,5,332,1342743596,2,270,5.672,2.0697,7.0717,0.0,2.7777,1,9,2,0,2,0,0,5088,117760,176128,1024,190630,0.6686,32256.0,32091.0,0,0,0,0,0,0,0,0,1,0,0,0,2208,13.86,0.6661,0.8787,2,0,1
364544,5,332,1417556780,2,258,7.3101,5.5531,7.7691,3.7796,1.3848,1,172,13,1,2,0,0,21522,268288,393216,1024,399108,0.6823,72704.0,75656.8,0,1,0,0,0,1,1,0,1,42516,0,0,0,11.49,0.6818,1.2879,0,0,1
208896,5,332,1333756366,2,8450,6.1709,3.467,6.6435,0.0,2.5724,0,114,7,11,3,2,0,77738,143360,225280,4096,268515,0.6364,40960.0,41446.4,1,1,0,1,0,0,1,0,1,1364,0,0,0,14.14,0.6214,1.1406,0,0,1
352256,4,332,1331800726,2,271,7.7734,6.5013,7.9658,2.9635,2.0716,3,9,4,0,2,0,0,87064,90112,856064,4096,390313,0.1053,87040.0,210026.75,0,0,0,0,0,0,1,0,0,49479,0,0,0,14.2,0.1036,11.1421,0,0,1
372736,4,332,1319571264,2,271,7.9737,5.3663,7.988,2.6696,2.0841,1,39,4,0,0,0,0,787460,4608,1167360,786432,413419,0.0039,92928.0,92650.5,0,0,0,0,0,0,1,0,0,14146,0,0,0,14.59,0.0038,0.7963,0,0,1
417792,4,332,1332675903,2,271,7.6632,6.71,7.7673,3.77,1.6993,3,58,2,0,3,0,0,76137,94208,913408,4096,441439,0.1031,103424.0,223813.25,0,0,0,0,0,0,1,0,0,98559,0,0,0,14.17,0.099,1.4786,0,0,1
417792,4,332,1332535995,2,271,7.6669,6.725,7.7673,3.8164,1.6809,3,60,2,0,4,0,0,76217,94208,913408,4096,474327,0.1031,103424.0,223848.25,0,0,0,0,0,0,1,0,0,98559,0,0,0,14.18,0.0991,1.4806,0,0,1
285208,6,332,1332172211,2,270,7.6542,4.6208,7.7197,0.0,2.4882,1,338,7,7,1,0,0,4928,4096,299008,1024,293696,0.0137,47189.3333,47055.1667,0,0,0,1,0,0,1,0,1,1716,0,0,1048,14.19,0.0132,0.9418,2,0,1
442880,4,332,1305462840,2,271,7.5513,4.0292,7.6189,0.0895,2.6761,1,39,4,0,0,0,0,6200,8704,819200,1024,0,0.0106,110464.0,201967.5,0,0,0,0,0,0,1,0,0,429904,0,0,0,15.04,0.0101,60.6564,0,0,1
165024,8,332,1342114845,2,270,5.6171,1.2148,6.0502,0.0,2.1079,0,10,3,0,2,0,0,5360,145408,188416,1024,206475,0.7717,20224.0,20159.25,0,0,0,0,0,0,0,0,1,0,0,0,2208,13.88,0.7701,0.9161,5,0,1
195232,8,332,1342312867,2,270,4.9212,1.1808,6.0452,0.0,2.1246,0,10,3,0,2,0,0,5248,145408,217088,1024,219132,0.6698,24000.0,23909.75,0,0,0,0,0,0,0,0,1,0,0,0,2208,13.87,0.6684,0.9138,5,0,1
471040,4,332,1335291770,2,271,7.4188,6.4181,7.8618,4.1919,1.3747,2,84,4,0,4,0,0,7012,28672,995328,4096,519020,0.0288,116736.0,246569.0,0,0,0,0,0,0,1,0,0,174784,0,0,0,14.09,0.0275,1.4372,0,0,1
434176,6,332,1213886148,1,258,7.8712,4.5144,7.9876,0.267,2.5279,1,25,2,0,0,0,0,427582,60928,434176,1536,489008,0.1403,72106.6667,71813.1667,0,0,0,0,1,0,1,0,1,768,0,0,0,17.94,0.1389,0.8901,1,0,1
405504,4,332,1332493366,2,271,7.2624,6.5458,7.7764,4.1193,1.4255,3,76,5,0,4,0,0,76383,94208,815104,4096,409852,0.1156,100352.0,199635.25,0,0,0,0,0,0,1,0,0,53605,0,0,0,14.18,0.1112,1.3218,0,0,1
417792,4,332,1334688361,2,271,7.771,6.3532,7.9406,3.1343,1.9476,2,62,3,0,3,0,0,5338,20480,991232,4096,419781,0.0207,103424.0,245117.5,0,0,0,0,0,0,1,0,0,167512,0,0,0,14.11,0.0198,9.7073,0,0,1
434176,4,332,1334914772,2,271,7.6161,6.4231,7.8634,3.8072,1.5906,2,68,4,0,3,0,0,5536,20480,987136,4096,437490,0.0207,107520.0,244193.0,0,0,0,0,0,0,1,0,0,167536,0,0,0,14.1,0.0201,1.4978,0,0,1
110688,5,332,1335278897,2,270,6.9683,4.2918,7.1234,1.5546,1.8348,1,7,2,0,2,0,0,5152,103424,122880,1024,129554,0.8417,21708.8,21498.8,0,0,0,1,0,0,1,0,1,4044,0,0,1120,14.09,0.0137,0.8731,1,0,1
47700,4,332,1404322118,2,258,6.0584,3.0502,6.746,0.0815,2.4265,0,1,1,0,0,0,0,41438,33280,81920,1024,0,0.4062,11648.0,11386.0,1,1,0,0,0,1,1,0,1,11968,0,0,84,11.9,0.4059,0.6515,1,0,1
208896,5,332,1333758488,2,8450,6.3903,4.637,6.6433,2.6075,1.4986,0,114,7,11,3,2,0,77738,143360,225280,4096,241259,0.6364,40960.0,41440.0,1,1,0,1,0,0,1,0,1,1364,0,0,0,14.14,0.6214,1.1404,0,0,1
421888,4,332,1333619166,2,271,7.7341,7.2088,7.8747,6.6167,0.5799,2,65,5,0,3,0,0,5927,20480,856064,4096,464071,0.0239,104448.0,210825.25,0,0,0,0,0,0,1,0,0,31947,0,0,0,14.15,0.0236,2.0376,0,0,1
433664,6,332,1209740287,1,258,7.873,4.5099,7.9887,0.2674,2.5268,1,25,2,0,0,0,0,427070,60928,433664,1536,449863,0.1405,72021.3333,71749.8333,0,0,0,0,1,0,1,0,1,768,0,0,0,18.07,0.1389,0.89,1,0,1
206336,6,332,1328863219,2,258,6.8789,4.8208,6.6136,1.3091,2.2432,0,30,7,0,1,3,0,98338,165888,225280,1024,229944,0.7364,34218.6667,33963.8333,0,0,0,0,0,1,1,0,1,5814,0,0,0,14.3,0.7355,0.7783,2,0,1
142432,6,332,1336153680,2,270,6.0686,3.1527,6.2546,0.0,2.3922,0,104,6,0,2,0,0,5584,126464,155648,1024,175127,0.8125,23381.3333,23216.0,0,0,0,0,0,0,1,0,1,7304,0,0,1120,14.06,0.824,0.9121,2,0,1
430080,4,332,1343849227,2,271,7.6587,5.0948,7.9036,0.7102,2.6687,1,64,4,0,3,0,0,5728,36864,823296,4096,0,0.0448,106496.0,202491.0,0,0,0,0,0,0,1,0,0,13072,0,0,0,13.82,0.0432,6.9175,0,0,1
208896,5,332,1333758959,2,8450,6.182,3.4802,6.6438,0.0,2.5851,0,114,7,11,3,2,0,77738,143360,225280,4096,211640,0.6364,40960.0,41507.2,1,1,0,1,0,0,1,0,1,1364,0,0,0,14.14,0.6214,1.1424,0,0,1
131168,9,332,1335094837,2,270,6.8541,2.5651,7.0807,0.1603,2.7647,1,243,4,0,1,0,0,109808,113152,155648,1024,156037,0.727,14336.0,14228.0,0,0,0,1,0,0,1,0,1,7132,0,0,1120,14.1,0.6923,0.9574,5,0,1
417792,4,332,1332576541,2,271,7.6583,6.7116,7.7667,3.8067,1.6796,3,60,2,0,4,0,0,76217,94208,913408,4096,459294,0.1031,103424.0,223846.75,0,0,0,0,0,0,1,0,0,98559,0,0,0,14.18,0.0991,1.4805,0,0,1
194560,3,332,1303612651,2,258,7.5364,7.0248,7.8496,6.2039,0.6719,2,259,4,0,0,1,0,55440,105984,245760,1024,252022,0.4313,64512.0,78854.3333,0,0,0,0,0,0,1,0,1,16,0,0,0,15.1,0.4299,1.1394,0,0,1
187392,4,332,1083123591,2,270,7.4497,5.6073,7.5701,4.3652,1.1943,1,68,7,0,0,0,0,12532,173041,200704,1024,0,0.8622,46592.0,46410.25,0,0,0,0,0,0,1,0,1,28,0,0,0,22.08,0.8622,0.8645,0,0,1
454656,4,332,1333436105,2,271,7.4122,7.0973,7.6923,6.6252,0.4513,2,74,6,0,3,0,0,6145,20480,856064,4096,466462,0.0239,112640.0,212144.75,0,0,0,0,0,0,1,0,0,31947,0,0,0,14.15,0.0239,1.3312,0,0,1
380416,4,332,0,2,271,7.8703,4.5634,7.9107,0.0,2.9648,1,39,4,0,0,0,0,5264,5632,888832,1024,0,0.0063,94848.0,219211.0,0,0,0,0,0,0,1,0,0,370102,0,0,0,56.4,0.0062,82.0154,0,0,1
413696,4,332,1342351835,2,271,7.6722,6.0699,7.9764,4.9687,1.2308,1,41,4,0,2,0,0,6323,12288,827392,4096,0,0.0149,102400.0,203787.0,0,0,0,0,0,0,1,0,0,336706,0,0,0,13.87,0.0139,7.2661,0,0,1
208896,5,332,1333758018,2,8450,6.3892,4.6344,6.644,2.6068,1.4975,0,114,7,11,3,2,0,77738,143360,225280,4096,225329,0.6364,40960.0,41440.0,1,1,0,1,0,0,1,0,1,1364,0,0,0,14.14,0.6214,1.1404,0,0,1
421888,4,332,1343935512,2,271,7.6635,4.8042,7.9048,0.7078,2.658,1,62,4,0,2,0,0,5616,36864,823296,4096,0,0.0448,104448.0,202528.5,0,0,0,0,0,0,1,0,0,5194,0,0,0,13.82,0.0431,13.0632,0,0,1
10240,3,332,1306148167,2,271,4.5193,3.8225,5.7082,2.1944,1.446,0,26,5,0,0,0,0,5745,3072,20480,1024,0,0.15,3072.0,4033.3333,0,0,0,0,0,0,1,0,0,936,0,0,0,15.02,0.0,1.9832,0,0,1
515072,3,332,1351107787,2,259,7.9889,5.7129,7.9969,3.7763,1.7405,1,23,2,0,0,0,0,13612,12288,1114112,4096,82365,0.011,171349.3333,367991.3333,0,0,0,1,0,0,1,0,0,503279,0,0,0,13.59,0.0086,1.2878,2,0,1
284184,7,332,1332250091,2,270,7.6392,3.9191,7.716,0.0,2.7888,1,275,5,8,1,0,0,4928,4096,299008,1024,295892,0.0137,40301.7143,40112.0,0,0,0,1,0,0,1,0,1,1716,0,0,1048,14.19,0.0124,0.9498,3,0,1
393216,4,332,1339403090,2,271,7.7143,6.0298,7.947,4.5382,1.244,1,47,3,0,2,0,0,5769,24576,774144,4096,0,0.0317,97280.0,189579.0,0,0,0,0,0,0,1,0,0,20888,0,0,0,13.96,0.0273,1.2006,0,0,1
364544,4,332,1331586059,2,271,7.6386,5.8963,7.7033,1.4005,2.6224,2,26,7,0,2,0,0,4760,8192,897024,4096,377457,0.0091,90112.0,221028.25,0,0,0,0,0,0,1,0,0,91875,0,0,0,14.21,0.0073,1.2721,0,0,1
131168,9,332,1334995270,2,270,6.8559,2.5645,7.082,0.1603,2.7645,1,243,4,0,1,0,0,109808,113152,155648,1024,132240,0.727,14336.0,14228.0,0,0,0,1,0,0,1,0,1,7132,0,0,1120,14.1,0.6923,0.9574,5,0,1
140840,4,332,1334317262,2,270,6.8707,5.7832,6.9803,4.3704,0.9414,0,584,4,1,3,0,0,111648,112128,147456,1024,172942,0.7604,34688.0,34511.5,0,0,0,1,0,0,1,0,1,7132,0,0,1064,14.12,0.759,0.9724,0,0,1
372736,4,332,1319571264,2,271,7.974,5.3884,7.988,2.6675,2.095,1,39,4,0,0,0,0,787392,4608,1167360,786432,406397,0.0039,92928.0,92661.5,0,0,0,0,0,0,1,0,0,14146,0,0,0,14.59,0.0038,0.7987,0,0,1
110176,4,332,1335410429,2,270,6.9926,4.1772,7.1327,1.5771,2.0,1,9,3,0,1,0,0,110208,102912,122880,1024,110439,0.8375,27008.0,26906.75,0,0,0,1,0,0,1,0,1,4044,0,0,1120,14.09,0.0,0.9279,0,0,1
405504,4,332,1343286104,2,271,7.6815,6.4127,7.9216,3.4668,1.811,2,41,2,0,2,0,0,5528,12288,823296,4096,0,0.0149,100352.0,202788.5,0,0,0,0,0,0,1,0,0,101620,0,0,0,13.84,0.0142,1.9664,0,0,1
313384,6,332,1334451015,2,270,7.4838,4.0453,7.5672,0.1603,2.9045,1,584,4,1,3,0,0,282192,284672,323584,1024,372009,0.8797,51882.6667,51764.3333,0,0,0,1,0,0,1,0,1,7132,0,0,1064,14.12,0.8729,0.9742,2,0,1
148480,4,332,1343811892,2,258,7.4454,5.9166,7.9766,5.0351,1.2109,1,455,11,0,5,0,0,20799,39424,159744,1024,96237,0.2468,36864.0,36936.0,1,1,0,1,1,0,1,0,1,94268,0,0,0,13.82,0.2447,0.9878,0,0,1
421888,4,332,1333619166,2,271,7.7363,7.2126,7.8775,6.6332,0.5768,2,65,5,0,3,0,0,5927,20480,856064,4096,471411,0.0239,104448.0,210825.25,0,0,0,0,0,0,1,0,0,31947,0,0,0,14.15,0.0236,2.0376,0,0,1
180736,5,332,1301029282,2,258,7.1427,5.4347,7.1108,3.1982,1.6442,2,3,2,0,0,9,0,7954,0,385024,1024,226493,0.0,35942.4,74154.4,0,0,0,0,1,0,1,0,1,1316,0,0,0,15.18,0.9534,1.1479,1,0,1
434176,4,332,1344630696,2,271,7.5069,5.6202,7.736,3.9506,1.4798,1,69,5,0,2,1,0,5776,36864,823296,4096,0,0.0448,107520.0,202273.25,0,0,0,0,0,0,1,0,0,4444,0,0,0,13.8,0.0443,12.4764,0,0,1
397312,4,332,1342080850,2,271,7.7435,5.3563,7.9476,2.0636,2.1355,1,48,3,0,3,0,0,6331,20480,782336,4096,0,0.0262,98304.0,192054.0,0,0,0,0,0,0,1,0,0,345098,0,0,0,13.88,0.023,6.7611,0,0,1
394240,4,332,1302935608,2,271,7.8203,4.6073,7.8528,0.0,2.9746,1,39,4,0,1,0,0,5192,5632,823296,1024,0,0.0068,98304.0,203226.5,0,0,0,0,0,0,1,0,0,384476,0,0,0,15.12,0.0067,69.3294,0,0,1
417792,4,332,1332576541,2,271,7.6645,6.7209,7.7689,3.8067,1.6842,3,60,2,0,4,0,0,76217,94208,913408,4096,449311,0.1031,103424.0,223846.75,0,0,0,0,0,0,1,0,0,98559,0,0,0,14.18,0.0991,1.4805,0,0,1
208896,5,332,1334923140,2,8450,6.4466,4.6892,6.6743,2.6068,1.545,0,111,6,11,3,2,0,78682,143360,225280,4096,266458,0.6364,40960.0,41850.4,1,1,0,1,0,0,1,0,1,1364,0,0,0,14.1,0.6259,1.1484,0,0,1
413696,4,332,1335031099,2,271,7.8077,6.4715,7.8977,3.6455,1.7286,2,58,2,0,3,0,0,5363,20480,987136,4096,436108,0.0207,102400.0,244073.0,0,0,0,0,0,0,1,0,0,167536,0,0,0,14.1,0.0199,1.5671,0,0,1
393216,4,332,1343718681,2,271,7.7311,6.7779,7.9225,5.9624,0.7317,1,46,3,0,3,0,0,5592,12288,823296,4096,0,0.0149,97280.0,203274.0,0,0,0,0,0,0,1,0,0,6946,0,0,0,13.83,0.0143,14.0666,0,0,1
348160,4,332,1331754463,2,271,7.8181,5.9205,7.9935,0.6418,3.0643,3,8,3,0,2,0,0,92382,94208,847872,4096,404542,0.1111,86016.0,209628.25,0,0,0,0,0,0,1,0,0,44137,0,0,0,14.2,0.1109,1.3885,0,0,1
425984,4,332,1335608472,2,271,7.7629,6.522,7.8464,3.9824,1.5771,2,69,4,0,4,0,0,6523,28672,987136,4096,458669,0.029,105472.0,244171.75,0,0,0,0,0,0,1,0,0,167581,0,0,0,14.08,0.0272,1.5518,0,0,1
285208,6,332,1332157805,2,270,7.654,4.6202,7.7195,0.0,2.4885,1,338,7,7,1,0,0,4928,4096,299008,1024,314221,0.0137,47189.3333,47055.1667,0,0,0,1,0,0,1,0,1,1716,0,0,1048,14.19,0.0132,0.9418,2,0,1
434176,4,332,1334914772,2,271,7.6142,6.4224,7.8611,3.8072,1.5901,2,68,4,0,3,0,0,5536,20480,987136,4096,468345,0.0207,107520.0,244193.0,0,0,0,0,0,0,1,0,0,167536,0,0,0,14.1,0.0201,1.4978,0,0,1
165024,8,332,1342134115,2,270,5.6175,1.2149,6.0506,0.0,2.108,0,10,3,0,2,0,0,5360,145408,188416,1024,221086,0.7717,20224.0,20159.25,0,0,0,0,0,0,0,0,1,0,0,0,2208,13.88,0.7701,0.9161,5,0,1
208896,5,332,1333759195,2,8450,6.3924,4.6392,6.6437,2.6081,1.5013,0,114,7,11,3,2,0,77738,143360,225280,4096,264104,0.6364,40960.0,41456.0,1,1,0,1,0,0,1,0,1,1364,0,0,0,14.14,0.6214,1.1409,0,0,1
148480,4,332,1343811892,2,258,7.4463,5.9166,7.9767,5.0351,1.2109,1,455,11,0,5,0,0,20799,39424,159744,1024,96237,0.2468,36864.0,36936.0,1,1,0,1,1,0,1,0,1,94268,0,0,0,13.82,0.2447,0.9878,0,0,1
405504,4,332,1343116464,2,271,7.6874,6.4141,7.9218,3.4363,1.8297,2,40,2,0,2,0,0,5544,12288,823296,4096,0,0.0149,100352.0,202788.0,0,0,0,0,0,0,1,0,0,101620,0,0,0,13.84,0.0143,1.9666,0,0,1
95785,5,332,1332885617,2,270,7.627,4.12,7.7574,2.0064,2.1807,1,6,3,0,1,0,0,4640,2048,110592,1024,140027,0.0185,18739.2,18395.0,0,0,0,1,0,0,1,0,1,1636,0,0,1065,14.17,0.0176,0.7178,0,0,1
124896,7,332,1338228088,2,270,6.7141,2.5,7.2805,0.0,2.5716,1,24,4,0,2,0,0,5872,14848,143360,1024,153044,0.1036,17554.2857,17452.4286,0,0,0,0,0,0,1,0,1,2636,0,0,992,14.0,0.1016,0.9159,3,0,1
169984,6,332,1307674046,2,258,7.8303,4.7492,7.8791,0.3739,3.1684,2,20,2,0,0,1,0,4096,77312,245760,1024,234540,0.3146,28160.0,37790.5,0,0,0,0,1,1,1,0,1,3872,0,0,0,14.97,0.3145,0.7681,2,0,1
195232,8,332,1342221618,2,270,4.9238,1.1812,6.0485,0.0,2.1256,0,10,3,0,2,0,0,5248,145408,217088,1024,223312,0.6698,24000.0,23909.75,0,0,0,0,0,0,0,0,1,0,0,0,2208,13.87,0.6684,0.9138,5,0,1
454656,4,332,1344542973,2,271,7.4723,5.9075,7.7318,3.8042,1.3973,1,59,4,0,2,0,0,5648,36864,823296,4096,0,0.0448,112640.0,202494.5,0,0,0,0,0,0,1,0,0,27924,0,0,0,13.8,0.0431,4.0909,0,0,1
131168,9,332,1335070874,2,270,6.8581,2.5653,7.0845,0.1603,2.7653,1,243,4,0,1,0,0,109808,113152,155648,1024,178617,0.727,14336.0,14228.0,0,0,0,1,0,0,1,0,1,7132,0,0,1120,14.1,0.6923,0.9574,5,0,1
368640,4,332,1331931721,2,271,7.693,6.74,7.8831,4.1087,1.5385,3,69,4,0,4,0,0,83039,98304,806912,4096,423218,0.1218,91136.0,198505.0,0,0,0,0,0,0,1,0,0,47200,0,0,0,14.2,0.1206,1.4345,0,0,1
285208,6,332,1332163511,2,270,7.654,4.6204,7.7197,0.0,2.4884,1,338,7,7,1,0,0,4928,4096,299008,1024,311859,0.0137,47189.3333,47055.1667,0,0,0,1,0,0,1,0,1,1716,0,0,1048,14.19,0.0132,0.9418,2,0,1
557568,3,332,1385615580,2,14,7.8508,6.3671,7.9957,3.6854,1.9107,2,83,18,0,1,0,0,4096,32768,884736,1024,0,0.037,181760.0,292864.0,0,0,0,0,0,0,1,0,0,500224,0,0,0,12.5,0.0411,9.1918,0,0,1
364032,4,332,1300731694,2,271,7.9083,4.5286,7.944,0.0678,2.9353,1,39,4,0,1,0,0,5276,5632,823296,1024,0,0.0068,90752.0,202712.5,0,0,0,0,0,0,1,0,0,353956,0,0,0,15.19,0.0064,73.9866,0,0,1
421888,4,332,1343935512,2,271,7.6639,4.8049,7.9048,0.7084,2.6577,1,62,4,0,2,0,0,5616,36864,823296,4096,0,0.0448,104448.0,202528.5,0,0,0,0,0,0,1,0,0,5194,0,0,0,13.82,0.0431,13.0632,0,0,1
39424,4,332,1090812110,2,259,5.605,5.1369,5.833,4.4156,0.5275,0,58,6,0,1,0,0,9441,8704,49152,1024,91920,0.1771,9600.0,9362.75,1,1,0,1,0,0,1,0,0,19708,0,0,0,21.84,0.1764,0.9431,0,0,1
405504,4,332,1343232969,2,271,7.6821,6.4101,7.9217,3.4534,1.8166,2,40,2,0,2,0,0,5528,12288,823296,4096,0,0.0149,100352.0,202782.5,0,0,0,0,0,0,1,0,0,101620,0,0,0,13.84,0.0142,1.9662,0,0,1
117760,5,332,1343901456,2,258,7.7151,4.4033,7.9657,0.0612,2.5477,1,409,11,0,4,0,0,11274,9728,135168,1024,73852,0.072,23347.2,23434.8,1,1,0,1,1,0,1,0,1,95116,0,0,0,13.82,0.0696,0.7632,1,0,1
286744,7,332,1332204611,2,270,7.6344,3.9269,7.72,0.0,2.7964,1,338,7,7,1,0,0,4928,4096,303104,1024,341179,0.0135,40667.4286,40478.7143,0,0,0,1,0,0,1,0,1,1716,0,0,1048,14.19,0.013,0.9399,3,0,1
504320,4,332,0,2,271,6.6179,4.2226,6.643,0.0,2.6277,0,39,4,0,0,0,0,5492,5632,888832,1024,0,0.0063,125824.0,219395.0,0,0,0,0,0,0,1,0,0,493746,0,0,0,56.4,0.0061,62.0141,0,0,1
117760,5,332,1343925362,2,258,7.7182,4.4098,7.966,0.0612,2.5496,1,409,11,0,4,0,0,11274,9728,135168,1024,48577,0.072,23347.2,23457.2,1,1,0,1,1,0,1,0,1,95116,0,0,0,13.82,0.0704,0.7655,1,0,1
376832,4,332,0,2,271,7.8774,4.5206,7.9182,0.0,2.9606,1,39,4,0,0,0,0,5364,5632,888832,1024,0,0.0063,93952.0,219302.0,0,0,0,0,0,0,1,0,0,366430,0,0,0,56.4,0.0061,82.6794,0,0,1
140840,4,332,1334154035,2,270,6.871,5.7823,6.977,4.3647,0.9421,0,584,4,1,3,0,0,111456,112128,147456,1024,167408,0.7604,34688.0,34527.0,0,0,0,1,0,0,1,0,1,7132,0,0,1064,14.13,0.7592,0.9728,0,0,1
117760,5,332,1343901456,2,258,7.715,4.4034,7.966,0.0612,2.5478,1,409,11,0,4,0,0,11274,9728,135168,1024,73852,0.072,23347.2,23434.8,1,1,0,1,1,0,1,0,1,95116,0,0,0,13.82,0.0696,0.7632,1,0,1
458752,4,332,1335109490,2,271,7.4595,6.4927,7.8583,4.365,1.3155,2,95,6,0,3,0,0,7354,28672,987136,4096,479254,0.029,113664.0,243997.0,0,0,0,0,0,0,1,0,0,167536,0,0,0,14.1,0.0281,1.4606,0,0,1
128697,5,332,1344823397,2,271,7.7363,4.695,6.4901,3.4272,1.0856,0,98,7,0,1,0,0,4096,26624,53248,1024,0,0.5,7168.0,6363.2,0,0,0,0,0,0,1,0,0,1564,0,0,94905,13.79,0.4822,0.8899,2,0,1
438272,4,332,1123421509,2,259,7.9079,7.3375,7.9588,5.8309,0.8774,3,234,7,0,1,0,0,73132,83456,888832,1024,489885,0.0939,109312.0,219084.75,0,0,0,0,0,1,1,0,0,19015,0,0,0,20.81,0.0935,1.412,0,0,1
211456,4,332,1296673258,2,258,7.1243,5.2093,7.8624,0.0204,3.0522,1,259,7,0,2,1,0,28403,207872,286720,1024,273638,0.725,52608.0,68804.25,0,0,0,0,1,1,1,0,1,16,0,0,0,15.32,0.9533,0.8551,0,0,1
378880,4,332,1326871294,2,271,7.8798,4.5629,7.9143,0.0626,2.9671,1,39,4,0,1,0,0,5280,5632,823296,1024,0,0.0068,94464.0,202355.0,0,0,0,0,0,0,1,0,0,368674,0,0,0,14.36,0.0067,71.3304,0,0,1
356352,4,332,1331376535,2,271,7.7331,5.9625,7.8692,2.2229,2.2993,2,19,5,0,1,0,0,4609,4096,942080,4096,378709,0.0043,88064.0,232226.5,0,0,0,0,0,0,1,0,0,137050,0,0,0,14.22,0.0013,1.552,0,0,1
110176,4,332,1335457228,2,270,6.9955,4.1929,7.1351,1.6613,1.9736,1,9,3,0,1,0,0,110256,102912,122880,1024,144227,0.8375,27008.0,26922.75,0,0,0,1,0,0,1,0,1,4044,0,0,1120,14.09,0.0,0.932,0,0,1
463872,6,332,1217644157,1,258,7.871,4.518,7.9901,0.2109,2.5262,1,26,2,0,0,0,0,457278,60928,463872,1536,504608,0.1313,77056.0,76802.1667,0,0,0,0,1,0,1,0,1,800,0,0,0,17.82,0.1298,0.9026,1,0,1
195232,8,332,1342351253,2,270,4.9249,1.1814,6.0498,0.0,2.1259,0,10,3,0,2,0,0,5248,145408,217088,1024,204654,0.6698,24000.0,23909.75,0,0,0,0,0,0,0,0,1,0,0,0,2208,13.87,0.6684,0.9138,5,0,1
208896,5,332,1333985852,2,8450,6.1625,3.4245,6.6437,0.0,2.5776,0,114,7,11,3,2,0,77738,143360,225280,4096,242874,0.6364,40960.0,41436.8,1,1,0,1,0,0,1,0,1,1364,0,0,0,14.13,0.6214,1.1403,0,0,1
425984,4,332,1335608472,2,271,7.7654,6.5226,7.8468,3.9824,1.5776,2,69,4,0,4,0,0,6523,28672,987136,4096,484461,0.029,105472.0,244171.75,0,0,0,0,0,0,1,0,0,167581,0,0,0,14.08,0.0272,1.5518,0,0,1
413696,4,332,1334989131,2,271,7.8083,6.4727,7.8971,3.6468,1.7291,2,58,2,0,3,0,0,5357,20480,987136,4096,449166,0.0207,102400.0,244073.0,0,0,0,0,0,0,1,0,0,167536,0,0,0,14.1,0.0199,1.5671,0,0,1
503808,4,332,1342207595,2,271,6.8344,5.3733,7.9768,2.0042,2.1675,1,45,4,0,2,0,0,6355,20480,827392,4096,0,0.0248,124928.0,203348.0,0,0,0,0,0,0,1,0,0,336706,0,0,0,13.87,0.0217,5.8487,0,0,1
195232,8,332,1342193969,2,270,4.9256,1.1789,6.0507,0.0,2.1236,0,10,3,0,2,0,0,5264,145408,217088,1024,257749,0.6698,24000.0,23911.75,0,0,0,0,0,0,0,0,1,0,0,0,2208,13.87,0.6685,0.9138,5,0,1
206336,6,332,1339791514,2,258,6.8811,4.8167,6.5924,1.3091,2.2379,0,30,7,0,1,3,0,98338,165888,225280,1024,268140,0.7364,34218.6667,33980.0,0,0,0,0,0,1,1,0,1,5814,0,0,0,13.95,0.736,0.7779,2,0,1
393216,4,332,1343676558,2,271,7.73,6.7748,7.9221,5.9618,0.7332,1,44,3,0,3,0,0,5528,12288,823296,4096,0,0.0149,97280.0,203244.5,0,0,0,0,0,0,1,0,0,6946,0,0,0,13.83,0.0142,14.0652,0,0,1
471040,5,332,1213377447,2,8450,7.0466,5.1654,7.746,2.0733,1.9523,1,59,5,0,2,34,0,57568,176128,483328,4096,531859,0.3644,93388.8,94357.6,0,0,0,0,0,0,1,0,1,31648,0,0,0,17.96,0.3625,1.0158,0,0,1
164864,4,332,1308002995,2,258,7.8592,5.6175,7.9072,2.7976,1.8261,1,13,1,0,0,1,0,142114,157696,176128,1024,199237,0.8953,40960.0,40646.0,0,0,0,0,0,1,1,0,1,836,0,0,0,14.96,0.8931,0.8874,0,0,1
391168,4,332,0,2,271,7.8418,4.5583,7.882,0.0,2.9649,1,39,4,0,0,0,0,5240,5632,823296,1024,0,0.0068,97536.0,203356.0,0,0,0,0,0,0,1,0,0,380434,0,0,0,56.4,0.0066,70.0141,0,0,1
413696,4,332,1342295985,2,271,7.6723,6.0763,7.9762,4.9871,1.2258,1,42,4,0,2,0,0,6339,12288,827392,4096,0,0.0149,102400.0,203795.5,0,0,0,0,0,0,1,0,0,336706,0,0,0,13.87,0.014,7.2665,0,0,1
208896,5,332,1333985043,2,8450,6.1804,3.478,6.6441,0.0,2.5828,0,114,7,11,3,2,0,77738,143360,225280,4096,239044,0.6364,40960.0,41488.0,1,1,0,1,0,0,1,0,1,1364,0,0,0,14.13,0.6214,1.1419,0,0,1
434176,4,332,1344542973,2,271,7.5194,5.95,7.7315,3.8096,1.3982,1,59,4,0,2,0,0,5648,36864,823296,4096,0,0.0448,107520.0,202557.5,0,0,0,0,0,0,1,0,0,7696,0,0,0,13.8,0.0431,12.5644,0,0,1
430080,4,332,1334823586,2,271,7.6552,6.4699,7.8589,3.9274,1.5543,2,74,5,0,3,0,0,5544,20480,987136,4096,468118,0.0207,106496.0,244169.5,0,0,0,0,0,0,1,0,0,167536,0,0,0,14.11,0.0201,1.5194,0,0,1
131168,9,332,1335148833,2,270,6.8547,2.5656,7.0808,0.1603,2.7651,1,243,4,0,1,0,0,109808,113152,155648,1024,152192,0.727,14336.0,14228.0,0,0,0,1,0,0,1,0,1,7132,0,0,1120,14.1,0.6923,0.9574,5,0,1
356352,4,332,1331844927,2,271,7.7255,5.9982,7.9685,1.137,2.8267,3,14,4,0,2,0,0,87166,90112,856064,4096,389482,0.1053,88064.0,210104.5,0,0,0,0,0,1,1,0,0,49479,1,0,0,14.2,0.1037,1.375,0,0,1
417792,4,332,1334737687,2,271,7.7675,6.3537,7.9409,3.1358,1.9453,2,62,3,0,3,0,0,5410,20480,991232,4096,427301,0.0207,103424.0,245138.0,0,0,0,0,0,0,1,0,0,167512,0,0,0,14.11,0.0199,9.7083,0,0,1
442368,4,332,1336033167,2,271,7.627,5.6722,7.8247,3.9672,1.5042,1,63,3,0,3,0,0,6708,32768,819200,4096,442824,0.04,109568.0,201381.5,0,0,0,0,0,0,1,0,0,17116,0,0,0,14.07,0.0355,1.1057,0,0,1
122848,7,332,1337881209,2,270,6.7036,2.182,7.2861,0.0,2.4351,1,9,2,0,2,0,0,5024,14336,143360,1024,162615,0.1,17261.7143,17097.1429,0,0,0,0,0,0,1,0,1,2636,0,0,992,14.01,0.0972,0.872,3,0,1
284184,7,332,1332305410,2,270,7.639,3.9173,7.7158,0.0,2.7893,1,275,5,8,1,0,0,4928,4096,299008,1024,326138,0.0137,40301.7143,40112.0,0,0,0,1,0,0,1,0,1,1716,0,0,1048,14.19,0.0124,0.9498,3,0,1
405504,4,332,1341255872,2,271,7.3313,6.0548,7.8067,3.0585,1.8442,2,45,2,0,2,0,0,6504,16384,782336,4096,0,0.0209,100352.0,192692.5,0,0,0,0,0,0,1,0,0,4298,0,0,0,13.9,0.0183,1.7308,0,0,1
208896,5,332,1334932159,2,8450,6.4411,4.681,6.6747,2.6094,1.5369,0,111,6,11,3,2,0,78682,143360,225280,4096,240449,0.6364,40960.0,41815.2,1,1,0,1,0,0,1,0,1,1364,0,0,0,14.1,0.6259,1.1473,0,0,1
142432,6,332,1336150078,2,270,6.0685,3.1526,6.2546,0.0,2.3921,0,104,6,0,2,0,0,5584,126464,155648,1024,155575,0.8125,23381.3333,23216.0,0,0,0,0,0,0,1,0,1,7304,0,0,1120,14.06,0.824,0.9121,2,0,1
165024,8,332,1342185635,2,270,5.6176,1.2149,6.0506,0.0,2.108,0,10,3,0,2,0,0,5360,145408,188416,1024,197621,0.7717,20224.0,20159.25,0,0,0,0,0,0,0,0,1,0,0,0,2208,13.87,0.7701,0.9161,5,0,1
433664,6,332,1209742467,1,258,7.8734,4.51,7.989,0.2674,2.5269,1,25,2,0,0,0,0,427070,60928,433664,1536,437752,0.1405,72021.3333,71765.5,0,0,0,0,1,0,1,0,1,768,0,0,0,18.07,0.1388,0.89,1,0,1
208896,5,332,1333758018,2,8450,6.3892,4.6346,6.644,2.6068,1.4974,0,114,7,11,3,2,0,77738,143360,225280,4096,225329,0.6364,40960.0,41440.0,1,1,0,1,0,0,1,0,1,1364,0,0,0,14.14,0.6214,1.1404,0,0,1
172032,9,332,1295047889,2,258,7.7958,2.839,7.8923,0.4371,2.8714,1,27,3,0,0,1,0,4096,161280,221184,1024,180502,0.7292,19000.8889,21038.3333,0,0,0,0,0,1,1,0,1,980,0,0,0,15.37,0.7288,2.7844,5,0,1
417792,4,332,1334572662,2,271,7.7729,6.3629,7.9416,3.1633,1.9363,2,63,3,0,3,0,0,5335,20480,991232,4096,476437,0.0207,103424.0,245124.5,0,0,0,0,0,0,1,0,0,167512,0,0,0,14.11,0.0198,9.7073,0,0,1
313384,6,332,1334415003,2,270,7.4833,4.0458,7.5668,0.1603,2.9045,1,584,4,1,3,0,0,282192,284672,323584,1024,359225,0.8797,51882.6667,51764.3333,0,0,0,1,0,0,1,0,1,7132,0,0,1064,14.12,0.8729,0.9742,2,0,1
464384,6,332,1215807348,1,258,7.8708,4.5135,7.9888,0.2019,2.5309,1,26,2,0,0,0,0,457790,60416,464384,1536,475691,0.1301,77141.3333,76885.8333,0,0,0,0,1,0,1,0,1,800,0,0,0,17.88,0.1292,0.9025,1,0,1
146944,4,332,1398209281,2,259,6.3401,5.2151,6.3428,3.3848,1.1808,0,82,1,0,2,0,0,52977,92672,830451712,1024,0,0.0001,36480.0,207609287.25,0,0,0,0,0,0,1,0,0,38764,0,0,0,12.1,0.0001,45047.2078,1,0,1
136288,7,332,1334694041,2,270,6.855,3.4021,6.9987,0.1603,2.9045,0,414,5,1,1,0,0,110752,113152,151552,1024,151936,0.7466,19163.4286,19075.4286,0,0,0,1,0,0,1,0,1,7132,0,0,1120,14.11,0.7242,0.9837,3,0,1
434176,6,332,1213802347,1,258,7.8715,4.5137,7.9875,0.2672,2.5283,1,25,2,0,0,0,0,427582,60928,434176,1536,442953,0.1403,72106.6667,71809.5,0,0,0,0,1,0,1,0,1,768,0,0,0,17.94,0.139,0.8902,1,0,1
401408,4,332,1342094796,2,271,7.7318,5.3807,7.9467,2.2016,2.0732,1,48,3,0,3,0,0,6483,24576,782336,4096,0,0.0314,99328.0,191921.5,0,0,0,0,0,0,1,0,0,345098,0,0,0,13.88,0.0268,6.7053,0,0,1
131168,9,332,1335157263,2,270,6.8549,2.5654,7.0808,0.1603,2.765,1,243,4,0,1,0,0,109808,113152,155648,1024,138602,0.727,14336.0,14228.0,0,0,0,1,0,0,1,0,1,7132,0,0,1120,14.1,0.6923,0.9574,5,0,1
433664,6,332,1209742467,1,258,7.8734,4.51,7.989,0.2676,2.5268,1,25,2,0,0,0,0,427070,60928,433664,1536,444346,0.1405,72021.3333,71765.5,0,0,0,0,1,0,1,0,1,768,0,0,0,18.07,0.1388,0.89,1,0,1
409600,4,332,1332274738,2,271,7.2135,6.5281,7.8762,4.1393,1.4234,2,77,7,0,3,0,0,82849,98304,806912,4096,410446,0.1218,101376.0,198843.0,0,0,0,0,0,0,1,0,0,47200,0,0,0,14.19,0.1204,1.3114,0,0,1
345088,4,332,1329409810,2,271,7.8479,4.1456,7.9201,0.0848,2.7799,1,39,4,0,0,0,0,6276,8704,778240,1024,0,0.0112,86016.0,190823.0,0,0,0,0,0,0,1,0,0,331962,0,0,0,14.28,0.0108,69.3262,0,0,1
117760,5,332,1343901456,2,258,7.715,4.4034,7.966,0.0612,2.5478,1,409,11,0,4,0,0,11274,9728,135168,1024,73852,0.072,23347.2,23434.8,1,1,0,1,1,0,1,0,1,95116,0,0,0,13.82,0.0696,0.7632,1,0,1
405504,4,332,1332493366,2,271,7.2628,6.5464,7.7764,4.1193,1.4257,3,76,5,0,4,0,0,76383,94208,815104,4096,409333,0.1156,100352.0,199635.25,0,0,0,0,0,0,1,0,0,53605,0,0,0,14.18,0.1112,1.3218,0,0,1
195072,3,332,1297911846,2,258,7.5337,7.1026,7.6841,6.2164,0.6367,2,262,6,0,1,1,0,36674,67584,290816,1024,227087,0.2324,64682.6667,92975.3333,0,0,0,0,0,0,1,0,1,16,0,0,0,15.28,0.2308,1.188,0,0,1
446464,4,332,1335178283,2,271,7.5863,6.5471,7.8697,4.3424,1.3638,2,94,5,0,3,0,0,7380,28672,987136,4096,510366,0.029,110592.0,243943.0,0,0,0,0,0,0,1,0,0,167536,0,0,0,14.1,0.0281,1.499,0,0,1
393216,4,332,1343718681,2,271,7.731,6.7783,7.9224,5.9638,0.7312,1,46,3,0,3,0,0,5592,12288,823296,4096,0,0.0149,97280.0,203274.0,0,0,0,0,0,0,1,0,0,6946,0,0,0,13.83,0.0143,14.0666,0,0,1
463360,6,332,1217081032,1,258,7.8722,4.5171,7.9908,0.211,2.5257,1,26,2,0,0,0,0,456766,60928,463360,1536,472659,0.1315,76970.6667,76738.1667,0,0,0,0,1,0,1,0,1,800,0,0,0,17.84,0.1299,0.9022,1,0,1
442368,5,332,1335725530,2,271,7.6051,4.5675,7.8233,0.0,2.6549,1,69,4,0,4,0,0,6539,28672,819200,4096,463523,0.035,87654.4,161055.6,0,0,0,0,0,0,1,0,0,17116,0,0,0,14.08,0.0328,19.2091,0,0,1
127968,7,332,1338141610,2,270,6.6891,2.679,7.2821,0.0,2.6718,1,33,4,0,2,0,0,6000,15360,147456,1024,149708,0.1042,17993.1429,17925.1429,0,0,0,0,0,0,1,0,1,6004,0,0,992,14.0,0.1021,0.9484,3,0,1
409600,4,332,1342552538,2,271,7.6805,6.0763,7.9849,4.9836,1.2313,1,46,3,0,2,0,0,6260,12288,827392,4096,0,0.0149,101376.0,203205.0,0,0,0,0,0,0,1,0,0,333272,0,0,0,13.86,0.014,7.2827,0,0,1
393216,4,332,1343397334,2,271,7.845,7.2077,7.9214,6.3723,0.6909,2,39,2,0,2,0,0,5528,12288,823296,4096,0,0.0149,97280.0,203183.0,0,0,0,0,0,0,1,0,0,105946,0,0,0,13.84,0.0142,1.9431,0,0,1
436224,6,332,1207750265,1,258,7.8688,4.405,7.9883,0.2566,2.5389,1,21,2,0,0,0,0,429630,61952,436224,1536,469517,0.142,72448.0,72156.8333,0,0,0,0,1,0,1,0,1,768,0,0,0,18.13,0.1402,0.8741,1,0,1
183672,6,332,1346929387,2,270,5.5804,2.6544,6.8061,0.0,2.5922,0,104,3,0,2,0,0,4912,126464,192512,1024,212815,0.6569,29269.3333,29109.0,0,0,0,0,0,0,1,0,1,2364,0,0,7032,13.72,0.6555,0.9125,2,0,1
173056,4,332,1295448942,2,258,7.8291,5.6214,7.9023,3.6089,1.5819,1,23,2,0,0,1,0,123879,161792,184320,1024,194826,0.8778,43008.0,42807.5,0,0,0,0,0,1,1,0,1,836,0,0,0,15.35,0.877,0.9377,0,0,1
356352,4,332,1331844927,2,271,7.7317,6.008,7.9691,1.137,2.8305,3,14,4,0,2,0,0,87166,90112,856064,4096,372965,0.1053,88064.0,210104.5,0,0,0,0,0,1,1,0,0,49479,1,0,0,14.2,0.1037,1.375,0,0,1
458752,4,332,1335109490,2,271,7.4645,6.4951,7.8691,4.365,1.318,2,95,6,0,3,0,0,7354,28672,987136,4096,501537,0.029,113664.0,243997.0,0,0,0,0,0,0,1,0,0,167536,0,0,0,14.1,0.0281,1.4606,0,0,1
208896,5,332,1333758959,2,8450,6.1822,3.48,6.6438,0.0,2.5854,0,114,7,11,3,2,0,77738,143360,225280,4096,211640,0.6364,40960.0,41507.2,1,1,0,1,0,0,1,0,1,1364,0,0,0,14.14,0.6214,1.1424,0,0,1
378880,4,332,1326871294,2,271,7.88,4.5669,7.9144,0.0626,2.9701,1,39,4,0,1,0,0,5192,5632,823296,1024,0,0.0068,94464.0,202352.0,0,0,0,0,0,0,1,0,0,368674,0,0,0,14.36,0.0067,71.3298,0,0,1
430080,4,332,1343833647,2,271,7.6603,5.0952,7.9049,0.7116,2.6685,1,64,4,0,3,0,0,5728,36864,823296,4096,0,0.0448,106496.0,202491.0,0,0,0,0,0,0,1,0,0,13072,0,0,0,13.82,0.0432,6.9175,0,0,1
409600,4,332,1332407685,2,271,7.2142,6.5161,7.7772,4.0743,1.4385,2,73,6,0,4,0,0,76383,94208,815104,4096,416857,0.1156,101376.0,199600.25,0,0,0,0,0,0,1,0,0,53605,0,0,0,14.18,0.1112,1.3092,0,0,1
209920,4,332,1304906909,2,258,7.1859,5.2162,7.8614,0.0204,3.0589,1,254,6,0,2,1,0,26205,206336,286720,1024,258521,0.7196,52224.0,68705.75,0,0,0,0,1,1,1,0,1,16,0,0,0,15.05,0.952,0.8537,0,0,1
356352,4,332,1331844927,2,271,7.7263,5.996,7.9673,1.137,2.8257,3,14,4,0,2,0,0,87166,90112,856064,4096,378290,0.1053,88064.0,210104.5,0,0,0,0,0,1,1,0,0,49479,1,0,0,14.2,0.1037,1.375,0,0,1
148480,4,332,1343811892,2,258,7.4463,5.9166,7.9767,5.0351,1.2109,1,455,11,0,5,0,0,20799,39424,159744,1024,96237,0.2468,36864.0,36936.0,1,1,0,1,1,0,1,0,1,94268,0,0,0,13.82,0.2447,0.9878,0,0,1
373760,4,332,0,2,271,7.8816,4.5645,7.9219,0.0,2.9717,1,39,4,0,0,0,0,5296,5632,888832,1024,0,0.0063,93184.0,219531.0,0,0,0,0,0,0,1,0,0,363114,0,0,0,56.4,0.0063,83.3519,0,0,1
454656,4,332,1333436105,2,271,7.4129,7.0994,7.6922,6.6333,0.4488,2,74,6,0,3,0,0,6145,20480,856064,4096,472814,0.0239,112640.0,212144.75,0,0,0,0,0,0,1,0,0,31947,0,0,0,14.15,0.0239,1.3312,0,0,1
454656,4,332,1333306672,2,271,7.4122,7.0121,7.5699,6.6293,0.3863,2,76,4,0,3,0,0,6109,20480,856064,4096,468379,0.0239,112640.0,211724.25,0,0,0,0,0,0,1,0,0,31947,0,0,0,14.15,0.0238,1.3394,0,0,1
434176,6,332,1213803377,1,258,7.8702,4.514,7.9871,0.2672,2.5275,1,25,2,0,0,0,0,427582,60928,434176,1536,487402,0.1403,72106.6667,71804.8333,0,0,0,0,1,0,1,0,1,768,0,0,0,17.94,0.1389,0.8901,1,0,1
208896,5,332,1333758488,2,8450,6.3903,4.6349,6.6433,2.6075,1.4998,0,114,7,11,3,2,0,77738,143360,225280,4096,241259,0.6364,40960.0,41440.0,1,1,0,1,0,0,1,0,1,1364,0,0,0,14.14,0.6214,1.1404,0,0,1
313384,6,332,1334505009,2,270,7.4839,4.0449,7.5674,0.1603,2.9045,1,584,4,1,3,0,0,282192,284672,323584,1024,347851,0.8797,51882.6667,51764.3333,0,0,0,1,0,0,1,0,1,7132,0,0,1064,14.12,0.8729,0.9742,2,0,1
367616,4,332,1305462840,2,271,7.893,3.854,7.9442,0.0822,2.7887,1,39,4,0,0,0,0,7664,9216,823296,1024,0,0.0112,91648.0,202605.5,0,0,0,0,0,0,1,0,0,353956,0,0,0,15.04,0.0109,73.328,0,0,1
438272,4,332,1344581633,2,271,7.4905,5.7082,7.7319,3.7914,1.4373,1,61,4,0,2,0,0,5680,36864,823296,4096,0,0.0448,108544.0,201850.0,0,0,0,0,0,0,1,0,0,8886,0,0,0,13.8,0.0432,8.5527,0,0,1
283160,5,332,1332343516,2,270,7.6077,5.359,7.6689,3.0474,1.4666,1,287,4,91,2,0,0,4928,4096,290816,1024,304243,0.0141,56217.6,55920.0,0,0,0,1,0,0,1,0,1,1716,0,0,1048,14.19,0.0132,0.9149,1,0,1
413696,4,332,1342351835,2,271,7.672,6.0726,7.9765,4.9861,1.2282,1,41,4,0,2,0,0,6323,12288,827392,4096,0,0.0149,102400.0,203787.0,0,0,0,0,0,0,1,0,0,336706,0,0,0,13.87,0.0139,7.2661,0,0,1
240128,5,332,1394104645,2,258,6.7682,5.4908,6.8107,3.3416,1.3698,0,138,5,0,3,0,0,55512,92672,262144,1024,266778,0.3535,47820.8,49231.4,1,1,0,0,0,1,1,0,1,105240,0,0,0,12.23,0.3531,1.2454,0,0,1
90624,6,332,1341398218,2,258,6.3548,4.4523,6.4608,0.0612,2.1759,0,36,3,0,1,0,0,40468,73728,147456,1024,0,0.5,14933.3333,22013.0,0,0,0,0,0,0,1,0,1,4696,0,0,0,13.9,0.4972,2.8531,1,0,1
176128,4,332,1330803002,2,258,7.72,5.402,7.7712,2.6494,1.967,1,103,5,0,1,1,0,95442,163840,184320,1024,232083,0.8889,43776.0,43623.75,0,0,0,0,1,1,1,0,1,6504,0,0,0,14.23,0.8878,0.8364,1,0,1
434176,6,332,1213802347,1,258,7.8715,4.5136,7.9875,0.2662,2.5286,1,25,2,0,0,0,0,427582,60928,434176,1536,458728,0.1403,72106.6667,71809.5,0,0,0,0,1,0,1,0,1,768,0,0,0,17.94,0.139,0.8902,1,0,1
127968,7,332,1337966391,2,270,6.69,2.6789,7.283,0.0,2.6719,1,33,4,0,2,0,0,6000,15360,147456,1024,145691,0.1042,17993.1429,17925.1429,0,0,0,0,0,0,1,0,1,6004,0,0,992,14.01,0.1021,0.9484,3,0,1
413696,4,332,1342351835,2,271,7.672,6.0724,7.9763,4.9846,1.2285,1,41,4,0,2,0,0,6323,12288,827392,4096,0,0.0149,102400.0,203787.0,0,0,0,0,0,0,1,0,0,336706,0,0,0,13.87,0.0139,7.2661,0,0,1
471040,5,332,1213378792,2,8450,7.0456,5.165,7.7451,2.0731,1.952,1,59,5,0,2,34,0,57568,176128,483328,4096,526551,0.3644,93388.8,94344.8,0,0,0,0,0,0,1,0,1,31648,0,0,0,17.96,0.3625,1.0157,0,0,1
151040,4,332,1341586878,2,258,7.426,5.7958,7.9729,4.5394,1.3267,1,183,5,0,4,0,0,30406,49152,159744,1024,94463,0.3077,37504.0,37382.0,1,1,0,1,1,0,1,0,1,94444,0,0,0,13.89,0.306,0.9891,0,0,1
425984,4,332,1335555348,2,271,7.7642,6.526,7.8445,3.9784,1.578,2,69,4,0,4,0,0,6590,28672,987136,4096,463828,0.029,105472.0,244197.75,0,0,0,0,0,0,1,0,0,167581,0,0,0,14.08,0.0273,1.5523,0,0,1
434176,4,332,1333707682,2,271,7.6194,6.1069,7.8844,2.2382,2.2971,2,79,7,0,3,0,0,5619,20480,1044480,4096,452796,0.0196,107520.0,258041.5,0,0,0,0,0,0,1,0,0,218542,0,0,0,14.14,0.0191,7.1611,0,0,1
385024,4,332,1332442873,2,271,7.4967,6.6258,7.7712,4.025,1.5142,3,72,4,0,4,0,0,76367,94208,815104,4096,448085,0.1156,95232.0,199482.25,0,0,0,0,0,0,1,0,0,53605,0,0,0,14.18,0.1112,1.3789,0,0,1
165344,12,332,1339884086,2,270,5.5482,0.8137,6.5401,0.0,1.8632,0,11,3,0,2,0,0,4096,43008,208896,1024,194124,0.2059,13610.6667,13231.5,0,0,0,0,0,0,0,0,1,0,0,0,992,13.95,0.2038,0.3409,9,0,1
110176,4,332,1335339665,2,270,6.9907,4.1767,7.1308,1.5771,1.9993,1,9,3,0,1,0,0,110208,102912,122880,1024,139908,0.8375,27008.0,26906.75,0,0,0,1,0,0,1,0,1,4044,0,0,1120,14.09,0.0,0.9279,0,0,1
371808,6,332,1334618720,2,270,6.5697,3.8644,6.5738,0.1603,2.7126,0,414,5,1,1,0,0,347088,348672,385024,1024,382823,0.9056,61610.6667,61515.0,0,0,0,1,0,0,1,0,1,7132,0,0,1120,14.11,0.8994,0.9859,2,0,1
319528,8,332,1333053629,2,270,7.4529,2.9666,7.6703,0.0,3.0937,1,738,9,162,3,0,0,5248,269312,339968,1024,374380,0.7922,39680.0,39567.75,0,0,0,1,0,0,1,0,1,20568,0,0,1064,14.16,0.7915,0.9846,4,0,1
195232,8,332,1342326955,2,270,4.9238,1.1812,6.0483,0.0,2.1255,0,10,3,0,2,0,0,5248,145408,217088,1024,202204,0.6698,24000.0,23909.75,0,0,0,0,0,0,0,0,1,0,0,0,2208,13.87,0.6684,0.9138,5,0,1
458752,4,332,1335515320,2,271,7.4517,6.4376,7.8457,4.2104,1.3736,2,85,4,0,4,0,0,6970,28672,987136,4096,466189,0.029,113664.0,244093.25,0,0,0,0,0,0,1,0,0,167581,0,0,0,14.08,0.0277,1.4492,0,0,1
148064,4,332,1336657224,2,270,5.6592,3.7342,5.6823,1.5509,1.5054,0,5,2,0,1,0,0,5104,141824,159744,1024,205943,0.8878,36480.0,36285.0,0,0,0,0,0,0,1,0,1,2824,0,0,1120,14.05,0.8859,0.8699,0,0,1
405504,4,332,1341691629,2,271,7.5542,4.6701,7.9643,0.8633,2.7154,1,42,2,0,2,0,0,6208,12288,782336,4096,0,0.0157,100352.0,192685.5,0,0,0,0,0,0,1,0,0,341016,0,0,0,13.89,0.0149,4.7723,0,0,1
405504,4,332,1343160515,2,271,7.683,6.4104,7.922,3.452,1.8175,2,41,2,0,2,0,0,5560,12288,823296,4096,0,0.0149,100352.0,202798.5,0,0,0,0,0,0,1,0,0,101620,0,0,0,13.84,0.0143,1.9671,0,0,1
458752,4,332,1335109490,2,271,7.4643,6.495,7.8677,4.365,1.3178,2,95,6,0,3,0,0,7354,28672,987136,4096,478248,0.029,113664.0,243997.0,0,0,0,0,0,0,1,0,0,167536,0,0,0,14.1,0.0281,1.4606,0,0,1
378880,4,332,1326871294,2,271,7.88,4.5648,7.9144,0.0626,2.9697,1,39,4,0,1,0,0,5484,5632,823296,1024,0,0.0068,94464.0,202357.0,0,0,0,0,0,0,1,0,0,368674,0,0,0,14.36,0.0067,71.3307,0,0,1
417792,4,332,1334737687,2,271,7.7675,6.3537,7.9409,3.1358,1.9453,2,62,3,0,3,0,0,5410,20480,991232,4096,429348,0.0207,103424.0,245138.0,0,0,0,0,0,0,1,0,0,167512,0,0,0,14.11,0.0199,9.7083,0,0,1
405504,4,332,1343210481,2,271,7.6823,6.4087,7.9215,3.4473,1.8194,2,40,2,0,2,0,0,5560,12288,823296,4096,0,0.0149,100352.0,202792.0,0,0,0,0,0,0,1,0,0,101620,0,0,0,13.84,0.0143,1.9669,0,0,1
433664,6,332,1212816874,1,258,7.8733,4.511,7.9888,0.2558,2.5313,1,25,2,0,0,0,0,427070,60928,433664,1536,478461,0.1405,72021.3333,71769.1667,0,0,0,0,1,0,1,0,1,768,0,0,0,17.97,0.1389,0.8901,1,0,1
458752,4,332,1334125787,2,271,7.3705,5.839,7.7135,1.7653,2.3926,2,75,7,0,3,0,0,5531,20480,892928,4096,511915,0.0229,113664.0,220865.5,0,0,0,0,0,0,1,0,0,67536,0,0,0,14.13,0.0222,4.2906,0,0,1
434176,6,332,1213885791,1,258,7.8718,4.5155,7.9874,0.2672,2.5285,1,25,2,0,0,0,0,427582,60928,434176,1536,494029,0.1403,72106.6667,71816.8333,0,0,0,0,1,0,1,0,1,768,0,0,0,17.94,0.1391,0.8903,1,0,1
131168,9,332,1335134435,2,270,6.8547,2.5654,7.0808,0.1603,2.765,1,243,4,0,1,0,0,109808,113152,155648,1024,184108,0.727,14336.0,14228.0,0,0,0,1,0,0,1,0,1,7132,0,0,1120,14.1,0.6923,0.9574,5,0,1
356352,4,332,1331671113,2,271,7.7283,5.7225,7.8367,0.7116,2.9291,2,11,3,0,2,0,0,4672,8192,897024,4096,366976,0.0091,88064.0,221145.25,0,0,0,0,0,0,1,0,0,91875,0,0,0,14.21,0.007,1.2618,0,0,1
131168,9,332,1335114083,2,270,6.8547,2.5644,7.0808,0.1603,2.7643,1,243,4,0,1,0,0,109808,113152,155648,1024,193219,0.727,14336.0,14228.0,0,0,0,1,0,0,1,0,1,7132,0,0,1120,14.1,0.6923,0.9574,5,0,1
208896,5,332,1333985852,2,8450,6.1682,3.4643,6.6437,0.0,2.5695,0,114,7,11,3,2,0,77738,143360,225280,4096,242874,0.6364,40960.0,41436.8,1,1,0,1,0,0,1,0,1,1364,0,0,0,14.13,0.6214,1.1403,0,0,1
434176,4,332,1344630696,2,271,7.5073,5.6247,7.7362,3.9628,1.4754,1,69,5,0,2,1,0,5776,36864,823296,4096,0,0.0448,107520.0,202273.25,0,0,0,0,0,0,1,0,0,4444,0,0,0,13.8,0.0443,12.4764,0,0,1
95785,5,332,1332912037,2,270,7.6268,4.1201,7.7576,2.0064,2.1808,1,6,3,0,1,0,0,4640,2048,110592,1024,129621,0.0185,18739.2,18395.0,0,0,0,1,0,0,1,0,1,1636,0,0,1065,14.17,0.0176,0.7178,0,0,1
438272,4,332,1344608860,2,271,7.5043,5.7508,7.7364,3.8762,1.4172,1,66,5,0,2,0,0,5744,36864,823296,4096,0,0.0448,108544.0,202316.5,0,0,0,0,0,0,1,0,0,8886,0,0,0,13.8,0.0442,8.5613,0,0,1
208896,5,332,1333755894,2,8450,6.1639,3.4261,6.6438,0.0,2.5791,0,114,7,11,3,2,0,77738,143360,225280,4096,241295,0.6364,40960.0,41440.0,1,1,0,1,0,0,1,0,1,1364,0,0,0,14.14,0.6214,1.1404,0,0,1
413696,4,332,1342376926,2,271,7.6724,6.0743,7.9764,4.9745,1.2305,1,43,4,0,2,0,0,6355,12288,827392,4096,0,0.0149,102400.0,203806.0,0,0,0,0,0,0,1,0,0,336706,0,0,0,13.87,0.014,7.267,0,0,1
442368,5,332,1335776971,2,271,7.6036,4.5628,7.8226,0.0,2.6552,1,69,4,0,4,0,0,6533,28672,819200,4096,449794,0.035,87654.4,161050.0,0,0,0,0,0,0,1,0,0,17116,0,0,0,14.08,0.0328,19.2087,0,0,1
442368,4,332,1344692537,2,271,7.49,5.6183,7.7297,3.9964,1.4608,1,72,4,0,2,1,0,5968,45056,823296,4096,0,0.0547,109568.0,201840.75,0,0,0,0,0,0,1,0,0,4444,0,0,0,13.79,0.0529,12.2222,0,0,1
63104,7,332,1206123628,1,258,5.8279,4.0254,6.3941,0.5443,2.0153,0,98,2,0,0,4,0,56464,46592,63104,1152,96278,0.7383,8850.2857,8793.2857,0,0,0,0,1,1,1,0,1,968,1,0,0,18.19,0.7367,0.9182,1,0,1
458752,4,332,1335515320,2,271,7.4531,6.4376,7.8477,4.2104,1.3739,2,85,4,0,4,0,0,6970,28672,987136,4096,478355,0.029,113664.0,244093.25,0,0,0,0,0,0,1,0,0,167581,0,0,0,14.08,0.0277,1.4492,0,0,1
151081,9,332,1333164045,2,270,6.9783,2.6616,7.5191,0.0,3.0827,1,738,9,162,3,0,0,5120,99840,176128,1024,198085,0.5669,16554.6667,16493.3333,0,0,0,1,0,0,1,0,1,20568,0,0,1065,14.16,0.5663,0.9851,5,0,1
167936,9,332,1297596187,2,258,7.8354,3.093,7.9709,0.4168,3.1746,2,18,2,0,0,1,0,112794,142336,192512,1024,194057,0.7394,18545.7778,18194.5556,0,0,0,0,1,1,1,0,1,3872,0,0,0,15.29,0.7387,0.4575,5,0,1
393216,4,332,1332087689,2,271,7.4153,6.6631,7.8893,4.325,1.3774,3,84,5,0,4,0,0,83269,98304,806912,4096,409351,0.1218,97280.0,199361.0,0,0,0,0,0,0,1,0,0,47200,0,0,0,14.19,0.1209,1.3687,0,0,1
195232,8,332,1342354844,2,270,4.9212,1.1808,6.0452,0.0,2.1246,0,10,3,0,2,0,0,5248,145408,217088,1024,231038,0.6698,24000.0,23909.75,0,0,0,0,0,0,0,0,1,0,0,0,2208,13.87,0.6684,0.9138,5,0,1
130144,8,332,1334796489,2,270,6.8678,2.8721,7.0776,0.1603,2.7969,1,238,4,0,1,0,0,109696,112128,151552,1024,131596,0.7399,16000.0,15858.0,0,0,0,1,0,0,1,0,1,7132,0,0,1120,14.11,0.7102,0.9497,4,0,1
171008,6,332,1307674046,2,258,7.8104,4.7433,7.8795,0.3739,3.1628,2,20,2,0,0,1,0,4096,77312,245760,1024,195099,0.3146,28330.6667,37945.1667,0,0,0,0,1,1,1,0,1,3872,0,0,0,14.97,0.3145,0.7666,2,0,1
221184,5,332,1332476108,2,8450,6.4748,4.7704,6.6661,2.6068,1.4962,0,114,7,11,3,2,0,84506,151552,237568,4096,221852,0.6379,43417.6,44633.6,1,1,0,1,0,0,1,0,1,1364,0,0,0,14.18,0.6294,1.1699,0,0,1
454656,4,332,1335469004,2,271,7.4946,6.4667,7.8464,4.2517,1.3687,2,88,5,0,4,0,0,7002,28672,987136,4096,475745,0.029,112640.0,244205.25,0,0,0,0,0,0,1,0,0,167581,0,0,0,14.09,0.0277,1.4656,0,0,1
417792,4,332,1332576541,2,271,7.6665,6.7233,7.7696,3.8067,1.6855,3,60,2,0,4,0,0,76217,94208,913408,4096,466848,0.1031,103424.0,223846.75,0,0,0,0,0,0,1,0,0,98559,0,0,0,14.18,0.0991,1.4805,0,0,1
434176,4,332,1344630696,2,271,7.5066,5.615,7.7366,3.927,1.4863,1,69,5,0,2,1,0,5776,36864,823296,4096,0,0.0448,107520.0,202273.25,0,0,0,0,0,0,1,0,0,4444,0,0,0,13.8,0.0443,12.4764,0,0,1
98857,7,332,1332798021,2,270,7.4942,2.8765,7.7198,0.0,2.6168,1,5,2,0,1,0,0,4704,2048,118784,1024,99884,0.0172,13824.0,13551.5714,0,0,0,1,0,0,1,0,1,1636,0,0,1065,14.17,0.0159,0.779,3,0,1
130144,8,332,1334785691,2,270,6.8701,2.8729,7.08,0.1603,2.7976,1,238,4,0,1,0,0,109696,112128,151552,1024,167116,0.7399,16000.0,15858.0,0,0,0,1,0,0,1,0,1,7132,0,0,1120,14.11,0.7102,0.9497,4,0,1
409600,4,332,1342552538,2,271,7.6823,6.0784,7.9854,4.9754,1.2304,1,46,3,0,2,0,0,6260,12288,827392,4096,0,0.0149,101376.0,203205.0,0,0,0,0,0,0,1,0,0,333272,0,0,0,13.86,0.014,7.2827,0,0,1
417792,4,332,1332576541,2,271,7.6575,6.7118,7.7632,3.8067,1.6796,3,60,2,0,4,0,0,76217,94208,913408,4096,461883,0.1031,103424.0,223846.75,0,0,0,0,0,0,1,0,0,98559,0,0,0,14.18,0.0991,1.4805,0,0,1
503808,4,332,1342207595,2,271,6.8321,5.375,7.9761,2.0021,2.1681,1,45,4,0,2,0,0,6355,20480,827392,4096,0,0.0248,124928.0,203348.0,0,0,0,0,0,0,1,0,0,336706,0,0,0,13.87,0.0217,5.8487,0,0,1
368640,4,332,1331408674,2,271,7.5928,4.134,7.7585,0.7327,2.5737,1,12,4,0,1,0,0,4637,4096,819200,4096,400845,0.005,91136.0,200765.0,0,0,0,0,0,0,1,0,0,14146,0,0,0,14.22,0.0022,0.9312,0,0,1
434176,4,332,1344630696,2,271,7.5069,5.621,7.736,3.9506,1.4791,1,69,5,0,2,1,0,5776,36864,823296,4096,0,0.0448,107520.0,202273.25,0,0,0,0,0,0,1,0,0,4444,0,0,0,13.8,0.0443,12.4764,0,0,1
179200,3,332,1393103118,2,258,6.5607,3.6402,6.6697,0.1019,2.7053,0,1,1,0,0,0,0,170974,162816,196608,512,0,0.8281,59562.6667,59386.6667,1,1,0,0,0,0,1,0,1,15360,0,0,0,12.26,0.828,0.6744,0,0,1
374272,4,332,1319571264,2,271,7.9701,5.2949,7.9868,2.6549,2.0475,1,39,4,0,0,0,0,787760,6144,1167360,786432,430211,0.0053,93312.0,92980.5,0,0,0,0,0,0,1,0,0,14146,0,0,0,14.59,0.0049,0.7892,0,0,1
454656,4,332,1333049649,2,271,7.413,5.7643,7.6371,2.6405,1.8859,1,85,5,0,3,0,0,6469,24576,856064,4096,506211,0.0287,112640.0,211277.5,0,0,0,0,0,0,1,0,0,32422,0,0,0,14.16,0.0242,7.0433,0,0,1
151040,4,332,1341586878,2,258,7.426,5.7958,7.9729,4.5394,1.3267,1,183,5,0,4,0,0,30406,49152,159744,1024,94463,0.3077,37504.0,37382.0,1,1,0,1,1,0,1,0,1,94444,0,0,0,13.89,0.306,0.9891,0,0,1
110176,4,332,1335532823,2,270,6.994,4.1757,7.134,1.665,1.9696,1,9,2,0,1,0,0,110272,102912,122880,1024,126302,0.8375,27008.0,26917.75,0,0,0,1,0,0,1,0,1,4044,0,0,1120,14.08,0.0,0.9145,0,0,1
421888,4,332,1343935512,2,271,7.6642,4.804,7.9043,0.7074,2.6581,1,62,4,0,2,0,0,5616,36864,823296,4096,0,0.0448,104448.0,202528.5,0,0,0,0,0,0,1,0,0,5194,0,0,0,13.82,0.0431,13.0632,0,0,1
503808,5,332,1335900359,2,271,7.0471,4.4949,7.1963,0.0,2.5018,1,78,6,0,3,0,0,8020,32768,819200,4096,512681,0.04,99942.4,161011.2,0,0,0,0,0,0,1,0,0,17116,0,0,0,14.07,0.0371,16.2207,0,0,1
413696,4,332,1343041823,2,271,7.6713,6.0891,7.9764,4.9792,1.2318,1,44,3,0,2,0,0,5576,12288,823296,4096,0,0.0149,102400.0,201857.5,0,0,0,0,0,0,1,0,0,335920,0,0,0,13.85,0.0143,1.2715,0,0,1
127968,7,332,1338159671,2,270,6.6893,2.6793,7.2821,0.0,2.6719,1,33,4,0,2,0,0,6000,15360,147456,1024,159443,0.1042,17993.1429,17925.1429,0,0,0,0,0,0,1,0,1,6004,0,0,992,14.0,0.1021,0.9484,3,0,1
393216,4,332,1339438924,2,271,7.7156,6.0474,7.9473,4.6197,1.2202,1,45,3,0,2,0,0,5721,24576,774144,4096,0,0.0317,97280.0,189554.0,0,0,0,0,0,0,1,0,0,20888,0,0,0,13.96,0.0272,1.199,0,0,1
31232,5,332,1292154148,2,258,6.2909,5.6233,6.5719,4.5189,0.782,0,73,8,0,1,0,0,7011,6144,40960,1024,88663,0.15,6041.6,5845.6,1,1,0,1,0,1,1,0,1,15105,0,0,0,15.46,0.1479,0.9533,0,0,1
95785,5,332,1332850846,2,270,7.627,4.1196,7.7577,2.0064,2.1811,1,6,3,0,1,0,0,4640,2048,110592,1024,109882,0.0185,18739.2,18395.0,0,0,0,1,0,0,1,0,1,1636,0,0,1065,14.17,0.0176,0.7178,0,0,1
466944,4,332,1332842084,2,271,7.1732,6.9272,7.8087,6.2027,0.6787,2,84,6,0,3,0,0,7227,24576,983040,4096,508175,0.025,115712.0,241172.0,0,0,0,0,0,0,1,0,0,167944,0,0,0,14.17,0.0219,1.7781,0,0,1
434176,4,332,1344630696,2,271,7.507,5.6212,7.7364,3.9515,1.4793,1,69,5,0,2,1,0,5776,36864,823296,4096,0,0.0448,107520.0,202273.25,0,0,0,0,0,0,1,0,0,4444,0,0,0,13.8,0.0443,12.4764,0,0,1
208896,5,332,1333757781,2,8450,6.3952,4.6431,6.6437,2.605,1.5054,0,114,7,11,3,2,0,77738,143360,225280,4096,234852,0.6364,40960.0,41481.6,1,1,0,1,0,0,1,0,1,1364,0,0,0,14.14,0.6214,1.1417,0,0,1
284184,7,332,1332301810,2,270,7.6391,3.9169,7.716,0.0,2.7894,1,275,5,8,1,0,0,4928,4096,299008,1024,285215,0.0137,40301.7143,40112.0,0,0,0,1,0,0,1,0,1,1716,0,0,1048,14.19,0.0124,0.9498,3,0,1
434176,6,332,1212819073,1,258,7.8721,4.5145,7.9881,0.2689,2.5273,1,25,2,0,0,0,0,427582,60928,434176,1536,434781,0.1403,72106.6667,71832.1667,0,0,0,0,1,0,1,0,1,768,0,0,0,17.97,0.1389,0.8901,1,0,1
458752,4,332,1335515320,2,271,7.4525,6.438,7.8479,4.2104,1.3742,2,85,4,0,4,0,0,6970,28672,987136,4096,497042,0.029,113664.0,244093.25,0,0,0,0,0,0,1,0,0,167581,0,0,0,14.08,0.0277,1.4492,0,0,1
128512,5,332,1301029282,2,258,7.2097,5.4833,7.1816,3.3526,1.6149,2,4,2,0,0,9,0,7813,0,258048,1024,169663,0.0,25497.6,48245.6,0,0,0,0,1,0,1,0,1,1404,0,0,0,15.18,0.9203,1.1157,1,0,1
290840,5,332,1331848211,2,270,7.5601,4.19,7.6316,0.0,2.5478,1,214,5,7,1,0,0,4352,3584,303104,1024,345733,0.0118,57753.6,57457.2,0,0,0,1,0,0,1,0,1,1716,0,0,1048,14.2,0.0106,0.8909,1,0,1
413696,4,332,1342351835,2,271,7.6717,6.0717,7.9763,4.9803,1.2291,1,41,4,0,2,0,0,6323,12288,827392,4096,0,0.0149,102400.0,203787.0,0,0,0,0,0,0,1,0,0,336706,0,0,0,13.87,0.0139,7.2661,0,0,1
195232,8,332,1342212045,2,270,4.925,1.1814,6.05,0.0,2.126,0,10,3,0,2,0,0,5248,145408,217088,1024,197748,0.6698,24000.0,23909.75,0,0,0,0,0,0,0,0,1,0,0,0,2208,13.87,0.6684,0.9138,5,0,1
195232,8,332,1342224024,2,270,4.9211,1.1808,6.0452,0.0,2.1246,0,10,3,0,2,0,0,5248,145408,217088,1024,225366,0.6698,24000.0,23909.75,0,0,0,0,0,0,0,0,1,0,0,0,2208,13.87,0.6684,0.9138,5,0,1
96297,4,332,1332543612,2,270,7.4037,4.4243,7.5281,2.0767,2.2304,1,7,2,0,1,0,0,4880,2048,106496,1024,153772,0.0192,23552.0,23246.0,0,0,0,1,0,0,1,0,1,1636,0,0,1065,14.18,0.0184,0.7559,0,0,1
458752,4,332,1335109490,2,271,7.4651,6.4957,7.8691,4.365,1.3183,2,95,6,0,3,0,0,7354,28672,987136,4096,508454,0.029,113664.0,243997.0,0,0,0,0,0,0,1,0,0,167536,0,0,0,14.1,0.0281,1.4606,0,0,1
425984,4,332,1335555348,2,271,7.7627,6.525,7.84,3.9784,1.5772,2,69,4,0,4,0,0,6590,28672,987136,4096,481366,0.029,105472.0,244197.75,0,0,0,0,0,0,1,0,0,167581,0,0,0,14.08,0.0273,1.5523,0,0,1
155728,3,332,1309159996,2,271,7.9719,3.6172,7.9947,0.0,3.3078,1,8,3,0,3,0,0,314192,151552,323584,4096,219440,0.4684,50346.6667,106496.0,0,0,0,1,1,0,1,0,0,1104,0,0,3664,14.92,0.9747,1.8402,2,1,1
208896,5,332,1333758959,2,8450,6.4015,4.6476,6.6438,2.6081,1.5128,0,114,7,11,3,2,0,77738,143360,225280,4096,211640,0.6364,40960.0,41505.6,1,1,0,1,0,0,1,0,1,1356,0,0,0,14.14,0.6214,1.142,0,0,1
115200,4,332,0,2,271,7.6994,4.6498,7.7869,0.0,2.9562,1,42,3,0,1,0,0,4288,3072,126976,1024,4294967295,0.0242,28544.0,28213.5,0,0,0,1,0,1,1,0,0,108836,0,0,0,56.4,0.0221,0.6782,0,0,1
405504,4,332,1332493366,2,271,7.2583,6.5415,7.7728,4.1193,1.4231,3,76,5,0,4,0,0,76383,94208,815104,4096,426142,0.1156,100352.0,199635.25,0,0,0,0,0,0,1,0,0,53605,0,0,0,14.18,0.1112,1.3218,0,0,1
402432,4,332,1319571264,2,271,7.9757,4.2855,6.6629,0.4055,2.4057,0,39,4,0,0,0,0,789524,5632,819200,786432,452132,0.0069,5632.0,5350.0,0,0,0,0,0,0,1,0,1,14146,0,0,378880,14.59,0.0069,0.8051,0,0,1
263680,9,332,1199997096,2,271,7.8035,5.6217,7.9808,0.0,2.3208,3,35,7,0,1,0,0,8192,18432,1363968,1024,562975664,0.0135,29184.0,149350.4444,0,0,0,1,0,0,1,0,0,2572,0,0,0,18.38,0.0135,26.2791,3,1,1
479232,5,332,1335978445,2,271,7.2711,4.525,7.4687,0.0,2.5447,1,78,6,0,3,0,0,6900,32768,819200,4096,487262,0.04,95027.2,160275.2,0,0,0,0,0,0,1,0,0,17116,0,0,0,14.07,0.0357,17.2138,0,0,1
127968,7,332,1337948441,2,270,6.6931,2.6792,7.2865,0.0,2.6727,1,33,4,0,2,0,0,6000,15360,147456,1024,157669,0.1042,17993.1429,17925.1429,0,0,0,0,0,0,1,0,1,6004,0,0,992,14.01,0.1021,0.9484,3,0,1
210944,4,332,1296673258,2,258,7.1368,5.2165,7.8633,0.0204,3.0554,1,259,7,0,2,1,0,28403,207360,286720,1024,274242,0.7232,52480.0,68708.25,0,0,0,0,1,1,1,0,1,16,0,0,0,15.32,0.9519,0.8557,0,0,1
425984,4,332,1344193048,2,271,7.6745,5.1383,7.9033,0.709,2.6787,1,58,3,0,2,0,0,5600,36864,823296,4096,0,0.0448,105472.0,203059.5,0,0,0,0,0,0,1,0,0,10570,0,0,0,13.81,0.0431,9.0148,0,0,1
131168,9,332,1334953218,2,270,6.8573,2.5649,7.0836,0.1603,2.765,1,243,4,0,1,0,0,109808,113152,155648,1024,139866,0.727,14336.0,14228.0,0,0,0,1,0,0,1,0,1,7132,0,0,1120,14.1,0.6923,0.9574,5,0,1
413696,4,332,1342351835,2,271,7.672,6.0725,7.9766,4.9828,1.229,1,41,4,0,2,0,0,6323,12288,827392,4096,0,0.0149,102400.0,203787.0,0,0,0,0,0,0,1,0,0,336706,0,0,0,13.87,0.0139,7.2661,0,0,1
458752,4,332,1335109490,2,271,7.4661,6.4959,7.872,4.365,1.3188,2,95,6,0,3,0,0,7354,28672,987136,4096,509098,0.029,113664.0,243997.0,0,0,0,0,0,0,1,0,0,167536,0,0,0,14.1,0.0281,1.4606,0,0,1
301096,4,332,1334273104,2,270,7.6243,5.9892,7.7034,4.3673,1.2146,1,584,4,1,3,0,0,271584,272384,307200,1024,353612,0.8867,74752.0,74554.0,0,0,0,1,0,0,1,0,1,7132,0,0,1064,14.12,0.8857,0.9726,0,0,1
405504,4,332,1341691629,2,271,7.5489,4.6696,7.9615,0.8633,2.7149,1,42,2,0,2,0,0,6208,12288,782336,4096,0,0.0157,100352.0,192685.5,0,0,0,0,0,0,1,0,0,341016,0,0,0,13.89,0.0149,4.7723,0,0,1
130144,8,332,1334816652,2,270,6.8679,2.8729,7.0776,0.1603,2.7973,1,238,4,0,1,0,0,109696,112128,151552,1024,144137,0.7399,16000.0,15858.0,0,0,0,1,0,0,1,0,1,7132,0,0,1120,14.11,0.7102,0.9497,4,0,1
430080,4,332,1343849227,2,271,7.6612,5.0946,7.905,0.7102,2.669,1,64,4,0,3,0,0,5728,36864,823296,4096,0,0.0448,106496.0,202491.0,0,0,0,0,0,0,1,0,0,13072,0,0,0,13.82,0.0432,6.9175,0,0,1
417792,4,332,1334652129,2,271,7.7721,6.3571,7.9412,3.1491,1.9419,2,62,3,0,3,0,0,5299,20480,991232,4096,456711,0.0207,103424.0,245109.5,0,0,0,0,0,0,1,0,0,167512,0,0,0,14.11,0.0198,9.7069,0,0,1
98857,7,332,1332831671,2,270,7.4961,2.8975,7.7217,0.0,2.5927,1,6,3,0,1,0,0,4608,2048,118784,1024,150358,0.0172,13824.0,13556.4286,0,0,0,1,0,0,1,0,1,1636,0,0,1065,14.17,0.0157,0.7861,3,0,1
208896,5,332,1334932159,2,8450,6.441,4.6813,6.6747,2.6094,1.5368,0,111,6,11,3,2,0,78682,143360,225280,4096,240449,0.6364,40960.0,41815.2,1,1,0,1,0,0,1,0,1,1364,0,0,0,14.1,0.6259,1.1473,0,0,1
299560,6,332,1334566209,2,270,7.6641,4.0525,7.7419,0.1603,2.9309,1,489,5,1,1,0,0,271840,273920,315392,1024,363121,0.8685,49578.6667,49435.3333,0,0,0,1,0,0,1,0,1,7132,0,0,1064,14.12,0.8608,0.976,2,0,1
515072,3,332,1351107787,2,259,7.9901,5.7334,7.9967,3.8013,1.7287,1,23,2,0,0,0,0,13386,12288,1114112,4096,75459,0.011,171349.3333,367918.6667,0,0,0,1,1,0,1,0,0,503279,0,0,0,13.59,0.0084,1.2827,2,0,1
438272,4,332,1333397172,2,271,7.5803,7.1437,7.6998,6.6485,0.471,2,75,6,0,3,0,0,6137,20480,856064,4096,500289,0.0239,108544.0,211420.75,0,0,0,0,0,0,1,0,0,31947,0,0,0,14.15,0.0239,1.3633,0,0,1
110176,4,332,1335513735,2,270,6.9989,4.1759,7.1391,1.665,1.9718,1,9,2,0,1,0,0,110272,102912,122880,1024,161671,0.8375,27008.0,26917.75,0,0,0,1,0,0,1,0,1,4044,0,0,1120,14.09,0.0,0.9145,0,0,1
434176,4,332,1344630696,2,271,7.506,5.6229,7.736,3.9591,1.4769,1,69,5,0,2,1,0,5776,36864,823296,4096,0,0.0448,107520.0,202273.25,0,0,0,0,0,0,1,0,0,4444,0,0,0,13.8,0.0443,12.4764,0,0,1
417792,4,332,1341347075,2,271,7.2701,6.3841,7.816,4.4384,1.2857,2,50,3,0,2,0,0,6296,16384,782336,4096,0,0.0209,103424.0,192086.0,0,0,0,0,0,0,1,0,0,14000,0,0,0,13.9,0.0183,1.7203,0,0,1
434176,4,332,1344630696,2,271,7.5068,5.6199,7.736,3.9506,1.4799,1,69,5,0,2,1,0,5776,36864,823296,4096,0,0.0448,107520.0,202273.25,0,0,0,0,0,0,1,0,0,4444,0,0,0,13.8,0.0443,12.4764,0,0,1
479232,5,332,1335978445,2,271,7.2724,4.5247,7.4688,0.0,2.5447,1,78,6,0,3,0,0,6900,32768,819200,4096,544645,0.04,95027.2,160275.2,0,0,0,0,0,0,1,0,0,17116,0,0,0,14.07,0.0357,17.2138,0,0,1
165024,8,332,1342163968,2,270,5.6172,1.2149,6.0505,0.0,2.108,0,10,3,0,2,0,0,5360,145408,188416,1024,196776,0.7717,20224.0,20159.25,0,0,0,0,0,0,0,0,1,0,0,0,2208,13.87,0.7701,0.9161,5,0,1
159744,8,332,1337086863,2,258,7.7506,4.5477,7.992,0.0204,2.7638,1,101,4,0,0,1,0,16184,22528,262144,1024,219788,0.0859,19840.0,29272.625,0,1,0,0,0,1,1,0,1,16,0,0,0,14.04,0.0846,1.0935,4,0,1
367616,4,332,1305462840,2,271,7.8589,3.7844,7.9442,0.0822,2.7999,1,39,4,0,0,0,33,7196,9216,823296,1024,0,0.0112,91648.0,202606.5,0,0,0,0,0,0,1,0,0,353956,0,0,0,15.04,0.0109,73.3281,0,0,1
110176,4,332,1335600059,2,270,6.9981,4.1769,7.1381,1.665,1.9711,1,9,2,0,1,0,0,110272,102912,122880,1024,155008,0.8375,27008.0,26917.75,0,0,0,1,0,0,1,0,1,4044,0,0,1120,14.08,0.0,0.9145,0,0,1
95272,3,332,1333486823,2,270,7.5748,4.5334,7.6191,2.0939,2.3015,1,10,4,0,1,0,0,4720,92160,106496,512,153562,0.8654,31232.0,30979.3333,0,0,0,1,0,0,0,0,1,0,0,0,1064,14.15,0.8608,0.7899,0,0,1
208896,5,332,1333761802,2,8450,6.3921,4.6382,6.6439,2.6041,1.5025,0,114,7,11,3,2,0,77738,143360,225280,4096,244397,0.6364,40960.0,41456.0,1,1,0,1,0,0,1,0,1,1364,0,0,0,14.14,0.6214,1.1409,0,0,1
131168,9,332,1334982024,2,270,6.8575,2.5654,7.0836,0.1603,2.7653,1,243,4,0,1,0,0,109808,113152,155648,1024,191154,0.727,14336.0,14228.0,0,0,0,1,0,0,1,0,1,7132,0,0,1120,14.1,0.6923,0.9574,5,0,1
405504,4,332,1343141119,2,271,7.6871,6.4205,7.9214,3.463,1.8191,2,41,2,0,2,0,0,5544,12288,823296,4096,0,0.0149,100352.0,202794.5,0,0,0,0,0,0,1,0,0,101620,0,0,0,13.84,0.0143,1.9668,0,0,1
393216,4,332,1343718681,2,271,7.7312,6.7776,7.9227,5.9611,0.732,1,46,3,0,3,0,0,5592,12288,823296,4096,0,0.0149,97280.0,203274.0,0,0,0,0,0,0,1,0,0,6946,0,0,0,13.83,0.0143,14.0666,0,0,1
221184,5,332,1331950271,2,8450,6.4402,4.7409,6.6442,2.6098,1.4755,0,115,7,11,3,2,0,83722,151552,237568,4096,232692,0.6379,43417.6,44314.4,1,1,0,1,0,0,1,0,1,1364,0,0,0,14.2,0.6256,1.1635,0,0,1
413696,4,332,1335031099,2,271,7.8101,6.4728,7.8976,3.6455,1.7298,2,58,2,0,3,0,0,5363,20480,987136,4096,462944,0.0207,102400.0,244073.0,0,0,0,0,0,0,1,0,0,167536,0,0,0,14.1,0.0199,1.5671,0,0,1
284184,5,332,1332010205,2,270,7.6643,5.492,7.7184,3.0517,1.4965,1,337,7,7,1,0,0,4976,4096,294912,1024,289854,0.0139,56422.4,56262.0,0,0,0,1,0,0,1,0,1,1716,0,0,1048,14.2,0.0134,0.9342,1,0,1
417792,4,332,1334688361,2,271,7.7729,6.3592,7.9406,3.1564,1.9385,2,62,3,0,3,0,0,5338,20480,991232,4096,440778,0.0207,103424.0,245117.5,0,0,0,0,0,0,1,0,0,167512,0,0,0,14.11,0.0198,9.7073,0,0,1
454656,4,332,1333306647,2,271,7.4115,7.1017,7.6869,6.6403,0.4436,2,69,5,0,3,0,0,6021,20480,856064,4096,506772,0.0239,112640.0,211875.25,0,0,0,0,0,0,1,0,0,31947,0,0,0,14.15,0.0237,1.3284,0,0,1
208896,5,332,1333985852,2,8450,6.1685,3.4648,6.6437,0.0,2.5694,0,114,7,11,3,2,0,77738,143360,225280,4096,242874,0.6364,40960.0,41436.8,1,1,0,1,0,0,1,0,1,1364,0,0,0,14.13,0.6214,1.1403,0,0,1
208896,5,332,1333755894,2,8450,6.3894,4.6356,6.6438,2.608,1.498,0,114,7,11,3,2,0,77738,143360,225280,4096,241295,0.6364,40960.0,41440.0,1,1,0,1,0,0,1,0,1,1364,0,0,0,14.14,0.6214,1.1404,0,0,1
37376,4,332,1331709924,2,259,5.8228,5.2301,5.833,4.4156,0.5916,0,58,6,0,1,0,0,9441,8704,49152,1024,81546,0.1771,9088.0,8850.75,1,1,0,1,0,0,1,0,0,19708,0,0,0,14.21,0.1764,0.9428,0,0,1
313896,6,332,1334550314,2,270,7.4811,4.007,7.5609,0.1603,2.8736,1,584,4,1,3,0,0,282720,285184,327680,1024,339923,0.8703,51968.0,51853.0,0,0,0,1,0,0,1,0,1,7132,0,0,1064,14.12,0.8636,0.9744,2,0,1
430080,4,332,1343849227,2,271,7.6602,5.0947,7.9049,0.7099,2.6692,1,64,4,0,3,0,0,5728,36864,823296,4096,0,0.0448,106496.0,202491.0,0,0,0,0,0,0,1,0,0,13072,0,0,0,13.82,0.0432,6.9175,0,0,1
458752,4,332,1335109490,2,271,7.4651,6.4957,7.8691,4.365,1.3183,2,95,6,0,3,0,0,7354,28672,987136,4096,509466,0.029,113664.0,243997.0,0,0,0,0,0,0,1,0,0,167536,0,0,0,14.1,0.0281,1.4606,0,0,1
438272,4,332,1136927116,2,259,7.8747,7.2633,7.9245,5.8595,0.8295,3,222,7,0,1,0,0,52572,60928,876544,1024,467830,0.0695,109312.0,216824.5,0,0,0,0,0,1,1,0,0,19807,0,0,0,20.38,0.0691,1.3415,0,0,1
208896,5,332,1333985584,2,8450,6.3984,4.6464,6.6437,2.6038,1.5099,0,114,7,11,3,2,0,77738,143360,225280,4096,213841,0.6364,40960.0,41484.8,1,1,0,1,0,0,1,0,1,1364,0,0,0,14.13,0.6214,1.1418,0,0,1
454656,4,332,1335469004,2,271,7.4835,6.4603,7.8224,4.2517,1.3624,2,88,5,0,4,0,0,7002,28672,987136,4096,511260,0.029,112640.0,244205.25,0,0,0,0,0,0,1,0,0,167581,0,0,0,14.09,0.0277,1.4656,0,0,1
421888,4,332,1343908395,2,271,7.663,4.803,7.905,0.708,2.6582,1,62,4,0,2,0,0,5616,36864,823296,4096,0,0.0448,104448.0,202528.0,0,0,0,0,0,0,1,0,0,5194,0,0,0,13.82,0.0431,13.0632,0,0,1
147496,4,332,1334046028,2,270,6.7541,5.7564,6.8266,4.363,0.8973,0,694,4,1,6,0,0,113744,115200,155648,1024,211824,0.7401,36352.0,36147.5,0,0,0,1,0,0,1,0,1,7132,0,0,1064,14.13,0.7375,0.976,0,0,1
409600,4,332,1342552538,2,271,7.6819,6.0784,7.9849,4.979,1.2301,1,46,3,0,2,0,0,6260,12288,827392,4096,0,0.0149,101376.0,203205.0,0,0,0,0,0,0,1,0,0,333272,0,0,0,13.86,0.014,7.2827,0,0,1
405504,4,332,1332493366,2,271,7.2609,6.5458,7.7756,4.1193,1.4254,3,76,5,0,4,0,0,76383,94208,815104,4096,429106,0.1156,100352.0,199635.25,0,0,0,0,0,0,1,0,0,53605,0,0,0,14.18,0.1112,1.3218,0,0,1
433664,6,332,1209741008,1,258,7.8737,4.5109,7.9888,0.2671,2.5273,1,25,2,0,0,0,0,427070,60928,433664,1536,482035,0.1405,72021.3333,71765.8333,0,0,0,0,1,0,1,0,1,768,0,0,0,18.07,0.1389,0.8901,1,0,1
295976,6,332,1334580609,2,270,7.6735,4.0561,7.746,0.1603,2.9335,1,414,5,1,1,0,0,271392,272896,311296,1024,332335,0.8766,48981.3333,48898.3333,0,0,0,1,0,0,1,0,1,7132,0,0,1064,14.11,0.8693,0.9855,2,0,1
175616,9,332,1305524318,2,258,7.7984,2.906,7.9013,0.4371,2.917,1,19,2,0,0,1,0,4096,161280,266240,1024,190690,0.6058,19399.1111,26376.3333,0,0,0,0,0,1,1,0,1,3948,0,0,0,15.04,0.6057,2.2498,5,0,1
479232,5,332,1335978445,2,271,7.2711,4.5249,7.4684,0.0,2.5446,1,78,6,0,3,0,0,6900,32768,819200,4096,488958,0.04,95027.2,160275.2,0,0,0,0,0,0,1,0,0,17116,0,0,0,14.07,0.0357,17.2138,0,0,1
417792,4,332,1332675903,2,271,7.662,6.7082,7.767,3.77,1.6983,3,58,2,0,3,0,0,76137,94208,913408,4096,418195,0.1031,103424.0,223813.25,0,0,0,0,0,0,1,0,0,98559,0,0,0,14.17,0.099,1.4786,0,0,1
458752,4,332,1335515320,2,271,7.4532,6.4377,7.8478,4.2104,1.3739,2,85,4,0,4,0,0,6970,28672,987136,4096,473506,0.029,113664.0,244093.25,0,0,0,0,0,0,1,0,0,167581,0,0,0,14.08,0.0277,1.4492,0,0,1
210944,4,332,1296673258,2,258,7.1387,5.2166,7.8621,0.0204,3.0554,1,259,7,0,2,1,0,28403,207360,286720,1024,213630,0.7232,52480.0,68708.25,0,0,0,0,1,1,1,0,1,16,0,0,0,15.32,0.9519,0.8557,0,0,1
393216,4,332,1343718681,2,271,7.7307,6.7787,7.9224,5.9662,0.7306,1,46,3,0,3,0,0,5592,12288,823296,4096,0,0.0149,97280.0,203274.0,0,0,0,0,0,0,1,0,0,6946,0,0,0,13.83,0.0143,14.0666,0,0,1
148064,4,332,1336665756,2,270,5.6631,3.7356,5.6863,1.5509,1.5069,0,5,2,0,1,0,0,5104,141824,159744,1024,155888,0.8878,36480.0,36285.0,0,0,0,0,0,0,1,0,1,2824,0,0,1120,14.05,0.8859,0.8699,0,0,1
140840,4,332,1334372527,2,270,6.8689,5.7804,6.9778,4.3748,0.9384,0,584,4,1,3,0,0,111632,112128,147456,1024,155599,0.7604,34688.0,34506.5,0,0,0,1,0,0,1,0,1,7132,0,0,1064,14.12,0.7589,0.9726,0,0,1
390656,4,332,1302935608,2,271,7.8457,4.5477,7.8816,0.0,2.9604,1,39,4,0,1,0,0,5360,5632,823296,1024,0,0.0068,97408.0,203233.0,0,0,0,0,0,0,1,0,0,380434,0,0,0,15.12,0.0067,69.9946,0,0,1
385024,4,332,1332442873,2,271,7.4995,6.6298,7.7709,4.025,1.5158,3,72,4,0,4,0,0,76367,94208,815104,4096,437141,0.1156,95232.0,199482.25,0,0,0,0,0,0,1,0,0,53605,0,0,0,14.18,0.1112,1.3789,0,0,1
147496,4,332,1334001715,2,270,6.7565,5.8291,6.8295,4.3546,0.9397,0,694,4,1,6,0,0,113744,115200,155648,1024,169764,0.7401,36352.0,36136.5,0,0,0,1,0,0,1,0,1,7132,0,0,1064,14.13,0.7372,0.9759,0,0,1
172032,3,332,1401245922,2,258,6.5448,3.6298,6.6434,0.098,2.6972,0,1,1,0,0,0,0,163438,155648,188416,512,0,0.8261,57173.3333,56874.6667,1,1,0,0,0,0,1,0,1,15360,0,0,0,12.0,0.824,0.6736,0,0,1
391168,4,332,0,2,271,7.8417,4.5488,7.8825,0.0,2.9563,1,39,4,0,1,0,20,5280,5632,823296,1024,0,0.0068,97536.0,203344.0,0,0,0,0,0,0,1,0,0,380434,0,0,0,56.4,0.0066,70.012,0,0,1
458752,4,332,1335109490,2,271,7.4643,6.495,7.8678,4.365,1.3179,2,95,6,0,3,0,0,7354,28672,987136,4096,479760,0.029,113664.0,243997.0,0,0,0,0,0,0,1,0,0,167536,0,0,0,14.1,0.0281,1.4606,0,0,1
212992,5,332,1325128845,2,8450,6.1644,3.4694,6.6216,0.0,2.5308,0,115,7,11,3,2,0,79418,147456,229376,4096,237132,0.6429,41779.2,42614.0,1,1,0,1,0,0,1,0,1,1364,0,0,0,14.41,0.6269,1.1624,0,0,1
166400,3,332,708992537,2,33167,7.8759,3.5387,7.9003,0.0,3.2773,1,12,7,0,3,0,0,248464,163840,253952,4096,0,0.6452,54954.6667,83285.3333,0,0,0,0,1,0,1,1,0,564,0,0,512,33.94,0.9677,1.8349,2,0,1
195232,8,332,1342354791,2,270,4.9248,1.1814,6.0498,0.0,2.1259,0,10,3,0,2,0,0,5248,145408,217088,1024,229974,0.6698,24000.0,23909.75,0,0,0,0,0,0,0,0,1,0,0,0,2208,13.87,0.6684,0.9138,5,0,1
208896,5,332,1333759896,2,8450,6.3955,4.6419,6.6441,2.6081,1.5053,0,114,7,11,3,2,0,77738,143360,225280,4096,240078,0.6364,40960.0,41473.6,1,1,0,1,0,0,1,0,1,1356,0,0,0,14.14,0.6214,1.1411,0,0,1
433664,6,332,1213804776,1,258,7.8742,4.5155,7.9889,0.2665,2.5293,1,25,2,0,0,0,0,427070,60928,433664,1536,458401,0.1405,72021.3333,71791.1667,0,0,0,0,1,0,1,0,1,768,0,0,0,17.94,0.1392,0.8904,1,0,1
110176,4,332,1335477660,2,270,6.9935,4.1933,7.1332,1.6613,1.9726,1,9,3,0,1,0,0,110256,102912,122880,1024,127597,0.8375,27008.0,26922.75,0,0,0,1,0,0,1,0,1,4044,0,0,1120,14.09,0.0,0.932,0,0,1
192512,5,332,1317481744,2,8450,6.0622,3.4101,6.5976,0.0,2.4938,0,112,7,11,3,2,0,65018,131072,208896,4096,203028,0.6275,37683.2,38211.2,1,1,0,1,0,0,1,0,1,1364,0,0,0,14.66,0.6107,1.1417,0,0,1
260136,5,332,1332591605,2,270,7.6745,3.5417,7.7297,0.0,2.7298,1,5,2,0,1,0,0,4128,2048,274432,1024,314265,0.0075,51609.6,51400.8,0,0,0,1,0,0,1,0,1,1636,0,0,1064,14.18,0.0069,0.7894,1,0,1
96297,4,332,1332552003,2,270,7.4026,4.4326,7.5265,2.0767,2.2226,1,7,2,0,1,0,0,4880,2048,106496,1024,146250,0.0192,23552.0,23246.0,0,0,0,1,0,0,1,0,1,1636,0,0,1065,14.18,0.0184,0.7559,0,0,1
143360,4,332,1385719470,2,271,5.3813,4.0307,5.7082,1.5088,1.5509,0,84,7,0,3,0,0,6373,106496,147456,4096,0,0.7222,34816.0,33483.25,0,0,0,0,0,0,1,0,0,18552,0,0,0,12.49,0.7012,1.0165,0,0,1
433664,6,332,1213799263,1,258,7.8735,4.5123,7.9892,0.2554,2.5319,1,25,2,0,0,0,0,427070,60928,433664,1536,487155,0.1405,72021.3333,71788.1667,0,0,0,0,1,0,1,0,1,768,0,0,0,17.94,0.139,0.8902,1,0,1
263680,9,332,1199997096,2,271,7.8035,5.6217,7.9808,0.0,2.3208,3,35,7,0,1,0,0,8192,18432,1363968,1024,1421936218,0.0135,29184.0,149350.4444,0,0,0,1,0,0,1,0,0,2572,0,0,0,18.38,0.0135,26.2791,3,1,1
458752,4,332,1335109490,2,271,7.4638,6.4947,7.867,4.365,1.3177,2,95,6,0,3,0,0,7354,28672,987136,4096,479131,0.029,113664.0,243997.0,0,0,0,0,0,0,1,0,0,167536,0,0,0,14.1,0.0281,1.4606,0,0,1
433664,6,332,1213803033,1,258,7.8723,4.5129,7.9881,0.2684,2.528,1,25,2,0,0,0,0,427070,60928,433664,1536,468575,0.1405,72021.3333,71753.5,0,0,0,0,1,0,1,0,1,768,0,0,0,17.94,0.139,0.8901,1,0,1
143360,4,332,1385719470,2,271,5.3813,4.0307,5.7082,1.5088,1.5509,0,84,7,0,3,0,0,6373,106496,147456,4096,0,0.7222,34816.0,33483.25,0,0,0,0,0,0,1,0,0,18552,0,0,0,12.49,0.7012,1.0165,0,0,1
421888,4,332,1343908395,2,271,7.6634,4.8017,7.9041,0.7103,2.6573,1,62,4,0,2,0,0,5616,36864,823296,4096,0,0.0448,104448.0,202528.0,0,0,0,0,0,0,1,0,0,5194,0,0,0,13.82,0.0431,13.0632,0,0,1
131168,9,332,1334938851,2,270,6.8566,2.566,7.0827,0.1603,2.7655,1,243,4,0,1,0,0,109808,113152,155648,1024,166092,0.727,14336.0,14228.0,0,0,0,1,0,0,1,0,1,7132,0,0,1120,14.1,0.6923,0.9574,5,0,1
413696,4,332,1342376926,2,271,7.6706,6.0536,7.9763,4.8933,1.2489,1,43,4,0,2,0,0,6355,12288,827392,4096,0,0.0149,102400.0,203806.0,0,0,0,0,0,0,1,0,0,336706,0,0,0,13.87,0.014,7.267,0,0,1
118825,7,332,1332506402,2,270,7.2167,3.8094,7.5466,0.0,2.7919,1,576,6,151,1,0,0,4848,5632,139264,1024,155645,0.0404,16676.5714,16471.8571,0,0,0,1,0,0,1,0,1,1636,0,0,1065,14.18,0.0386,0.946,3,0,1
208896,5,332,1334932159,2,8450,6.441,4.6814,6.6747,2.6094,1.5367,0,111,6,11,3,2,0,78682,143360,225280,4096,240449,0.6364,40960.0,41815.2,1,1,0,1,0,0,1,0,1,1364,0,0,0,14.1,0.6259,1.1473,0,0,1
413696,4,332,1342376926,2,271,7.6721,6.0731,7.9762,4.9692,1.2309,1,43,4,0,2,0,0,6355,12288,827392,4096,0,0.0149,102400.0,203806.0,0,0,0,0,0,0,1,0,0,336706,0,0,0,13.87,0.014,7.267,0,0,1
74677,2,332,558322502,2,259,7.7861,3.9002,7.8004,0.0,3.9002,1,2,1,0,1,0,0,340,6144,172032,512,0,0.0357,37082.5,83968.0,0,0,0,0,0,0,1,0,0,240,0,0,0,38.71,0.0,1.0493,2,0,1
413696,4,332,1341585868,2,271,7.5331,4.6126,7.965,0.9057,2.6504,1,48,2,0,3,0,0,6119,20480,782336,4096,0,0.0262,102400.0,191475.0,0,0,0,0,0,0,1,0,0,341342,0,0,0,13.89,0.0225,4.6376,0,0,1
421888,4,332,1344425924,2,271,7.6882,6.9631,7.9067,6.1187,0.8366,2,57,4,0,2,0,0,5568,36864,823296,4096,0,0.0448,104448.0,203365.5,0,0,0,0,0,0,1,0,0,7696,0,0,0,13.8,0.043,13.1015,0,0,1
389120,4,332,1340783524,2,271,7.6308,5.4438,7.8277,3.4692,1.661,1,50,3,0,2,0,0,5560,20480,782336,4096,0,0.0262,96256.0,192243.5,0,0,0,0,0,0,1,0,0,14560,0,0,0,13.92,0.0227,1.111,0,0,1
208896,5,332,1333985321,2,8450,6.167,3.4294,6.6442,0.0,2.5829,0,114,7,11,3,2,0,77738,143360,225280,4096,270773,0.6364,40960.0,41459.2,1,1,0,1,0,0,1,0,1,1364,0,0,0,14.13,0.6214,1.141,0,0,1
263680,9,332,1199997096,2,271,7.8035,5.6217,7.9808,0.0,2.3208,3,35,7,0,1,0,0,8192,18432,1363968,1024,1273980177,0.0135,29184.0,149350.4444,0,0,0,1,0,0,1,0,0,2572,0,0,0,18.38,0.0135,26.2791,3,1,1
165024,8,332,1342135420,2,270,5.616,1.2146,6.0488,0.0,2.1075,0,10,3,0,2,0,0,5360,145408,188416,1024,216996,0.7717,20224.0,20159.25,0,0,0,0,0,0,0,0,1,0,0,0,2208,13.88,0.7701,0.9161,5,0,1
446464,4,332,1333809269,2,271,7.4964,5.9394,7.8873,1.4527,2.6477,2,77,6,0,3,0,0,5613,20480,1044480,4096,458248,0.0196,110592.0,258373.0,0,0,0,0,0,0,1,0,0,218542,0,0,0,14.14,0.0191,4.6219,0,0,1
409600,4,332,1342594396,2,271,7.6824,6.0848,7.985,4.9919,1.2269,1,48,3,0,2,0,0,6292,12288,827392,4096,0,0.0149,101376.0,203240.0,0,0,0,0,0,0,1,0,0,333340,0,0,0,13.86,0.014,7.2837,0,0,1
411136,3,332,1327862943,2,271,7.878,3.6592,7.8822,0.0,3.2425,1,12,7,0,3,0,0,1420592,409600,1425408,4096,0,0.2874,136874.6667,473770.6667,0,0,0,0,1,0,1,0,0,244,0,0,0,14.33,0.9943,2.5,2,1,1
367616,4,332,1305462840,2,271,7.8589,3.7797,7.9442,0.0822,2.8005,1,39,4,0,0,0,33,7504,9216,823296,1024,0,0.0112,91648.0,202603.5,0,0,0,0,0,0,1,0,0,353956,0,0,0,15.04,0.0109,73.3278,0,0,1
131168,9,332,1335018026,2,270,6.8575,2.5659,7.0836,0.1603,2.7656,1,243,4,0,1,0,0,109808,113152,155648,1024,184774,0.727,14336.0,14228.0,0,0,0,1,0,0,1,0,1,7132,0,0,1120,14.1,0.6923,0.9574,5,0,1
405504,4,332,1341255872,2,271,7.3317,6.0558,7.8075,3.0606,1.8435,2,45,2,0,2,0,0,6504,16384,782336,4096,0,0.0209,100352.0,192692.5,0,0,0,0,0,0,1,0,0,4298,0,0,0,13.9,0.0183,1.7308,0,0,1
417792,4,332,1332576541,2,271,7.6664,6.7222,7.768,3.8067,1.6849,3,60,2,0,4,0,0,76217,94208,913408,4096,477112,0.1031,103424.0,223846.75,0,0,0,0,0,0,1,0,0,98559,0,0,0,14.18,0.0991,1.4805,0,0,1
417792,4,332,1334652129,2,271,7.7671,6.3558,7.9411,3.1548,1.9374,2,62,3,0,3,0,0,5299,20480,991232,4096,477330,0.0207,103424.0,245109.5,0,0,0,0,0,0,1,0,0,167512,0,0,0,14.11,0.0198,9.7069,0,0,1
284184,7,332,1332287416,2,270,7.639,3.9176,7.7158,0.0,2.7892,1,275,5,8,1,0,0,4928,4096,299008,1024,315039,0.0137,40301.7143,40112.0,0,0,0,1,0,0,1,0,1,1716,0,0,1048,14.19,0.0124,0.9498,3,0,1
413696,4,332,1342295985,2,271,7.6712,6.0724,7.9757,4.9766,1.2291,1,42,4,0,2,0,0,6339,12288,827392,4096,0,0.0149,102400.0,203795.5,0,0,0,0,0,0,1,0,0,336706,0,0,0,13.87,0.014,7.2665,0,0,1
371808,6,332,1334656209,2,270,6.5695,3.8639,6.5734,0.1603,2.7125,0,414,5,1,1,0,0,347088,348672,385024,1024,413389,0.9056,61610.6667,61515.0,0,0,0,1,0,0,1,0,1,7132,0,0,1120,14.11,0.8994,0.9859,2,0,1
212992,5,332,1325126608,2,8450,6.1701,3.4741,6.6218,0.0,2.5375,0,115,7,11,3,2,0,79418,147456,229376,4096,219322,0.6429,41779.2,42633.2,1,1,0,1,0,0,1,0,1,1364,0,0,0,14.41,0.6269,1.163,0,0,1
214528,3,332,1294979457,2,258,6.9994,6.7027,7.8466,5.479,0.9682,1,255,4,0,1,1,0,33620,168448,323584,1024,263579,0.5206,71168.0,104638.6667,0,0,0,0,1,0,1,0,1,72000,0,0,0,15.37,0.8329,1.1842,0,0,1
438272,4,332,1344608860,2,271,7.5042,5.7522,7.7369,3.8828,1.4154,1,66,5,0,2,0,0,5744,36864,823296,4096,0,0.0448,108544.0,202316.5,0,0,0,0,0,0,1,0,0,8886,0,0,0,13.8,0.0442,8.5613,0,0,1
124896,7,332,1338267743,2,270,6.7141,2.5002,7.2805,0.0,2.5716,1,24,4,0,2,0,0,5872,14848,143360,1024,172908,0.1036,17554.2857,17452.4286,0,0,0,0,0,0,1,0,1,2636,0,0,992,14.0,0.1016,0.9159,3,0,1
430080,4,332,1334823586,2,271,7.6581,6.4711,7.8608,3.9274,1.5548,2,74,5,0,3,0,0,5544,20480,987136,4096,459351,0.0207,106496.0,244169.5,0,0,0,0,0,0,1,0,0,167536,0,0,0,14.11,0.0201,1.5194,0,0,1
352256,4,332,1331800726,2,271,7.7734,6.5013,7.9658,2.9635,2.0717,3,9,4,0,2,0,0,87064,90112,856064,4096,390056,0.1053,87040.0,210026.75,0,0,0,0,0,0,1,0,0,49479,0,0,0,14.2,0.1036,11.1421,0,0,1
430080,4,332,1343813193,2,271,7.6603,5.0946,7.9051,0.7106,2.6688,1,65,4,0,3,0,0,5728,36864,823296,4096,0,0.0448,106496.0,202498.5,0,0,0,0,0,0,1,0,0,13072,0,0,0,13.82,0.0432,6.9175,0,0,1
143400,4,332,1334056845,2,270,6.7776,5.8177,6.8648,4.3703,0.935,0,584,4,1,3,0,0,114080,114688,147456,1024,165122,0.7778,35328.0,35153.5,0,0,0,1,0,0,1,0,1,7132,0,0,1064,14.13,0.7762,0.9723,0,0,1
438272,4,332,1344608860,2,271,7.5044,5.7535,7.7365,3.8901,1.413,1,66,5,0,2,0,0,5744,36864,823296,4096,0,0.0448,108544.0,202316.5,0,0,0,0,0,0,1,0,0,8886,0,0,0,13.8,0.0442,8.5613,0,0,1
168960,6,332,1303630922,2,258,7.8283,4.6686,7.9434,0.3739,3.113,2,19,2,0,0,1,0,4096,131584,192512,1024,197521,0.6835,27989.3333,28683.6667,0,0,0,0,1,1,1,0,1,3948,0,0,0,15.1,0.6813,0.6917,2,0,1
356352,4,332,1331642813,2,271,7.7269,7.4739,7.8525,6.6243,0.494,3,9,3,1,2,0,0,4641,8192,897024,4096,419974,0.0091,88064.0,220619.25,0,0,0,0,0,0,1,0,0,91875,0,0,0,14.21,0.007,1.789,0,0,1
409600,4,332,1341428367,2,271,7.3024,6.4934,7.8123,4.6424,1.1941,2,48,4,0,2,0,0,6248,12288,782336,4096,0,0.0157,101376.0,192260.0,0,0,0,0,0,0,1,0,0,10308,0,0,0,13.9,0.0148,1.7488,0,0,1
413696,4,332,1342817547,2,271,7.675,5.1882,7.9779,0.7884,2.6812,1,46,4,0,2,0,0,5656,12288,823296,4096,0,0.0149,102400.0,202189.5,0,0,0,0,0,0,1,0,0,337184,0,0,0,13.85,0.0143,1.2904,0,0,1
313384,6,332,1334309110,2,270,7.4837,4.0453,7.5672,0.1603,2.9045,1,584,4,1,3,0,0,282192,284672,323584,1024,333739,0.8797,51882.6667,51764.3333,0,0,0,1,0,0,1,0,1,7132,0,0,1064,14.12,0.8729,0.9742,2,0,1
148480,4,332,1343811892,2,258,7.4463,5.9167,7.977,5.0351,1.211,1,455,11,0,5,0,0,20799,39424,159744,1024,96237,0.2468,36864.0,36936.0,1,1,0,1,1,0,1,0,1,94268,0,0,0,13.82,0.2447,0.9878,0,0,1
263680,9,332,1199997096,2,271,7.8035,5.6217,7.9808,0.0,2.3208,3,35,7,0,1,0,0,8192,18432,1363968,1024,1325750420,0.0135,29184.0,149350.4444,0,0,0,1,0,0,1,0,0,2572,0,0,0,18.38,0.0135,26.2791,3,1,1
157184,8,332,1336941911,2,258,7.7634,4.6572,7.9795,0.0204,2.74,1,168,6,0,1,1,0,6407,21504,258048,1024,221498,0.0833,19520.0,28939.5,0,1,0,0,0,1,1,0,1,16,0,0,0,14.04,0.0816,3.8963,4,0,1
425984,4,332,1335608472,2,271,7.7629,6.522,7.8463,3.9824,1.5771,2,69,4,0,4,0,0,6523,28672,987136,4096,455348,0.029,105472.0,244171.75,0,0,0,0,0,0,1,0,0,167581,0,0,0,14.08,0.0272,1.5518,0,0,1
433152,6,332,1213897396,1,258,7.8738,4.5156,7.9892,0.2653,2.5292,1,25,2,0,0,0,0,426558,60928,433152,1536,485400,0.1407,71936.0,71700.8333,0,0,0,0,1,0,1,0,1,768,0,0,0,17.94,0.1392,0.8902,1,0,1
442368,4,332,1336033167,2,271,7.6272,5.6726,7.8254,3.9672,1.5041,1,63,3,0,3,0,0,6708,32768,819200,4096,491733,0.04,109568.0,201381.5,0,0,0,0,0,0,1,0,0,17116,0,0,0,14.07,0.0355,1.1057,0,0,1
405504,4,332,1340958314,2,271,7.3305,6.0415,7.8064,3.0601,1.844,2,45,2,0,2,0,0,6439,16384,782336,4096,0,0.0209,100352.0,192651.0,0,0,0,0,0,0,1,0,0,4298,0,0,0,13.91,0.0181,1.7289,0,0,1
458752,4,332,1345643715,2,271,7.5849,6.9154,7.97,6.0049,0.8135,2,71,3,0,2,1,0,7008,61440,823296,4096,0,0.0746,113664.0,204075.25,0,0,0,0,0,0,1,0,0,162938,0,0,0,13.76,0.0739,1.5255,0,0,1
214016,3,332,1294979457,2,258,7.0137,6.7084,7.8445,5.479,0.968,1,255,4,0,1,1,0,33620,167936,323584,1024,269924,0.519,70997.3333,104557.3333,0,0,0,0,1,0,1,0,1,69836,0,0,0,15.37,0.8321,1.1854,0,0,1
174592,9,332,1298039852,2,258,7.7926,2.8258,7.8904,0.4332,2.8454,1,19,3,0,0,1,0,4096,162816,237568,1024,222870,0.6853,19285.3333,22959.1111,0,0,0,0,0,1,1,0,1,980,0,0,0,15.27,0.6842,4.4053,5,0,1
352256,4,332,1331800726,2,271,7.7755,6.5077,7.9668,2.9702,2.0702,3,9,4,0,2,0,0,87064,90112,856064,4096,356290,0.1053,87040.0,210026.75,0,0,0,0,0,0,1,0,0,49479,0,0,0,14.2,0.1036,11.1421,0,0,1
466944,4,332,1333049654,2,271,7.2929,5.536,7.6377,1.6638,2.3,1,80,4,0,3,0,0,6519,24576,856064,4096,476798,0.0287,115712.0,210566.5,0,0,0,0,0,0,1,0,0,32422,0,0,0,14.16,0.0243,4.3348,0,0,1
165024,8,332,1342174818,2,270,5.6118,1.2141,6.0444,0.0,2.1062,0,10,3,0,2,0,0,5360,145408,188416,1024,200118,0.7717,20224.0,20159.25,0,0,0,0,0,0,0,0,1,0,0,0,2208,13.87,0.7701,0.9161,5,0,1
458752,4,332,1344755412,2,271,7.4802,5.9573,7.7319,3.9434,1.3471,1,71,4,0,2,1,0,5952,45056,823296,4096,0,0.0547,113664.0,202306.75,0,0,0,0,0,0,1,0,0,22740,0,0,0,13.79,0.0529,4.5674,0,0,1
454656,4,332,1333306672,2,271,7.4121,7.0155,7.5683,6.6438,0.3818,2,76,4,0,3,0,0,6109,20480,856064,4096,511636,0.0239,112640.0,211724.25,0,0,0,0,0,0,1,0,0,31947,0,0,0,14.15,0.0238,1.3394,0,0,1
479232,4,332,1335379208,2,271,7.3394,6.3859,7.8645,4.2067,1.3513,1,84,6,0,4,0,0,6976,28672,995328,4096,510278,0.0288,118784.0,246334.5,0,0,0,0,0,0,1,0,0,174716,0,0,0,14.09,0.0275,1.4138,0,0,1
471040,4,332,1336070656,2,271,7.3521,5.669,7.5136,4.241,1.3206,1,78,6,0,3,0,0,6980,32768,819200,4096,489499,0.04,116736.0,200659.0,0,0,0,0,0,0,1,0,0,17116,0,0,0,14.07,0.0358,1.085,0,0,1
208896,5,332,1334929463,2,8450,6.4424,4.6844,6.6741,2.6104,1.5387,0,111,6,11,3,2,0,78682,143360,225280,4096,255759,0.6364,40960.0,41828.0,1,1,0,1,0,0,1,0,1,1364,0,0,0,14.1,0.6259,1.1477,0,0,1
127968,7,332,1338133280,2,270,6.6889,2.6776,7.2821,0.0,2.6713,1,33,4,0,2,0,0,6000,15360,147456,1024,184628,0.1042,17993.1429,17925.1429,0,0,0,0,0,0,1,0,1,6004,0,0,992,14.0,0.1021,0.9484,3,0,1
158720,8,332,1336679084,2,258,7.7677,4.7577,7.9917,0.0204,2.6835,1,110,6,0,0,1,0,19939,23552,258048,1024,168087,0.0913,19712.0,28950.625,0,1,0,0,0,1,1,0,1,16,0,0,0,14.05,0.0895,3.8483,4,0,1
356352,4,332,1331321630,2,271,7.7315,5.9307,7.8705,2.1339,2.3358,2,12,4,0,1,0,0,4564,4096,942080,4096,363244,0.0043,88064.0,232177.0,0,0,0,0,0,0,1,0,0,137050,0,0,0,14.22,0.0013,1.5466,0,0,1
438272,4,332,1344608860,2,271,7.5053,5.7527,7.737,3.8843,1.4149,1,66,5,0,2,0,0,5744,36864,823296,4096,0,0.0448,108544.0,202316.5,0,0,0,0,0,0,1,0,0,8886,0,0,0,13.8,0.0442,8.5613,0,0,1
131168,9,332,1334959284,2,270,6.8576,2.5659,7.0836,0.1603,2.7656,1,243,4,0,1,0,0,109808,113152,155648,1024,149039,0.727,14336.0,14228.0,0,0,0,1,0,0,1,0,1,7132,0,0,1120,14.1,0.6923,0.9574,5,0,1
458752,4,332,1335210826,2,271,7.5057,6.4676,7.8739,4.2241,1.3865,2,86,5,0,4,0,0,7014,28672,991232,4096,490633,0.0289,113664.0,245014.5,0,0,0,0,0,0,1,0,0,171908,0,0,0,14.09,0.0276,1.4635,0,0,1
454656,4,332,1344518840,2,271,7.4722,6.8112,7.7668,5.9506,0.7789,2,57,4,0,2,0,0,5600,36864,823296,4096,0,0.0448,112640.0,203494.0,0,0,0,0,0,0,1,0,0,27924,0,0,0,13.8,0.0431,4.1642,0,0,1
434176,4,332,1344630696,2,271,7.5067,5.6164,7.736,3.9317,1.4845,1,69,5,0,2,1,0,5776,36864,823296,4096,0,0.0448,107520.0,202273.25,0,0,0,0,0,0,1,0,0,4444,0,0,0,13.8,0.0443,12.4764,0,0,1
434176,4,332,1344630696,2,271,7.5062,5.6105,7.7364,3.9036,1.4918,1,69,5,0,2,1,0,5776,36864,823296,4096,0,0.0448,107520.0,202273.25,0,0,0,0,0,0,1,0,0,4444,0,0,0,13.8,0.0443,12.4764,0,0,1
221184,5,332,1332479708,2,8450,6.4817,4.7788,6.6672,2.6091,1.5033,0,114,7,11,3,2,0,84506,151552,237568,4096,250115,0.6379,43417.6,44684.8,1,1,0,1,0,0,1,0,1,1364,0,0,0,14.18,0.6294,1.1713,0,0,1
409600,4,332,1332407685,2,271,7.2128,6.5157,7.7743,4.0743,1.438,2,73,6,0,4,0,0,76383,94208,815104,4096,440631,0.1156,101376.0,199600.25,0,0,0,0,0,0,1,0,0,53605,0,0,0,14.18,0.1112,1.3092,0,0,1
425984,4,332,1344193048,2,271,7.6761,5.1393,7.9038,0.7122,2.6774,1,58,3,0,2,0,0,5600,36864,823296,4096,0,0.0448,105472.0,203059.5,0,0,0,0,0,0,1,0,0,10570,0,0,0,13.81,0.0431,9.0148,0,0,1
226304,5,332,1307308631,2,258,7.1255,6.4406,6.8513,5.9401,0.2905,0,250,4,0,1,1,0,146979,190976,241664,1024,259691,0.7903,45056.0,44931.8,0,0,0,0,0,1,1,0,1,9530,0,0,0,14.98,0.7891,0.992,1,1,1
405504,4,332,1343502777,2,271,7.6533,7.1317,7.8222,6.3459,0.6339,2,39,2,0,2,0,0,5416,12288,823296,4096,0,0.0149,100352.0,203050.0,0,0,0,0,0,0,1,0,0,98746,0,0,0,13.83,0.0141,1.9518,0,0,1
313384,6,332,1334497815,2,270,7.4839,4.0455,7.5673,0.1603,2.9045,1,584,4,1,3,0,0,282192,284672,323584,1024,328956,0.8797,51882.6667,51764.3333,0,0,0,1,0,0,1,0,1,7132,0,0,1064,14.12,0.8729,0.9742,2,0,1
389120,4,332,1340741593,2,271,7.6347,5.4296,7.8317,3.4292,1.6722,1,49,3,0,2,0,0,6280,20480,782336,4096,0,0.0262,96256.0,192209.0,0,0,0,0,0,0,1,0,0,14560,0,0,0,13.92,0.0226,1.1081,0,0,1
151040,4,332,1341586878,2,258,7.426,5.7958,7.9729,4.5394,1.3267,1,183,5,0,4,0,0,30406,49152,159744,1024,94463,0.3077,37504.0,37382.0,1,1,0,1,1,0,1,0,1,94444,0,0,0,13.89,0.306,0.9891,0,0,1
405504,4,332,1343555000,2,271,7.6529,7.138,7.8226,6.3469,0.6294,2,39,2,0,2,0,0,5432,12288,823296,4096,0,0.0149,100352.0,203054.0,0,0,0,0,0,0,1,0,0,98746,0,0,0,13.83,0.0141,1.9521,0,0,1
167936,9,332,1297596187,2,258,7.8373,3.0941,7.9711,0.4168,3.1757,2,18,2,0,0,1,0,112794,142336,192512,1024,202468,0.7394,18545.7778,18185.6667,0,0,0,0,1,1,1,0,1,3872,0,0,0,15.29,0.7383,0.4574,5,0,1
393216,5,332,1331491139,2,271,7.2952,3.5304,7.7076,0.0727,2.5798,1,32,7,0,1,0,0,4766,4096,819200,4096,442332,0.005,77824.0,159835.0,0,0,0,0,0,0,1,0,0,14146,0,0,0,14.21,0.0016,7.6626,0,0,1
356352,4,332,1331376535,2,271,7.7241,5.9533,7.87,2.2215,2.2953,2,19,5,0,1,0,0,4609,4096,942080,4096,381995,0.0043,88064.0,232226.5,0,0,0,0,0,0,1,0,0,137050,0,0,0,14.22,0.0013,1.552,0,0,1
430080,4,332,1343820636,2,271,7.6606,5.0949,7.9046,0.7115,2.6684,1,64,4,0,3,0,0,5728,36864,823296,4096,0,0.0448,106496.0,202491.0,0,0,0,0,0,0,1,0,0,13072,0,0,0,13.82,0.0432,6.9175,0,0,1
413696,4,332,1343056787,2,271,7.6706,6.088,7.9765,4.9775,1.2326,1,44,3,0,2,0,0,5576,12288,823296,4096,0,0.0149,102400.0,201857.5,0,0,0,0,0,0,1,0,0,335920,0,0,0,13.85,0.0143,1.2715,0,0,1
208896,5,332,1334269021,2,8450,6.4174,4.6547,6.6646,2.6021,1.5214,0,114,7,11,3,2,0,78219,143360,225280,4096,226762,0.6364,40960.0,41628.8,1,1,0,1,0,0,1,0,1,1364,0,0,0,14.12,0.6238,1.1433,0,0,1
131168,9,332,1334980851,2,270,6.8576,2.5655,7.0836,0.1603,2.7653,1,243,4,0,1,0,0,109808,113152,155648,1024,187431,0.727,14336.0,14228.0,0,0,0,1,0,0,1,0,1,7132,0,0,1120,14.1,0.6923,0.9574,5,0,1
438272,4,332,1344608860,2,271,7.5041,5.752,7.7365,3.8825,1.4154,1,66,5,0,2,0,0,5744,36864,823296,4096,0,0.0448,108544.0,202316.5,0,0,0,0,0,0,1,0,0,8886,0,0,0,13.8,0.0442,8.5613,0,0,1
442368,4,332,1336033167,2,271,7.6291,5.6725,7.8259,3.9672,1.5046,1,63,3,0,3,0,0,6708,32768,819200,4096,483129,0.04,109568.0,201381.5,0,0,0,0,0,0,1,0,0,17116,0,0,0,14.07,0.0355,1.1057,0,0,1
263680,9,332,1199997096,2,271,7.8035,5.6217,7.9808,0.0,2.3208,3,35,7,0,1,0,0,8192,18432,1363968,1024,2135087124,0.0135,29184.0,149350.4444,0,0,0,1,0,0,1,0,0,2572,0,0,0,18.38,0.0135,26.2791,3,1,1
430080,4,332,1343820636,2,271,7.6607,5.0952,7.9046,0.7115,2.6684,1,64,4,0,3,0,0,5728,36864,823296,4096,0,0.0448,106496.0,202491.0,0,0,0,0,0,0,1,0,0,13072,0,0,0,13.82,0.0432,6.9175,0,0,1
442368,4,332,1344692537,2,271,7.49,5.6204,7.7297,3.9964,1.4594,1,72,4,0,2,1,0,5968,45056,823296,4096,0,0.0547,109568.0,201840.75,0,0,0,0,0,0,1,0,0,4444,0,0,0,13.79,0.0529,12.2222,0,0,1
434176,6,332,1213801658,1,258,7.8702,4.5136,7.9872,0.2665,2.528,1,25,2,0,0,0,0,427582,60928,434176,1536,497531,0.1403,72106.6667,71791.5,0,0,0,0,1,0,1,0,1,768,0,0,0,17.94,0.1389,0.89,1,0,1
430080,4,332,1343820636,2,271,7.6607,5.0948,7.9049,0.7103,2.669,1,64,4,0,3,0,0,5728,36864,823296,4096,0,0.0448,106496.0,202491.0,0,0,0,0,0,0,1,0,0,13072,0,0,0,13.82,0.0432,6.9175,0,0,1
284184,5,332,1331923326,2,270,7.6637,5.4902,7.7181,3.0503,1.4966,1,337,7,7,1,0,0,4160,4096,294912,1024,317047,0.0139,56422.4,56264.8,0,0,0,1,0,0,1,0,1,1716,0,0,1048,14.2,0.0134,0.9346,1,0,1
435200,6,332,1208452998,1,258,7.869,4.4056,7.9875,0.2687,2.5383,1,21,2,0,0,0,0,428606,61952,435200,1536,468397,0.1424,72277.3333,71963.1667,0,0,0,0,1,0,1,0,1,768,0,0,0,18.11,0.1406,0.8742,1,0,1
165024,8,332,1342144805,2,270,5.6171,1.2148,6.0502,0.0,2.1079,0,10,3,0,2,0,0,5360,145408,188416,1024,172336,0.7717,20224.0,20159.25,0,0,0,0,0,0,0,0,1,0,0,0,2208,13.87,0.7701,0.9161,5,0,1
170496,9,332,1295595284,2,258,7.7939,2.9135,7.9476,0.4283,2.9279,1,19,2,0,0,1,0,112545,144896,196608,1024,214946,0.737,18830.2222,18413.2222,0,0,0,0,1,1,1,0,1,3872,0,0,0,15.35,0.7362,0.4511,5,0,1
421888,4,332,1343978785,2,271,7.6612,4.8042,7.9037,0.7123,2.656,1,60,3,0,2,0,0,5584,36864,823296,4096,0,0.0448,104448.0,202501.0,0,0,0,0,0,0,1,0,0,5194,0,0,0,13.82,0.0431,13.063,0,0,1
129632,8,332,1334920839,2,270,6.8863,2.8992,7.0799,0.1603,2.8217,1,237,4,0,1,0,0,109760,112128,151552,1024,129980,0.7399,15936.0,15846.75,0,0,0,1,0,0,1,0,1,7132,0,0,1120,14.1,0.7104,0.9567,4,0,1
157184,8,332,1336941911,2,258,7.7665,4.6578,7.982,0.0204,2.7405,1,168,6,0,1,1,0,6407,21504,258048,1024,222689,0.0833,19520.0,28948.5,0,1,0,0,0,1,1,0,1,16,0,0,0,14.04,0.0816,3.8964,4,0,1
130144,8,332,1334820250,2,270,6.8679,2.873,7.0776,0.1603,2.7974,1,238,4,0,1,0,0,109696,112128,151552,1024,178947,0.7399,16000.0,15858.0,0,0,0,1,0,0,1,0,1,7132,0,0,1120,14.11,0.7102,0.9497,4,0,1
117801,6,332,1332495604,2,270,7.2613,4.4733,7.547,0.0,2.5131,1,576,6,151,1,0,0,4320,5632,135168,1024,151570,0.0417,19285.3333,19087.8333,0,0,0,1,0,0,1,0,1,1636,0,0,1065,14.18,0.0413,0.9479,2,0,1
353376,8,332,1334735420,2,270,6.7608,2.8267,6.7983,0.1603,2.7356,0,238,4,0,1,0,0,332976,335360,372736,1024,382876,0.8997,43904.0,43768.5,0,0,0,1,0,0,1,0,1,7132,0,0,1120,14.11,0.8878,0.9504,4,0,1
110176,4,332,1335536440,2,270,6.9933,4.1749,7.1332,1.665,1.9695,1,9,2,0,1,0,0,110272,102912,122880,1024,123580,0.8375,27008.0,26917.75,0,0,0,1,0,0,1,0,1,4044,0,0,1120,14.08,0.0,0.9145,0,0,1
152105,10,332,1333329636,2,270,6.9447,2.3952,7.5182,0.0,3.0312,1,737,9,162,3,0,0,5120,99840,180224,1024,167361,0.554,15001.6,14939.8,0,0,0,1,0,0,1,0,1,20568,0,0,1065,14.15,0.5534,0.9839,6,0,1
130144,8,332,1334798650,2,270,6.8677,2.8713,7.0776,0.1603,2.7965,1,238,4,0,1,0,0,109696,112128,151552,1024,190311,0.7399,16000.0,15858.0,0,0,0,1,0,0,1,0,1,7132,0,0,1120,14.11,0.7102,0.9497,4,0,1
146432,4,332,1334037757,2,270,6.7449,5.7564,6.8266,4.3633,0.8972,0,694,4,1,6,0,0,113744,115200,155648,1024,192554,0.7401,36352.0,36147.5,0,0,0,0,0,0,1,0,1,7132,0,0,0,14.13,0.7375,0.976,0,0,1
417792,4,332,1332675903,2,271,7.664,6.7105,7.7664,3.77,1.6995,3,58,2,0,3,0,0,76137,94208,913408,4096,421010,0.1031,103424.0,223813.25,0,0,0,0,0,0,1,0,0,98559,0,0,0,14.17,0.099,1.4786,0,0,1
373760,4,332,0,2,271,7.8811,4.5512,7.9219,0.0,2.9605,1,39,4,0,0,0,0,5720,5632,888832,1024,0,0.0063,93184.0,219516.0,0,0,0,0,0,0,1,0,0,363114,0,0,0,56.4,0.0062,83.3492,0,0,1
167936,9,332,1297596187,2,258,7.8268,3.0931,7.971,0.4168,3.1741,2,18,2,0,0,1,0,112794,142336,192512,1024,189381,0.7394,18545.7778,18183.8889,0,0,0,0,1,1,1,0,1,3872,0,0,0,15.29,0.7382,0.4574,5,0,1
208896,5,332,1333758254,2,8450,6.3944,4.6408,6.6444,2.5972,1.5071,0,114,7,11,3,2,0,77738,143360,225280,4096,268692,0.6364,40960.0,41468.8,1,1,0,1,0,0,1,0,1,1364,0,0,0,14.14,0.6214,1.1413,0,0,1
433664,6,332,1209741008,1,258,7.8737,4.5111,7.9888,0.2681,2.5271,1,25,2,0,0,0,0,427070,60928,433664,1536,481818,0.1405,72021.3333,71765.8333,0,0,0,0,1,0,1,0,1,768,0,0,0,18.07,0.1389,0.8901,1,0,1
434176,6,332,1209743878,1,258,7.8716,4.5103,7.9873,0.2669,2.5263,1,25,2,0,0,0,0,427582,60928,434176,1536,487106,0.1403,72106.6667,71801.5,0,0,0,0,1,0,1,0,1,768,0,0,0,18.07,0.1388,0.89,1,0,1
433664,6,332,1209738817,1,258,7.8743,4.5091,7.9893,0.2548,2.5314,1,25,2,0,0,0,0,427070,60928,433664,1536,444410,0.1405,72021.3333,71783.8333,0,0,0,0,1,0,1,0,1,768,0,0,0,18.07,0.139,0.8902,1,0,1
110176,4,332,1335604839,2,270,6.998,4.1759,7.1381,1.665,1.9714,1,9,2,0,1,0,0,110272,102912,122880,1024,115999,0.8375,27008.0,26917.75,0,0,0,1,0,0,1,0,1,4044,0,0,1120,14.08,0.0,0.9145,0,0,1
176128,4,332,1330803002,2,258,7.7203,5.4041,7.7711,2.6586,1.9644,1,103,5,0,1,1,0,95442,163840,184320,1024,210355,0.8889,43776.0,43627.75,0,0,0,0,1,1,1,0,1,6504,0,0,0,14.23,0.8879,0.8364,1,0,1
110688,5,332,1335175289,2,270,6.9649,4.1943,7.1219,1.4963,1.8697,1,6,1,0,2,0,0,5168,103424,122880,1024,172429,0.8417,21708.8,21485.6,0,0,0,1,0,0,1,0,1,4044,0,0,1120,14.1,0.0137,0.8444,1,0,1
402944,4,332,1319571264,2,271,7.9728,4.1911,6.3291,0.3941,2.3308,0,39,4,0,0,0,0,789408,6144,819200,786432,409683,0.0075,5760.0,5354.5,0,0,0,0,0,0,1,0,1,14146,0,0,378880,14.59,0.0069,0.7833,0,0,1
95785,5,332,1332918053,2,270,7.6268,4.1201,7.7576,2.0064,2.1808,1,6,3,0,1,0,0,4640,2048,110592,1024,136761,0.0185,18739.2,18395.0,0,0,0,1,0,0,1,0,1,1636,0,0,1065,14.17,0.0176,0.7178,0,0,1
503808,5,332,1335900359,2,271,7.0474,4.4953,7.196,0.0,2.5018,1,78,6,0,3,0,0,8020,32768,819200,4096,520464,0.04,99942.4,161011.2,0,0,0,0,0,0,1,0,0,17116,0,0,0,14.07,0.0371,16.2207,0,0,1
171008,6,332,1307674046,2,258,7.813,4.7439,7.8823,0.3739,3.1634,2,20,2,0,0,1,0,4096,77312,245760,1024,220051,0.3146,28330.6667,37947.8333,0,0,0,0,1,1,1,0,1,3872,0,0,0,14.97,0.3145,0.7666,2,0,1
195232,8,332,1342315236,2,270,4.9251,1.1814,6.05,0.0,2.126,0,10,3,0,2,0,0,5248,145408,217088,1024,221449,0.6698,24000.0,23909.75,0,0,0,0,0,0,0,0,1,0,0,0,2208,13.87,0.6684,0.9138,5,0,1
110176,4,332,1335355304,2,270,6.9905,4.1767,7.1308,1.5771,1.9993,1,9,3,0,1,0,0,110208,102912,122880,1024,153980,0.8375,27008.0,26906.75,0,0,0,1,0,0,1,0,1,4044,0,0,1120,14.09,0.0,0.9279,0,0,1
458752,4,332,1335109490,2,271,7.4651,6.4956,7.8686,4.365,1.3182,2,95,6,0,3,0,0,7354,28672,987136,4096,501626,0.029,113664.0,243997.0,0,0,0,0,0,0,1,0,0,167536,0,0,0,14.1,0.0281,1.4606,0,0,1
195584,3,332,1297911846,2,258,7.5205,7.0948,7.6854,6.2115,0.6363,2,262,6,0,1,1,0,36674,67584,286720,1024,214493,0.2357,64853.3333,91738.0,0,0,0,0,0,0,1,0,1,16,0,0,0,15.28,0.2341,1.1758,0,0,1
393216,4,332,1343397334,2,271,7.8455,7.212,7.9219,6.3715,0.6877,2,39,2,0,2,0,0,5528,12288,823296,4096,0,0.0149,97280.0,203183.0,0,0,0,0,0,0,1,0,0,105946,0,0,0,13.84,0.0142,1.9431,0,0,1
434176,6,332,1213803723,1,258,7.8722,4.5156,7.9878,0.2677,2.5284,1,25,2,0,0,0,0,427582,60928,434176,1536,462914,0.1403,72106.6667,71822.5,0,0,0,0,1,0,1,0,1,768,0,0,0,17.94,0.139,0.8902,1,0,1
221184,5,332,1332476624,2,8450,6.2507,3.5172,6.6677,0.0131,2.5739,0,114,7,11,3,2,0,84506,151552,237568,4096,248341,0.6379,43417.6,44681.6,1,1,0,1,0,0,1,0,1,1364,0,0,0,14.18,0.6294,1.1712,0,0,1
159744,8,332,1337086863,2,258,7.7513,4.5478,7.9921,0.0204,2.7639,1,101,4,0,0,1,0,16184,22528,262144,1024,194010,0.0859,19840.0,29269.75,0,1,0,0,0,1,1,0,1,16,0,0,0,14.04,0.0846,1.0935,4,0,1
393216,4,332,1331544173,2,271,7.2965,5.6127,7.4778,3.3337,1.6311,1,28,8,0,1,0,0,4799,8192,819200,4096,438833,0.01,97280.0,201676.0,0,0,0,0,0,0,1,0,0,14146,0,0,0,14.21,0.008,1.1934,0,0,1
332288,4,332,1329409810,2,271,7.9576,4.1549,7.9905,0.0744,2.8069,1,39,4,0,0,0,0,6580,6656,778240,4096,0,0.0086,82816.0,191724.0,0,0,0,0,0,0,1,0,0,321098,0,0,0,14.28,0.0082,72.0112,0,0,1
413696,4,332,1342421975,2,271,7.6713,6.0746,7.9756,4.974,1.2295,1,43,4,0,2,0,0,6360,12288,827392,4096,0,0.0149,102400.0,203033.5,0,0,0,0,0,0,1,0,0,336706,0,0,0,13.87,0.014,7.2199,0,0,1
58368,4,332,1367749575,2,783,7.5115,5.1639,7.7086,3.1515,1.7343,1,46,5,0,1,0,0,4096,1024,77824,1024,44147,0.0132,14208.0,17654.5,0,0,0,1,0,0,1,0,1,52224,0,0,512,13.06,0.0127,1.7015,0,0,1
378880,4,332,1326871294,2,271,7.8796,4.5634,7.9143,0.0626,2.9689,1,39,4,0,1,0,0,5204,5632,823296,1024,0,0.0068,94464.0,202345.0,0,0,0,0,0,0,1,0,0,368674,0,0,0,14.36,0.0067,71.3286,0,0,1
466944,4,332,1332842084,2,271,7.1729,6.9211,7.805,6.2028,0.6825,2,84,6,0,3,0,0,7227,24576,983040,4096,518204,0.025,115712.0,241172.0,0,0,0,0,0,0,1,0,0,167944,0,0,0,14.17,0.0219,1.7781,0,0,1
131168,9,332,1335121285,2,270,6.8547,2.565,7.0807,0.1603,2.7647,1,243,4,0,1,0,0,109808,113152,155648,1024,172891,0.727,14336.0,14228.0,0,0,0,1,0,0,1,0,1,7132,0,0,1120,14.1,0.6923,0.9574,5,0,1
262696,8,332,1332835241,2,270,7.6828,2.5415,7.7693,0.0,2.6197,1,6,3,0,1,0,0,4608,2048,286720,1024,273564,0.0071,32576.0,32380.125,0,0,0,1,0,0,1,0,1,1636,0,0,1064,14.17,0.0065,0.8105,4,0,1
434176,4,332,1344630696,2,271,7.5057,5.6072,7.7364,3.8963,1.495,1,69,5,0,2,1,0,5776,36864,823296,4096,0,0.0448,107520.0,202273.25,0,0,0,0,0,0,1,0,0,4444,0,0,0,13.8,0.0443,12.4764,0,0,1
417792,4,332,1334688361,2,271,7.7704,6.352,7.9396,3.1304,1.9489,2,62,3,0,3,0,0,5338,20480,991232,4096,462037,0.0207,103424.0,245117.5,0,0,0,0,0,0,1,0,0,167512,0,0,0,14.11,0.0198,9.7073,0,0,1
458752,4,332,1344755412,2,271,7.482,5.9727,7.7314,4.0035,1.3245,1,71,4,0,2,1,0,5952,45056,823296,4096,0,0.0547,113664.0,202306.75,0,0,0,0,0,0,1,0,0,22740,0,0,0,13.79,0.0529,4.5674,0,0,1
503808,4,332,1342254043,2,271,6.8325,5.3659,7.976,2.003,2.168,1,45,4,0,2,0,0,6355,20480,827392,4096,0,0.0248,124928.0,203348.0,0,0,0,0,0,0,1,0,0,336706,0,0,0,13.87,0.0217,5.8487,0,0,1
503808,5,332,1335900359,2,271,7.0459,4.495,7.1949,0.0,2.5016,1,78,6,0,3,0,0,8020,32768,819200,4096,514035,0.04,99942.4,161011.2,0,0,0,0,0,0,1,0,0,17116,0,0,0,14.07,0.0371,16.2207,0,0,1
95272,3,332,1333483246,2,270,7.5709,4.5321,7.6153,2.0939,2.2998,1,10,4,0,1,0,0,4720,92160,106496,512,118733,0.8654,31232.0,30979.3333,0,0,0,1,0,0,0,0,1,0,0,0,1064,14.15,0.8608,0.7899,0,0,1
442880,4,332,1305462840,2,271,7.5514,4.0384,7.6187,0.0895,2.6767,1,39,4,0,0,0,0,6284,8704,819200,1024,0,0.0106,110464.0,201988.5,0,0,0,0,0,0,1,0,0,429904,0,0,0,15.04,0.0102,60.6588,0,0,1
433664,6,332,1213801317,1,258,7.8723,4.5132,7.9882,0.267,2.5279,1,25,2,0,0,0,0,427070,60928,433664,1536,479363,0.1405,72021.3333,71741.5,0,0,0,0,1,0,1,0,1,768,0,0,0,17.94,0.1389,0.89,1,0,1
434176,6,332,1212819073,1,258,7.8721,4.5142,7.9881,0.2669,2.5279,1,25,2,0,0,0,0,427582,60928,434176,1536,454111,0.1403,72106.6667,71832.1667,0,0,0,0,1,0,1,0,1,768,0,0,0,17.97,0.1389,0.8901,1,0,1
367616,4,332,1305462840,2,271,7.8588,3.7739,7.9442,0.0822,2.8014,1,39,4,0,0,0,33,7548,9216,823296,1024,0,0.0112,91648.0,202595.5,0,0,0,0,0,0,1,0,0,353956,0,0,0,15.04,0.0108,73.3269,0,0,1
159744,8,332,1337086863,2,258,7.7479,4.5474,7.9896,0.0204,2.7634,1,101,4,0,0,1,0,16184,22528,262144,1024,162629,0.0859,19840.0,29253.0,0,1,0,0,0,1,1,0,1,16,0,0,0,14.04,0.0846,1.0934,4,0,1
142432,6,332,1336165208,2,270,6.0642,3.1524,6.2499,0.0,2.3912,0,104,6,0,2,0,0,5584,126464,155648,1024,151855,0.8125,23381.3333,23216.0,0,0,0,0,0,0,1,0,1,7304,0,0,1120,14.06,0.824,0.9121,2,0,1
208896,5,332,1333985043,2,8450,6.1746,3.4377,6.6441,0.0,2.5911,0,114,7,11,3,2,0,77738,143360,225280,4096,239044,0.6364,40960.0,41488.0,1,1,0,1,0,0,1,0,1,1364,0,0,0,14.13,0.6214,1.1419,0,0,1
95272,3,332,1333452039,2,270,7.5932,4.9879,7.6308,3.0489,1.9357,1,13,5,0,1,0,0,4720,92160,106496,512,151039,0.8654,31232.0,31181.3333,0,0,0,1,0,0,0,0,1,0,0,0,1064,14.15,0.8649,0.8696,0,0,1
123872,7,332,1338195777,2,270,6.7229,2.4996,7.2904,0.0,2.5739,1,24,4,0,2,0,0,5872,14848,143360,1024,123972,0.1036,17408.0,17325.4286,0,0,0,0,0,0,1,0,1,2636,0,0,992,14.0,0.1015,0.9149,3,0,1
434176,6,332,1213886148,1,258,7.8712,4.5143,7.9876,0.2662,2.5281,1,25,2,0,0,0,0,427582,60928,434176,1536,491674,0.1403,72106.6667,71813.1667,0,0,0,0,1,0,1,0,1,768,0,0,0,17.94,0.1389,0.8901,1,0,1
195232,8,332,1342291237,2,270,4.925,1.1814,6.05,0.0,2.126,0,10,3,0,2,0,0,5248,145408,217088,1024,204841,0.6698,24000.0,23909.75,0,0,0,0,0,0,0,0,1,0,0,0,2208,13.87,0.6684,0.9138,5,0,1
122848,7,332,1337910011,2,270,6.705,2.1837,7.2883,0.0,2.4364,1,9,2,0,2,0,0,5024,14336,143360,1024,168003,0.1,17261.7143,17097.1429,0,0,0,0,0,0,1,0,1,2636,0,0,992,14.01,0.0972,0.872,3,0,1
389120,4,332,1343414552,2,271,7.8241,7.1987,7.9217,6.3743,0.6827,2,39,2,0,2,0,0,5544,12288,823296,4096,0,0.0149,96256.0,202409.5,0,0,0,0,0,0,1,0,0,98746,0,0,0,13.83,0.0143,1.9857,0,0,1
208896,5,332,1333757781,2,8450,6.1761,3.4735,6.6437,0.0,2.5783,0,114,7,11,3,2,0,77738,143360,225280,4096,234852,0.6364,40960.0,41481.6,1,1,0,1,0,0,1,0,1,1364,0,0,0,14.14,0.6214,1.1417,0,0,1
367616,4,332,1305462840,2,271,7.8927,3.8498,7.9441,0.0822,2.7891,1,39,4,0,0,0,0,7728,9216,823296,1024,0,0.0112,91648.0,202595.5,0,0,0,0,0,0,1,0,0,353956,0,0,0,15.04,0.0108,73.3269,0,0,1
450560,4,332,1345751731,2,271,7.5629,6.4996,7.9821,4.5103,1.3462,2,71,3,0,2,1,0,7136,57344,823296,4096,0,0.0697,111616.0,202237.75,0,0,0,0,0,0,1,0,0,158612,0,0,0,13.76,0.0653,1.4921,0,0,1
405504,4,332,1343160515,2,271,7.6827,6.4121,7.9214,3.4587,1.815,2,41,2,0,2,0,0,5560,12288,823296,4096,0,0.0149,100352.0,202798.5,0,0,0,0,0,0,1,0,0,101620,0,0,0,13.84,0.0143,1.9671,0,0,1
183672,6,332,1346933000,2,270,5.5803,2.6537,6.8061,0.0,2.5918,0,104,3,0,2,0,0,4912,126464,192512,1024,207177,0.6569,29269.3333,29109.0,0,0,0,0,0,0,1,0,1,2364,0,0,7032,13.72,0.6555,0.9125,2,0,1
195232,8,332,1342323382,2,270,4.9238,1.1812,6.0483,0.0,2.1255,0,10,3,0,2,0,0,5248,145408,217088,1024,204470,0.6698,24000.0,23909.75,0,0,0,0,0,0,0,0,1,0,0,0,2208,13.87,0.6684,0.9138,5,0,1
430080,4,332,1343891857,2,271,7.6591,5.0936,7.9039,0.7106,2.6682,1,59,3,0,3,0,0,5664,36864,823296,4096,0,0.0448,106496.0,202439.5,0,0,0,0,0,0,1,0,0,13072,0,0,0,13.82,0.0432,6.917,0,0,1
432128,6,332,1309291542,1,258,7.8676,4.4177,7.9878,0.2561,2.5469,1,21,2,0,0,0,0,425534,62976,432128,1536,454591,0.1457,71765.3333,71534.1667,0,0,0,0,1,0,1,0,1,768,0,0,0,14.92,0.1444,0.8754,1,0,1
588288,4,332,1352805536,2,259,7.4851,5.8711,7.718,2.1326,2.1971,2,81,2,0,4,0,0,5012,37376,1257472,1024,0,0.0297,146816.0,311172.5,0,1,0,0,0,0,1,0,0,232206,0,0,0,13.54,0.0297,41.1689,0,0,1
313384,6,332,1334350204,2,270,7.4839,4.0451,7.5674,0.1603,2.9045,1,584,4,1,3,0,0,282192,284672,323584,1024,323683,0.8797,51882.6667,51764.3333,0,0,0,1,0,0,1,0,1,7132,0,0,1064,14.12,0.8729,0.9742,2,0,1
394240,4,332,1302935608,2,271,7.8202,4.6089,7.8529,0.0,2.9715,1,39,4,0,1,0,0,5264,5632,823296,1024,0,0.0068,98304.0,203212.5,0,0,0,0,0,0,1,0,0,384476,0,0,0,15.12,0.0066,69.3269,0,0,1
210944,4,332,1296673258,2,258,7.1418,5.2168,7.863,0.0204,3.0558,1,259,7,0,2,1,0,28403,207360,286720,1024,241284,0.7232,52480.0,68772.25,0,0,0,0,1,1,1,0,1,16,0,0,0,15.32,0.9528,0.8562,0,0,1
434176,4,332,1344630696,2,271,7.5059,5.6129,7.7362,3.9244,1.4879,1,69,5,0,2,1,0,5776,36864,823296,4096,0,0.0448,107520.0,202273.25,0,0,0,0,0,0,1,0,0,4444,0,0,0,13.8,0.0443,12.4764,0,0,1
208896,5,332,1333759436,2,8450,6.1709,3.4656,6.6439,0.0,2.5723,0,114,7,11,3,2,0,77738,143360,225280,4096,214614,0.6364,40960.0,41443.2,1,1,0,1,0,0,1,0,1,1364,0,0,0,14.14,0.6214,1.1405,0,0,1
208896,5,332,1333758018,2,8450,6.3892,4.634,6.644,2.6068,1.4977,0,114,7,11,3,2,0,77738,143360,225280,4096,225329,0.6364,40960.0,41440.0,1,1,0,1,0,0,1,0,1,1364,0,0,0,14.14,0.6214,1.1404,0,0,1
503808,4,332,1342207595,2,271,6.8321,5.375,7.9761,2.0021,2.1681,1,45,4,0,2,0,0,6355,20480,827392,4096,0,0.0248,124928.0,203348.0,0,0,0,0,0,0,1,0,0,336706,0,0,0,13.87,0.0217,5.8487,0,0,1
195232,8,332,1342255238,2,270,4.9212,1.1808,6.0452,0.0,2.1246,0,10,3,0,2,0,0,5248,145408,217088,1024,237025,0.6698,24000.0,23909.75,0,0,0,0,0,0,0,0,1,0,0,0,2208,13.87,0.6684,0.9138,5,0,1
183672,6,332,1346948914,2,270,5.5811,2.6538,6.8074,0.0,2.5921,0,104,3,0,2,0,0,4912,126464,192512,1024,221168,0.6569,29269.3333,29109.0,0,0,0,0,0,0,1,0,1,2364,0,0,7032,13.72,0.6555,0.9125,2,0,1
434176,4,332,1334914772,2,271,7.6151,6.4236,7.866,3.8072,1.591,2,68,4,0,3,0,0,5536,20480,987136,4096,494237,0.0207,107520.0,244193.0,0,0,0,0,0,0,1,0,0,167536,0,0,0,14.1,0.0201,1.4978,0,0,1
503808,4,332,1342207595,2,271,6.8337,5.3711,7.9768,2.0022,2.1683,1,45,4,0,2,0,0,6355,20480,827392,4096,0,0.0248,124928.0,203348.0,0,0,0,0,0,0,1,0,0,336706,0,0,0,13.87,0.0217,5.8487,0,0,1
158720,8,332,1336679084,2,258,7.7681,4.7582,7.9918,0.0204,2.6837,1,110,6,0,0,1,0,19939,23552,258048,1024,195177,0.0913,19712.0,28948.875,0,1,0,0,0,1,1,0,1,16,0,0,0,14.05,0.0895,3.8483,4,0,1
375808,4,332,0,2,271,7.8778,4.5339,7.9187,0.0,2.9659,1,39,4,0,0,0,0,5480,5632,888832,1024,0,0.0063,93696.0,219019.5,0,0,0,0,0,0,1,0,0,365240,0,0,0,56.4,0.0062,82.6819,0,0,1
438272,4,332,1344581633,2,271,7.4906,5.7084,7.7319,3.7914,1.4371,1,61,4,0,2,0,0,5680,36864,823296,4096,0,0.0448,108544.0,201850.0,0,0,0,0,0,0,1,0,0,8886,0,0,0,13.8,0.0432,8.5527,0,0,1
454656,4,332,1333306672,2,271,7.4133,7.0121,7.5698,6.6269,0.3861,2,76,4,0,3,0,0,6109,20480,856064,4096,513121,0.0239,112640.0,211724.25,0,0,0,0,0,0,1,0,0,31947,0,0,0,14.15,0.0238,1.3394,0,0,1
130144,8,332,1334810890,2,270,6.8678,2.8708,7.0776,0.1603,2.7962,1,238,4,0,1,0,0,109696,112128,151552,1024,180010,0.7399,16000.0,15858.0,0,0,0,1,0,0,1,0,1,7132,0,0,1120,14.11,0.7102,0.9497,4,0,1
434176,4,332,1344630696,2,271,7.5067,5.6262,7.7365,3.9661,1.4742,1,69,5,0,2,1,0,5776,36864,823296,4096,0,0.0448,107520.0,202273.25,0,0,0,0,0,0,1,0,0,4444,0,0,0,13.8,0.0443,12.4764,0,0,1
195232,8,332,1342302593,2,270,4.9239,1.1812,6.0483,0.0,2.1255,0,10,3,0,2,0,0,5248,145408,217088,1024,257455,0.6698,24000.0,23909.75,0,0,0,0,0,0,0,0,1,0,0,0,2208,13.87,0.6684,0.9138,5,0,1
135264,6,332,1334665449,2,270,6.8753,3.9423,7.0054,0.1603,2.791,1,414,5,1,1,0,0,110752,112128,147456,1024,167234,0.7604,22186.6667,22123.6667,0,0,0,1,0,0,1,0,1,7132,0,0,1120,14.11,0.7458,0.9849,2,0,1
348160,4,332,1331893517,2,271,7.667,6.487,7.9457,3.243,1.9118,2,17,3,0,2,0,0,82832,86016,802816,4096,408750,0.1071,86016.0,196826.5,0,0,0,0,0,0,1,0,0,41824,0,0,0,14.2,0.1046,1.4647,0,0,1
131168,9,332,1334944093,2,270,6.8548,2.5658,7.0807,0.1603,2.7652,1,243,4,0,1,0,0,109808,113152,155648,1024,188242,0.727,14336.0,14228.0,0,0,0,1,0,0,1,0,1,7132,0,0,1120,14.1,0.6923,0.9574,5,0,1
413696,4,332,1342351835,2,271,7.6711,6.0695,7.9761,4.974,1.2311,1,41,4,0,2,0,0,6323,12288,827392,4096,0,0.0149,102400.0,203787.0,0,0,0,0,0,0,1,0,0,336706,0,0,0,13.87,0.0139,7.2661,0,0,1
208896,5,332,1333758254,2,8450,6.3945,4.6403,6.6444,2.5972,1.5073,0,114,7,11,3,2,0,77738,143360,225280,4096,268692,0.6364,40960.0,41468.8,1,1,0,1,0,0,1,0,1,1364,0,0,0,14.14,0.6214,1.1413,0,0,1
405504,4,332,1343116464,2,271,7.6854,6.4059,7.9218,3.4031,1.8433,2,40,2,0,2,0,0,5544,12288,823296,4096,0,0.0149,100352.0,202788.0,0,0,0,0,0,0,1,0,0,101620,0,0,0,13.84,0.0143,1.9666,0,0,1
434176,4,332,1344542973,2,271,7.5201,5.9558,7.7316,3.825,1.3926,1,59,4,0,2,0,0,5648,36864,823296,4096,0,0.0448,107520.0,202557.5,0,0,0,0,0,0,1,0,0,7696,0,0,0,13.8,0.0431,12.5644,0,0,1
409600,4,332,1332407685,2,271,7.2145,6.5187,7.7758,4.0743,1.4396,2,73,6,0,4,0,0,76383,94208,815104,4096,463697,0.1156,101376.0,199600.25,0,0,0,0,0,0,1,0,0,53605,0,0,0,14.18,0.1112,1.3092,0,0,1
38912,4,332,1311312550,2,259,5.6578,5.1587,5.833,4.4156,0.5389,0,58,6,0,1,0,0,9441,8704,49152,1024,74796,0.1771,9472.0,9234.75,1,1,0,1,0,0,1,0,0,19708,0,0,0,14.85,0.1764,0.943,0,0,1
405504,4,332,1343210481,2,271,7.6822,6.4092,7.9214,3.449,1.8189,2,40,2,0,2,0,0,5560,12288,823296,4096,0,0.0149,100352.0,202792.0,0,0,0,0,0,0,1,0,0,101620,0,0,0,13.84,0.0143,1.9669,0,0,1
367616,4,332,1305462840,2,271,7.8589,3.7797,7.9442,0.0822,2.8005,1,39,4,0,0,0,33,7504,9216,823296,1024,0,0.0112,91648.0,202603.5,0,0,0,0,0,0,1,0,0,353956,0,0,0,15.04,0.0109,73.3278,0,0,1
425984,4,332,1335608472,2,271,7.7576,6.5199,7.8396,3.9824,1.5756,2,69,4,0,4,0,0,6523,28672,987136,4096,446620,0.029,105472.0,244171.75,0,0,0,0,0,0,1,0,0,167581,0,0,0,14.08,0.0272,1.5518,0,0,1
96297,4,332,1332509996,2,270,7.4038,4.4017,7.5278,1.9689,2.2549,1,7,2,0,1,0,0,4864,2048,106496,1024,125586,0.0192,23552.0,23248.5,0,0,0,1,0,0,1,0,1,1636,0,0,1065,14.18,0.0186,0.7546,0,0,1
458752,4,332,1335109490,2,271,7.4594,6.4922,7.8573,4.365,1.3151,2,95,6,0,3,0,0,7354,28672,987136,4096,472264,0.029,113664.0,243997.0,0,0,0,0,0,0,1,0,0,167536,0,0,0,14.1,0.0281,1.4606,0,0,1
32768,4,332,1285905558,2,258,4.7432,4.6698,6.4149,1.5415,1.8571,0,83,6,0,0,0,0,18358,15360,32768,1024,0,0.4688,5248.0,4930.5,1,1,0,0,0,0,0,0,1,0,0,0,2048,15.66,0.4539,0.8476,0,0,1
133120,7,332,1352288295,2,270,6.9783,3.3383,7.0378,0.1603,2.8174,1,159,7,0,2,0,0,124016,122880,155648,1024,200551,0.7895,18870.8571,18798.4286,0,0,0,1,0,0,1,0,1,496,0,0,0,13.55,0.7873,0.958,3,0,1
434176,4,332,1344502417,2,271,7.519,6.8534,7.7663,6.1231,0.734,2,56,4,0,2,0,0,5584,36864,823296,4096,0,0.0448,107520.0,203548.5,0,0,0,0,0,0,1,0,0,7696,0,0,0,13.8,0.0431,12.7268,0,0,1
131168,9,332,1335041296,2,270,6.8547,2.5646,7.0808,0.1603,2.7645,1,243,4,0,1,0,0,109808,113152,155648,1024,132940,0.727,14336.0,14228.0,0,0,0,1,0,0,1,0,1,7132,0,0,1120,14.1,0.6923,0.9574,5,0,1
409600,4,332,1341495409,2,271,7.3022,6.4934,7.8109,4.6427,1.1938,2,47,4,0,2,0,0,6248,12288,782336,4096,0,0.0157,101376.0,192255.5,0,0,0,0,0,0,1,0,0,10308,0,0,0,13.9,0.0148,1.7488,0,0,1
663552,8,332,708992537,2,33166,7.054,3.9408,7.2378,0.0,3.0677,1,359,12,0,4,0,0,315260,311808,688128,1024,0,0.4531,82816.0,82942.625,0,1,0,0,0,0,1,1,1,292460,0,1,0,33.94,0.4529,0.8309,1,0,1
151040,5,332,1301029282,2,258,6.6618,5.952,6.9468,3.2986,1.3457,0,5,2,0,0,4,0,10698,23040,294912,1024,164552,0.0781,30003.2,56270.4,0,0,0,0,0,0,1,0,1,1816,0,0,0,15.18,0.078,9.5637,1,0,1
442368,4,332,1336033167,2,271,7.6288,5.6722,7.8255,3.9672,1.5047,1,63,3,0,3,0,0,6708,32768,819200,4096,457527,0.04,109568.0,201381.5,0,0,0,0,0,0,1,0,0,17116,0,0,0,14.07,0.0355,1.1057,0,0,1
110176,4,332,1335851189,2,270,6.9947,3.8998,7.1274,2.0311,1.929,1,9,2,0,1,0,0,9296,103424,122880,1024,123235,0.8417,27008.0,26683.25,0,0,0,1,1,0,1,0,1,2724,0,0,1120,14.07,0.8385,0.7403,0,0,1
208896,5,332,1334665331,2,8450,6.426,4.6659,6.6668,2.6009,1.5282,0,114,7,11,3,2,0,78314,143360,225280,4096,217726,0.6364,40960.0,41678.0,1,1,0,1,0,0,1,0,1,1364,0,0,0,14.11,0.6242,1.1445,0,0,1
434176,4,332,1344630696,2,271,7.5067,5.6262,7.7365,3.9661,1.4742,1,69,5,0,2,1,0,5776,36864,823296,4096,0,0.0448,107520.0,202273.25,0,0,0,0,0,0,1,0,0,4444,0,0,0,13.8,0.0443,12.4764,0,0,1
434176,4,332,1344630696,2,271,7.5067,5.6257,7.7365,3.9661,1.4746,1,69,5,0,2,1,0,5776,36864,823296,4096,0,0.0448,107520.0,202273.25,0,0,0,0,0,0,1,0,0,4444,0,0,0,13.8,0.0443,12.4764,0,0,1
430080,4,332,1343849227,2,271,7.6613,5.0944,7.905,0.7102,2.669,1,64,4,0,3,0,0,5728,36864,823296,4096,0,0.0448,106496.0,202491.0,0,0,0,0,0,0,1,0,0,13072,0,0,0,13.82,0.0432,6.9175,0,0,1
95785,5,332,1332914474,2,270,7.6256,4.1198,7.7562,2.0064,2.1803,1,6,3,0,1,0,0,4640,2048,110592,1024,130002,0.0185,18739.2,18395.0,0,0,0,1,0,0,1,0,1,1636,0,0,1065,14.17,0.0176,0.7178,0,0,1
393216,4,332,1332087689,2,271,7.4106,6.6599,7.8876,4.325,1.376,3,84,5,0,4,0,0,83269,98304,806912,4096,448395,0.1218,97280.0,199361.0,0,0,0,0,0,0,1,0,0,47200,0,0,0,14.19,0.1209,1.3687,0,0,1
208896,5,332,1333760257,2,8450,6.1726,3.4355,6.644,0.0,2.5894,0,114,7,11,3,2,0,77738,143360,225280,4096,240974,0.6364,40960.0,41481.6,1,1,0,1,0,0,1,0,1,1364,0,0,0,14.14,0.6214,1.1417,0,0,1
434176,4,332,1344673277,2,271,7.5066,5.6135,7.7366,3.9192,1.4885,1,69,4,0,2,1,0,5776,36864,823296,4096,0,0.0448,107520.0,202265.25,0,0,0,0,0,0,1,0,0,4444,0,0,0,13.79,0.0443,12.476,0,0,1
165024,8,332,1342154373,2,270,5.6174,1.2148,6.0505,0.0,2.108,0,10,3,0,2,0,0,5360,145408,188416,1024,182480,0.7717,20224.0,20159.25,0,0,0,0,0,0,0,0,1,0,0,0,2208,13.87,0.7701,0.9161,5,0,1
131168,9,332,1335078059,2,270,6.8582,2.5658,7.0844,0.1603,2.7657,1,243,4,0,1,0,0,109808,113152,155648,1024,158285,0.727,14336.0,14228.0,0,0,0,1,0,0,1,0,1,7132,0,0,1120,14.1,0.6923,0.9574,5,0,1
208896,5,332,1334666163,2,8450,6.4221,4.6618,6.6661,2.607,1.5225,0,114,7,11,3,2,0,78314,143360,225280,4096,260257,0.6364,40960.0,41655.6,1,1,0,1,0,0,1,0,1,1364,0,0,0,14.11,0.6242,1.1438,0,0,1
442880,4,332,1305462840,2,271,7.5515,4.0336,7.619,0.0895,2.6756,1,39,4,0,0,0,0,6192,8704,819200,1024,0,0.0106,110464.0,201979.5,0,0,0,0,0,0,1,0,0,429904,0,0,0,15.04,0.0102,60.6577,0,0,1
140840,4,332,1334156443,2,270,6.8709,5.784,6.9769,4.3714,0.9396,0,584,4,1,3,0,0,111456,112128,147456,1024,155440,0.7604,34688.0,34527.0,0,0,0,1,0,0,1,0,1,7132,0,0,1064,14.13,0.7592,0.9728,0,0,1
435200,6,332,1206678163,1,258,7.871,4.4069,7.9887,0.2654,2.5407,1,21,2,0,0,0,0,428606,61952,435200,1536,484347,0.1424,72277.3333,72021.1667,0,0,0,0,1,0,1,0,1,768,0,0,0,18.17,0.1407,0.8744,1,0,1
434176,4,332,1344630696,2,271,7.5069,5.6139,7.7366,3.9206,1.4876,1,69,5,0,2,1,0,5776,36864,823296,4096,0,0.0448,107520.0,202273.25,0,0,0,0,0,0,1,0,0,4444,0,0,0,13.8,0.0443,12.4764,0,0,1
212992,5,332,1327340401,2,8450,6.3972,4.6957,6.6212,2.6098,1.4612,0,115,7,11,3,2,0,79418,147456,229376,4096,276866,0.6429,41779.2,42598.0,1,1,0,1,0,0,1,0,1,1364,0,0,0,14.34,0.6269,1.1619,0,0,1
402432,4,332,1319571264,2,271,7.9757,4.2899,6.6863,0.4055,2.4115,0,39,4,0,0,0,0,789336,5632,819200,786432,465901,0.0069,5632.0,5349.0,0,0,0,0,0,0,1,0,1,14146,0,0,378880,14.59,0.0069,0.8049,0,0,1
402432,4,332,1319571264,2,271,7.9757,4.2861,6.6629,0.4055,2.4061,0,39,4,0,0,0,0,789524,5632,819200,786432,451626,0.0069,5632.0,5350.0,0,0,0,0,0,0,1,0,1,14146,0,0,378880,14.59,0.0069,0.8051,0,0,1
425984,4,332,1335555348,2,271,7.7626,6.5249,7.8399,3.9784,1.5771,2,69,4,0,4,0,0,6590,28672,987136,4096,481876,0.029,105472.0,244197.75,0,0,0,0,0,0,1,0,0,167581,0,0,0,14.08,0.0273,1.5523,0,0,1
413696,4,332,1342376926,2,271,7.6706,6.0536,7.9763,4.8933,1.2489,1,43,4,0,2,0,0,6355,12288,827392,4096,0,0.0149,102400.0,203806.0,0,0,0,0,0,0,1,0,0,336706,0,0,0,13.87,0.014,7.267,0,0,1
394240,4,332,1326871294,2,271,7.8194,4.5908,7.8523,0.0,2.9723,1,39,4,0,1,0,20,5344,5632,823296,1024,0,0.0068,98304.0,203214.5,0,0,0,0,0,0,1,0,0,384476,0,0,0,14.36,0.0066,69.3273,0,0,1
39424,4,332,1134272676,2,259,5.6048,5.1366,5.833,4.4156,0.5274,0,58,6,0,1,0,0,9441,8704,49152,1024,84739,0.1771,9600.0,9362.75,1,1,0,1,0,0,1,0,0,19708,0,0,0,20.46,0.1764,0.9431,0,0,1
175616,9,332,1305524318,2,258,7.7941,2.9056,7.8974,0.4371,2.9163,1,19,2,0,0,1,0,4096,161280,266240,1024,225122,0.6058,19399.1111,26372.7778,0,0,0,0,0,1,1,0,1,3948,0,0,0,15.04,0.6056,2.2497,5,0,1
176128,4,332,1300517907,2,258,7.807,5.9994,7.8944,3.2671,1.6888,1,16,2,0,0,1,0,133118,159232,184320,1024,215824,0.8639,43776.0,43540.0,0,0,0,0,0,1,1,0,1,1388,0,0,0,15.19,0.8634,0.9437,0,0,1
466944,4,332,1335210826,2,271,7.4835,6.4576,7.8332,4.2241,1.3764,2,86,5,0,4,0,0,7014,28672,999424,4096,479937,0.0287,115712.0,246252.5,0,0,0,0,0,0,1,0,0,176860,0,0,0,14.09,0.0274,1.459,0,0,1
433664,6,332,1213804776,1,258,7.8742,4.5153,7.9889,0.2653,2.5297,1,25,2,0,0,0,0,427070,60928,433664,1536,439277,0.1405,72021.3333,71791.1667,0,0,0,0,1,0,1,0,1,768,0,0,0,17.94,0.1392,0.8904,1,0,1
376832,4,332,1326871294,2,271,7.8874,4.6051,7.921,0.0,3.0004,1,39,4,0,1,0,20,5404,5632,823296,1024,0,0.0068,93952.0,202926.5,0,0,0,0,0,0,1,0,0,366876,0,0,0,14.36,0.0067,71.9967,0,0,1
417792,4,332,1332576541,2,271,7.6639,6.719,7.7685,3.8067,1.6833,3,60,2,0,4,0,0,76217,94208,913408,4096,469054,0.1031,103424.0,223846.75,0,0,0,0,0,0,1,0,0,98559,0,0,0,14.18,0.0991,1.4805,0,0,1
110176,4,332,1335338435,2,270,6.9908,4.1765,7.1307,1.5771,1.9994,1,9,3,0,1,0,0,110208,102912,122880,1024,136037,0.8375,27008.0,26906.75,0,0,0,1,0,0,1,0,1,4044,0,0,1120,14.09,0.0,0.9279,0,0,1
585728,5,332,1270000766,2,8450,6.7208,5.7404,7.9413,3.2136,1.5937,1,264,9,29,4,0,0,284485,409600,598016,4096,589191,0.6849,116326.4,116132.6,0,0,0,0,0,1,1,0,1,31664,1,0,0,16.16,0.6803,1.2007,0,0,1
442368,4,332,1336033167,2,271,7.6272,5.6723,7.825,3.9672,1.5042,1,63,3,0,3,0,0,6708,32768,819200,4096,497846,0.04,109568.0,201381.5,0,0,0,0,0,0,1,0,0,17116,0,0,0,14.07,0.0355,1.1057,0,0,1
454656,4,332,1333306672,2,271,7.4132,7.0148,7.5705,6.6415,0.3839,2,76,4,0,3,0,0,6109,20480,856064,4096,516172,0.0239,112640.0,211724.25,0,0,0,0,0,0,1,0,0,31947,0,0,0,14.15,0.0238,1.3394,0,0,1
148480,4,332,1343811892,2,258,7.4454,5.9166,7.9766,5.0351,1.2109,1,455,11,0,5,0,0,20799,39424,159744,1024,96237,0.2468,36864.0,36936.0,1,1,0,1,1,0,1,0,1,94268,0,0,0,13.82,0.2447,0.9878,0,0,1
409600,4,332,1342527051,2,271,7.6825,6.0802,7.9849,4.9709,1.2307,1,48,3,0,2,0,0,6292,12288,827392,4096,0,0.0149,101376.0,203225.0,0,0,0,0,0,0,1,0,0,333272,0,0,0,13.86,0.014,7.2836,0,0,1
433664,6,332,1213799263,1,258,7.8735,4.5125,7.9892,0.2567,2.5315,1,25,2,0,0,0,0,427070,60928,433664,1536,451279,0.1405,72021.3333,71788.1667,0,0,0,0,1,0,1,0,1,768,0,0,0,17.94,0.139,0.8902,1,0,1
367616,4,332,1305462840,2,271,7.8587,3.7883,7.9441,0.0822,2.801,1,39,4,0,0,0,0,7568,9216,823296,1024,0,0.0112,91648.0,202601.5,0,0,0,0,0,0,1,0,0,353956,0,0,0,15.04,0.0109,73.3276,0,0,1
454656,4,332,1333306672,2,271,7.4133,7.0123,7.5698,6.6274,0.3859,2,76,4,0,3,0,0,6109,20480,856064,4096,515929,0.0239,112640.0,211724.25,0,0,0,0,0,0,1,0,0,31947,0,0,0,14.15,0.0238,1.3394,0,0,1
434176,4,332,1344630696,2,271,7.506,5.6234,7.736,3.9591,1.4766,1,69,5,0,2,1,0,5776,36864,823296,4096,0,0.0448,107520.0,202273.25,0,0,0,0,0,0,1,0,0,4444,0,0,0,13.8,0.0443,12.4764,0,0,1
208896,5,332,1333985043,2,8450,6.1805,3.4772,6.6441,0.0,2.5832,0,114,7,11,3,2,0,77738,143360,225280,4096,239044,0.6364,40960.0,41488.0,1,1,0,1,0,0,1,0,1,1364,0,0,0,14.13,0.6214,1.1419,0,0,1
405504,4,332,1343329266,2,271,7.6826,6.416,7.9214,3.4748,1.8079,2,41,2,0,2,0,0,5560,12288,823296,4096,0,0.0149,100352.0,202796.5,0,0,0,0,0,0,1,0,0,101620,0,0,0,13.84,0.0143,1.9671,0,0,1
172032,9,332,1295047889,2,258,7.7925,2.8387,7.8893,0.4371,2.8708,1,27,3,0,0,1,0,4096,161280,221184,1024,223237,0.7292,19000.8889,21031.2222,0,0,0,0,0,1,1,0,1,980,0,0,0,15.37,0.7285,2.7844,5,0,1
176128,4,332,1330803002,2,258,7.7221,5.4086,7.7729,2.6686,1.9615,1,103,5,0,1,1,0,95442,163840,184320,1024,211113,0.8889,43776.0,43635.75,0,0,0,0,1,1,1,0,1,6504,0,0,0,14.23,0.888,0.8365,1,0,1
208896,5,332,1334922561,2,8450,6.4402,4.6808,6.6748,2.6093,1.5367,0,111,6,11,3,2,0,78682,143360,225280,4096,265310,0.6364,40960.0,41812.0,1,1,0,1,0,0,1,0,1,1364,0,0,0,14.1,0.6259,1.1472,0,0,1
367616,4,332,1305462840,2,271,7.8932,3.8569,7.9442,0.0822,2.7885,1,39,4,0,0,0,0,7644,9216,823296,1024,0,0.0112,91648.0,202604.5,0,0,0,0,0,0,1,0,0,353956,0,0,0,15.04,0.0109,73.3279,0,0,1
670720,8,332,708992537,2,33166,7.0051,3.9261,7.1156,0.0,3.0517,1,359,12,0,4,0,0,315260,311808,696320,1024,0,0.4478,83714.125,83888.625,0,1,0,0,0,0,1,1,1,300028,0,1,0,33.94,0.4476,0.8308,2,0,1
30592,5,332,1228650035,1,258,6.1361,5.0762,6.1554,3.5404,0.9567,0,58,2,0,0,0,0,1832,13184,30592,1152,79197,0.431,5888.0,5808.2,0,0,0,0,1,1,0,0,1,0,1,0,0,17.47,0.4252,0.9421,1,0,1
131168,9,332,1335139257,2,270,6.8581,2.566,7.0845,0.1603,2.7658,1,243,4,0,1,0,0,109808,113152,155648,1024,145097,0.727,14336.0,14228.0,0,0,0,1,0,0,1,0,1,7132,0,0,1120,14.1,0.6923,0.9574,5,0,1
130144,8,332,1334831050,2,270,6.8679,2.8731,7.0776,0.1603,2.7974,1,238,4,0,1,0,0,109696,112128,151552,1024,150850,0.7399,16000.0,15858.0,0,0,0,1,0,0,1,0,1,7132,0,0,1120,14.11,0.7102,0.9497,4,0,1
208896,5,332,1333761078,2,8450,6.3934,4.6402,6.6446,2.6089,1.502,0,114,7,11,3,2,0,77738,143360,225280,4096,221206,0.6364,40960.0,41465.6,1,1,0,1,0,0,1,0,1,1364,0,0,0,14.14,0.6214,1.1412,0,0,1
348160,4,332,1331754463,2,271,7.8179,5.9238,7.9941,0.6418,3.0656,3,8,3,0,2,0,0,92382,94208,847872,4096,361953,0.1111,86016.0,209628.25,0,0,0,0,0,0,1,0,0,44137,0,0,0,14.2,0.1109,1.3885,0,0,1
195232,8,332,1342261240,2,270,4.9212,1.1808,6.0452,0.0,2.1246,0,10,3,0,2,0,0,5248,145408,217088,1024,250091,0.6698,24000.0,23909.75,0,0,0,0,0,0,0,0,1,0,0,0,2208,13.87,0.6684,0.9138,5,0,1
165344,12,332,1339861660,2,270,5.5485,0.8136,6.5397,0.0,1.8631,0,11,3,0,2,0,0,4096,43008,208896,1024,168192,0.2059,13610.6667,13231.5,0,0,0,0,0,0,0,0,1,0,0,0,992,13.95,0.2038,0.3409,9,0,1
127968,7,332,1337981960,2,270,6.689,2.6788,7.282,0.0,2.6717,1,33,4,0,2,0,0,6000,15360,147456,1024,165113,0.1042,17993.1429,17925.1429,0,0,0,0,0,0,1,0,1,6004,0,0,992,14.01,0.1021,0.9484,3,0,1
151040,4,332,1341586878,2,258,7.426,5.7958,7.9729,4.5394,1.3267,1,183,5,0,4,0,0,30406,49152,159744,1024,94463,0.3077,37504.0,37382.0,1,1,0,1,1,0,1,0,1,94444,0,0,0,13.89,0.306,0.9891,0,0,1
434176,4,332,1344542973,2,271,7.5194,5.9599,7.7317,3.8449,1.3849,1,59,4,0,2,0,0,5648,36864,823296,4096,0,0.0448,107520.0,202557.5,0,0,0,0,0,0,1,0,0,7696,0,0,0,13.8,0.0431,12.5644,0,0,1
446464,4,332,1345809188,2,271,7.5418,5.7847,7.6972,4.531,1.2686,1,72,4,0,2,1,0,13104,57344,823296,4096,0,0.0697,110592.0,203145.25,0,0,0,0,0,0,1,0,0,2620,0,0,0,13.76,0.067,23.5871,0,0,1
389120,4,332,1340741593,2,271,7.6335,5.4291,7.8308,3.4292,1.6719,1,49,3,0,2,0,0,6280,20480,782336,4096,0,0.0262,96256.0,192209.0,0,0,0,0,0,0,1,0,0,14560,0,0,0,13.92,0.0226,1.1081,0,0,1
151040,5,332,1301029282,2,258,6.6308,4.4382,6.8486,0.1474,2.7658,0,4,2,0,0,2,0,10770,24064,299008,1024,215189,0.0805,30003.2,56024.0,0,0,0,0,0,0,1,0,1,584,0,0,0,15.18,0.0794,6.4364,0,0,1
110176,4,332,1335406856,2,270,6.9907,4.1748,7.1308,1.5771,1.9999,1,9,3,0,1,0,0,110208,102912,122880,1024,110778,0.8375,27008.0,26906.75,0,0,0,1,0,0,1,0,1,4044,0,0,1120,14.09,0.0,0.9279,0,0,1
405504,4,332,1343116464,2,271,7.6876,6.4177,7.9216,3.4506,1.824,2,40,2,0,2,0,0,5544,12288,823296,4096,0,0.0149,100352.0,202788.0,0,0,0,0,0,0,1,0,0,101620,0,0,0,13.84,0.0143,1.9666,0,0,1
130144,8,332,1334805850,2,270,6.8677,2.8731,7.0776,0.1603,2.7974,1,238,4,0,1,0,0,109696,112128,151552,1024,145776,0.7399,16000.0,15858.0,0,0,0,1,0,0,1,0,1,7132,0,0,1120,14.11,0.7102,0.9497,4,0,1
96297,4,332,1332536424,2,270,7.4064,4.4324,7.5303,2.0767,2.2249,1,7,2,0,1,0,0,4880,2048,106496,1024,110550,0.0192,23552.0,23246.0,0,0,0,1,0,0,1,0,1,1636,0,0,1065,14.18,0.0184,0.7559,0,0,1
136288,7,332,1334678421,2,270,6.8569,3.4038,7.0017,0.1603,2.9054,1,414,5,1,1,0,0,110752,113152,151552,1024,176058,0.7466,19163.4286,19075.4286,0,0,0,1,0,0,1,0,1,7132,0,0,1120,14.11,0.7242,0.9837,3,0,1
466944,4,332,1332842084,2,271,7.1744,6.9257,7.8068,6.2042,0.6792,2,84,6,0,3,0,0,7227,24576,983040,4096,503495,0.025,115712.0,241172.0,0,0,0,0,0,0,1,0,0,167944,0,0,0,14.17,0.0219,1.7781,0,0,1
94760,3,332,1333546816,2,270,7.5891,4.339,7.6366,1.949,2.409,1,8,3,0,1,0,0,4720,91648,106496,512,143237,0.8606,31061.3333,30923.3333,0,0,0,1,0,0,0,0,1,0,0,0,1064,14.15,0.8603,0.7512,0,0,1
402432,4,332,1319571264,2,271,7.9754,4.2721,6.634,0.4024,2.3994,0,39,4,0,0,0,0,789540,5632,819200,786432,459511,0.0069,5632.0,5329.0,0,0,0,0,0,0,1,0,1,14146,0,0,378880,14.59,0.0068,0.8004,0,0,1
313384,6,332,1334363114,2,270,7.4835,4.0446,7.5669,0.1603,2.9044,1,584,4,1,3,0,0,282192,284672,323584,1024,321228,0.8797,51882.6667,51764.3333,0,0,0,1,0,0,1,0,1,7132,0,0,1064,14.12,0.8729,0.9742,2,0,1
130144,8,332,1334803691,2,270,6.8678,2.873,7.0776,0.1603,2.7974,1,238,4,0,1,0,0,109696,112128,151552,1024,139531,0.7399,16000.0,15858.0,0,0,0,1,0,0,1,0,1,7132,0,0,1120,14.11,0.7102,0.9497,4,0,1
208896,5,332,1333761802,2,8450,6.1725,3.4685,6.6439,0.0,2.5744,0,114,7,11,3,2,0,77738,143360,225280,4096,244397,0.6364,40960.0,41456.0,1,1,0,1,0,0,1,0,1,1364,0,0,0,14.14,0.6214,1.1409,0,0,1
195232,8,332,1342213316,2,270,4.9212,1.1808,6.0452,0.0,2.1246,0,10,3,0,2,0,0,5248,145408,217088,1024,243743,0.6698,24000.0,23909.75,0,0,0,0,0,0,0,0,1,0,0,0,2208,13.87,0.6684,0.9138,5,0,1
442368,5,332,1335808610,2,271,7.6023,4.5583,7.8218,0.0,2.6559,1,68,4,0,3,0,0,6533,28672,819200,4096,494544,0.035,87654.4,161043.6,0,0,0,0,0,0,1,0,0,17116,0,0,0,14.08,0.0328,19.2079,0,0,1
434176,4,332,1344542973,2,271,7.5195,5.9521,7.7313,3.8108,1.3979,1,59,4,0,2,0,0,5648,36864,823296,4096,0,0.0448,107520.0,202557.5,0,0,0,0,0,0,1,0,0,7696,0,0,0,13.8,0.0431,12.5644,0,0,1
131168,9,332,1335040809,2,270,6.8576,2.5656,7.0836,0.1603,2.7654,1,243,4,0,1,0,0,109808,113152,155648,1024,163911,0.727,14336.0,14228.0,0,0,0,1,0,0,1,0,1,7132,0,0,1120,14.1,0.6923,0.9574,5,0,1
380928,4,332,1331586159,2,271,7.4425,5.8261,7.6899,1.438,2.5564,2,25,8,0,2,0,0,4768,8192,897024,4096,411436,0.0091,94208.0,221081.25,0,0,0,0,0,0,1,0,0,91875,0,0,0,14.21,0.0072,1.2265,0,0,1
417792,4,332,1334737687,2,271,7.7725,6.3625,7.941,3.1583,1.9383,2,62,3,0,3,0,0,5410,20480,991232,4096,418745,0.0207,103424.0,245138.0,0,0,0,0,0,0,1,0,0,167512,0,0,0,14.11,0.0199,9.7083,0,0,1
208896,5,332,1334928903,2,8450,6.4374,4.6786,6.6744,2.6102,1.5325,0,111,6,11,3,2,0,78682,143360,225280,4096,253576,0.6364,40960.0,41805.6,1,1,0,1,0,0,1,0,1,1364,0,0,0,14.1,0.6259,1.147,0,0,1
454656,4,332,1333306647,2,271,7.4032,7.0848,7.6865,6.5942,0.4587,2,69,5,0,3,0,0,6021,20480,856064,4096,475425,0.0239,112640.0,211875.25,0,0,0,0,0,0,1,0,0,31947,0,0,0,14.15,0.0237,1.3284,0,0,1
413696,4,332,1334989131,2,271,7.8038,6.4708,7.8968,3.6468,1.7275,2,58,2,0,3,0,0,5357,20480,987136,4096,421965,0.0207,102400.0,244073.0,0,0,0,0,0,0,1,0,0,167536,0,0,0,14.1,0.0199,1.5671,0,0,1
940544,4,332,1331852930,2,33167,7.9212,6.0904,7.9858,1.381,2.7403,3,3,2,0,0,0,0,692244,556032,2138112,1024,987475,0.2601,234112.0,533120.0,0,0,0,0,1,0,1,1,0,23040,0,1,0,14.2,0.9847,3.7935,3,1,1
503808,5,332,1335900359,2,271,7.0476,4.495,7.196,0.0,2.5018,1,78,6,0,3,0,0,8020,32768,819200,4096,517437,0.04,99942.4,161011.2,0,0,0,0,0,0,1,0,0,17116,0,0,0,14.07,0.0371,16.2207,0,0,1
454656,4,332,1333436105,2,271,7.4051,7.0818,7.6907,6.575,0.4645,2,74,6,0,3,0,0,6145,20480,856064,4096,491657,0.0239,112640.0,212144.75,0,0,0,0,0,0,1,0,0,31947,0,0,0,14.15,0.0239,1.3312,0,0,1
442368,4,332,1344692537,2,271,7.4919,5.6153,7.7318,3.9782,1.466,1,72,4,0,2,1,0,5968,45056,823296,4096,0,0.0547,109568.0,201840.75,0,0,0,0,0,0,1,0,0,4444,0,0,0,13.79,0.0529,12.2222,0,0,1
434176,6,332,1213800977,1,258,7.8698,4.5126,7.9868,0.267,2.528,1,25,2,0,0,0,0,427582,60928,434176,1536,441715,0.1403,72106.6667,71793.8333,0,0,0,0,1,0,1,0,1,768,0,0,0,17.94,0.1389,0.8901,1,0,1
167936,9,332,1297596187,2,258,7.8257,3.0929,7.9712,0.4168,3.1739,2,18,2,0,0,1,0,112794,142336,192512,1024,220930,0.7394,18545.7778,18185.6667,0,0,0,0,1,1,1,0,1,3872,0,0,0,15.29,0.7383,0.4574,5,0,1
438272,4,332,1344581633,2,271,7.4888,5.7148,7.7313,3.8222,1.4272,1,61,4,0,2,0,0,5680,36864,823296,4096,0,0.0448,108544.0,201850.0,0,0,0,0,0,0,1,0,0,8886,0,0,0,13.8,0.0432,8.5527,0,0,1
434176,6,332,1213802347,1,258,7.8715,4.5138,7.9875,0.2674,2.5283,1,25,2,0,0,0,0,427582,60928,434176,1536,497893,0.1403,72106.6667,71809.5,0,0,0,0,1,0,1,0,1,768,0,0,0,17.94,0.139,0.8902,1,0,1
194560,3,332,1303612651,2,258,7.5405,7.0296,7.8469,6.2039,0.6708,2,259,4,0,0,1,0,55440,105984,249856,1024,212759,0.4242,64512.0,80219.6667,0,0,0,0,0,0,1,0,1,16,0,0,0,15.1,0.4228,1.1554,0,0,1
409600,4,332,1332407685,2,271,7.2145,6.5186,7.7758,4.0743,1.4396,2,73,6,0,4,0,0,76383,94208,815104,4096,461148,0.1156,101376.0,199600.25,0,0,0,0,0,0,1,0,0,53605,0,0,0,14.18,0.1112,1.3092,0,0,1
389120,4,332,1343414552,2,271,7.824,7.1953,7.9214,6.3742,0.6853,2,39,2,0,2,0,0,5544,12288,823296,4096,0,0.0149,96256.0,202409.5,0,0,0,0,0,0,1,0,0,98746,0,0,0,13.83,0.0143,1.9857,0,0,1
109664,7,332,1335983052,2,270,6.9957,3.1648,7.1264,0.0,2.4475,1,17,4,0,1,0,0,5536,104448,131072,1024,147889,0.7969,15360.0,15078.1429,0,0,0,1,0,0,1,0,1,968,0,0,1120,14.07,0.0186,0.6013,3,0,1
195232,8,332,1342320027,2,270,4.9251,1.1814,6.05,0.0,2.126,0,10,3,0,2,0,0,5248,145408,217088,1024,210789,0.6698,24000.0,23909.75,0,0,0,0,0,0,0,0,1,0,0,0,2208,13.87,0.6684,0.9138,5,0,1
503808,5,332,1335900359,2,271,7.0469,4.4949,7.1962,0.0,2.5019,1,78,6,0,3,0,0,8020,32768,819200,4096,511372,0.04,99942.4,161011.2,0,0,0,0,0,0,1,0,0,17116,0,0,0,14.07,0.0371,16.2207,0,0,1
124928,8,332,1351534152,2,782,6.8452,3.9076,6.9849,0.0,2.7543,0,81,3,0,2,2,0,4332,45056,159744,1536,0,0.2821,15424.0,19437.0,0,0,0,0,0,0,1,1,1,61288,0,1,0,13.58,0.2821,3.8964,0,0,1
434176,4,332,1333707682,2,271,7.6112,6.0919,7.8744,2.1897,2.3156,2,79,7,0,3,0,0,5619,20480,1044480,4096,464285,0.0196,107520.0,258041.5,0,0,0,0,0,0,1,0,0,218542,0,0,0,14.14,0.0191,7.1611,0,0,1
503808,4,332,1342207595,2,271,6.8315,5.355,7.9768,2.0009,2.1695,1,45,4,0,2,0,0,6355,20480,827392,4096,0,0.0248,124928.0,203348.0,0,0,0,0,0,0,1,0,0,336706,0,0,0,13.87,0.0217,5.8487,0,0,1
208896,5,332,1333985043,2,8450,6.1745,3.4378,6.6441,0.0,2.591,0,114,7,11,3,2,0,77738,143360,225280,4096,239044,0.6364,40960.0,41488.0,1,1,0,1,0,0,1,0,1,1364,0,0,0,14.13,0.6214,1.1419,0,0,1
402432,4,332,1319571264,2,271,7.9754,4.2795,6.6449,0.4055,2.4013,0,39,4,0,0,0,0,789552,5632,819200,786432,419658,0.0069,5632.0,5340.0,0,0,0,0,0,0,1,0,1,14146,0,0,378880,14.59,0.0068,0.8033,0,0,1
208896,5,332,1333755419,2,8450,6.3922,4.6373,6.6437,2.6061,1.501,0,114,7,11,3,2,0,77738,143360,225280,4096,228897,0.6364,40960.0,41452.8,1,1,0,1,0,0,1,0,1,1364,0,0,0,14.14,0.6214,1.1408,0,0,1
348160,4,332,1331754463,2,271,7.8111,5.8973,7.9943,0.6418,3.0552,3,8,3,0,2,0,0,92382,94208,847872,4096,397637,0.1111,86016.0,209628.25,0,0,0,0,0,0,1,0,0,44137,0,0,0,14.2,0.1109,1.3885,0,0,1
195232,8,332,1342301988,2,270,4.9212,1.1808,6.0452,0.0,2.1246,0,10,3,0,2,0,0,5248,145408,217088,1024,213055,0.6698,24000.0,23909.75,0,0,0,0,0,0,0,0,1,0,0,0,2208,13.87,0.6684,0.9138,5,0,1
195232,8,332,1342282822,2,270,4.9211,1.1808,6.0452,0.0,2.1246,0,10,3,0,2,0,0,5248,145408,217088,1024,242583,0.6698,24000.0,23909.75,0,0,0,0,0,0,0,0,1,0,0,0,2208,13.87,0.6684,0.9138,5,0,1
372736,4,332,1319571264,2,271,7.9738,5.3728,7.988,2.6604,2.0875,1,39,4,0,0,0,0,787312,4608,1167360,786432,416131,0.0039,92928.0,92651.5,0,0,0,0,0,0,1,0,0,14146,0,0,0,14.59,0.0038,0.7965,0,0,1
402432,4,332,1319571264,2,271,7.9755,4.2769,6.6286,0.4055,2.3975,0,39,4,0,0,0,0,789652,5632,819200,786432,437855,0.0069,5632.0,5330.0,0,0,0,0,0,0,1,0,1,14146,0,0,378880,14.59,0.0068,0.8015,0,0,1
214528,4,332,1297433515,2,258,7.0727,5.2216,7.8645,0.0204,3.0544,1,255,6,0,0,1,0,59086,210944,286720,1024,265311,0.7357,53376.0,68706.0,0,0,0,0,1,1,1,0,1,16,0,0,0,15.29,0.9517,0.8567,0,0,1
208384,4,332,1304494798,2,258,7.1937,5.2249,7.8629,0.0204,3.063,1,254,5,0,2,1,0,55149,204800,290816,1024,271558,0.7042,51840.0,68707.5,0,0,0,0,1,1,1,0,1,16,0,0,0,15.07,0.9387,0.8535,0,0,1
110176,4,332,1335825655,2,270,6.989,3.8998,7.1214,2.0311,1.9261,1,9,2,0,1,0,0,9296,103424,122880,1024,142255,0.8417,27008.0,26683.25,0,0,0,1,1,0,1,0,1,2724,0,0,1120,14.08,0.8385,0.7403,0,0,1
174080,10,332,1294994336,2,258,7.7665,2.5615,7.894,0.3739,2.6819,1,18,1,0,0,1,0,144979,161280,208896,1024,175970,0.7721,17305.6,16899.5,0,0,0,0,0,1,1,0,1,836,0,0,0,15.37,0.7699,0.4234,6,0,1
435200,6,332,1208452998,1,258,7.869,4.4055,7.9875,0.2681,2.5384,1,21,2,0,0,0,0,428606,61952,435200,1536,471714,0.1424,72277.3333,71963.1667,0,0,0,0,1,0,1,0,1,768,0,0,0,18.11,0.1406,0.8742,1,0,1
417792,4,332,1332535995,2,271,7.6647,6.7217,7.7694,3.8164,1.6793,3,60,2,0,4,0,0,76217,94208,913408,4096,430282,0.1031,103424.0,223848.25,0,0,0,0,0,0,1,0,0,98559,0,0,0,14.18,0.0991,1.4806,0,0,1
430080,4,332,1343833647,2,271,7.6609,5.0959,7.9049,0.713,2.668,1,64,4,0,3,0,0,5728,36864,823296,4096,0,0.0448,106496.0,202491.0,0,0,0,0,0,0,1,0,0,13072,0,0,0,13.82,0.0432,6.9175,0,0,1
433664,6,332,1213896687,1,258,7.874,4.5134,7.9889,0.2563,2.5322,1,25,2,0,0,0,0,427070,60928,433664,1536,437682,0.1405,72021.3333,71780.1667,0,0,0,0,1,0,1,0,1,768,0,0,0,17.94,0.1391,0.8903,1,0,1
196096,4,332,1397843884,2,259,6.8122,5.4983,6.9217,3.2752,1.4016,0,102,2,0,2,0,0,34785,76288,360218624,1024,0,0.0002,48768.0,90052541.25,0,0,0,0,0,0,1,0,0,98968,0,0,0,12.11,0.0002,17579.7395,1,0,1
175616,9,332,1298039852,2,258,7.7794,2.8245,7.8789,0.4332,2.8431,1,19,3,0,0,1,0,4096,163840,237568,1024,228598,0.6897,19399.1111,23067.5556,0,0,0,0,0,1,1,0,1,980,0,0,0,15.27,0.6883,4.4052,5,0,1
195232,8,332,1342202390,2,270,4.9251,1.1814,6.05,0.0,2.126,0,10,3,0,2,0,0,5248,145408,217088,1024,207803,0.6698,24000.0,23909.75,0,0,0,0,0,0,0,0,1,0,0,0,2208,13.87,0.6684,0.9138,5,0,1
38912,4,332,1199458220,2,259,5.658,5.159,5.833,4.4156,0.5391,0,58,6,0,1,0,0,9441,8704,49152,1024,88623,0.1771,9472.0,9234.75,1,1,0,1,0,0,1,0,0,19708,0,0,0,18.4,0.1764,0.943,0,0,1
131168,9,332,1335036027,2,270,6.8576,2.5652,7.0836,0.1603,2.7651,1,243,4,0,1,0,0,109808,113152,155648,1024,150057,0.727,14336.0,14228.0,0,0,0,1,0,0,1,0,1,7132,0,0,1120,14.1,0.6923,0.9574,5,0,1
58880,4,332,1369329435,2,783,7.6039,5.1244,7.8,2.4848,1.9372,1,70,9,0,1,0,0,4096,1536,81920,1024,59929,0.0187,14464.0,17912.0,0,0,0,1,0,0,1,0,0,52224,0,0,0,13.01,0.0184,2.5622,0,0,1
38400,4,332,1122670444,2,259,5.7112,5.1817,5.833,4.4156,0.5535,0,58,6,0,1,0,0,9441,8704,49152,1024,93409,0.1771,9344.0,9106.75,1,1,0,1,0,0,1,0,0,19708,0,0,0,20.83,0.1764,0.9429,0,0,1
95273,3,332,1333444832,2,270,7.5934,4.9879,7.6308,3.0489,1.9357,1,13,5,0,1,0,0,4720,92160,106496,512,139263,0.8654,31232.0,31181.3333,0,0,0,1,0,0,0,0,1,0,0,0,1065,14.15,0.8649,0.8696,0,0,1
37888,4,332,1219482132,2,259,5.8685,5.5547,6.6728,4.6627,0.7363,0,69,6,0,1,0,0,4775,9216,49152,1024,81798,0.1875,9216.0,9005.5,1,1,0,1,0,0,1,0,0,19482,0,0,0,17.76,0.1842,0.9741,0,0,1
504320,4,332,0,2,271,6.6178,4.2176,6.643,0.0,2.6245,0,39,4,0,0,0,0,5224,5632,888832,1024,0,0.0063,125824.0,219398.0,0,0,0,0,0,0,1,0,0,493746,0,0,0,56.4,0.0062,62.0146,0,0,1
394240,4,332,1326871294,2,271,7.8192,4.5842,7.8522,0.0,2.9691,1,39,4,0,1,0,20,5604,5632,823296,1024,0,0.0068,98304.0,203212.5,0,0,0,0,0,0,1,0,0,384476,0,0,0,14.36,0.0066,69.3269,0,0,1
260136,5,332,1332632405,2,270,7.6742,3.5429,7.7294,0.0,2.7292,1,5,2,0,1,0,0,4128,2048,274432,1024,323595,0.0075,51609.6,51400.8,0,0,0,1,0,0,1,0,1,1636,0,0,1064,14.18,0.0069,0.7894,1,0,1
208896,5,332,1333985852,2,8450,6.3878,4.6336,6.6437,2.6063,1.4971,0,114,7,11,3,2,0,77738,143360,225280,4096,242874,0.6364,40960.0,41436.8,1,1,0,1,0,0,1,0,1,1364,0,0,0,14.13,0.6214,1.1403,0,0,1
462848,4,332,1335210826,2,271,7.4871,6.4604,7.8434,4.2241,1.3791,2,86,5,0,4,0,0,7014,28672,995328,4096,492087,0.0288,114688.0,245472.5,0,0,0,0,0,0,1,0,0,173740,0,0,0,14.09,0.0275,1.4603,0,0,1
348160,4,332,1331893517,2,271,7.667,6.4869,7.9457,3.243,1.9118,2,17,3,0,2,0,0,82832,86016,802816,4096,409007,0.1071,86016.0,196826.5,0,0,0,0,0,0,1,0,0,41824,0,0,0,14.2,0.1046,1.4647,0,0,1
394240,4,332,1326871294,2,271,7.8194,4.5908,7.8524,0.0,2.9723,1,39,4,0,1,0,20,5344,5632,823296,1024,0,0.0068,98304.0,203214.5,0,0,0,0,0,0,1,0,0,384476,0,0,0,14.36,0.0066,69.3273,0,0,1
110176,4,332,1335344512,2,270,6.9925,4.1755,7.1327,1.5771,2.0006,1,9,3,0,1,0,0,110208,102912,122880,1024,142231,0.8375,27008.0,26906.75,0,0,0,1,0,0,1,0,1,4044,0,0,1120,14.09,0.0,0.9279,0,0,1
208896,5,332,1334264512,2,8450,6.4227,4.6628,6.6642,2.6025,1.5288,0,114,7,11,3,2,0,78219,143360,225280,4096,250181,0.6364,40960.0,41660.8,1,1,0,1,0,0,1,0,1,1364,0,0,0,14.12,0.6238,1.1443,0,0,1
433664,6,332,1209742090,1,258,7.8729,4.5109,7.9883,0.2691,2.5267,1,25,2,0,0,0,0,427070,60928,433664,1536,462924,0.1405,72021.3333,71742.5,0,0,0,0,1,0,1,0,1,768,0,0,0,18.07,0.1389,0.89,1,0,1
177664,4,332,1304411205,2,258,7.8041,6.148,7.8974,3.3881,1.6882,1,16,3,0,0,1,0,133022,158208,184320,1024,214047,0.8583,44160.0,43949.0,0,0,0,0,0,1,1,0,1,3668,0,0,0,15.07,0.8578,0.9488,0,0,1
417792,4,332,1332576541,2,271,7.6661,6.7205,7.7692,3.8067,1.6841,3,60,2,0,4,0,0,76217,94208,913408,4096,456831,0.1031,103424.0,223846.75,0,0,0,0,0,0,1,0,0,98559,0,0,0,14.18,0.0991,1.4805,0,0,1
372736,4,332,1319571264,2,271,7.974,5.3892,7.988,2.6638,2.0996,1,39,4,0,0,0,0,787496,4608,1167360,786432,430411,0.0039,92928.0,92665.5,0,0,0,0,0,0,1,0,0,14146,0,0,0,14.59,0.0039,0.7995,0,0,1
229000,4,332,1321539775,2,271,6.8695,4.7181,7.6384,1.3651,2.2532,1,28,5,3,0,0,0,91950,90112,225280,4096,288084,0.4,55296.0,52462.5,0,0,0,1,0,0,1,0,0,110772,0,0,3720,14.53,0.3917,0.7402,0,0,1
110176,4,332,1335434449,2,270,6.9936,4.1929,7.1332,1.6613,1.9728,1,9,3,0,1,0,0,110256,102912,122880,1024,147274,0.8375,27008.0,26922.75,0,0,0,1,0,0,1,0,1,4044,0,0,1120,14.09,0.0,0.932,0,0,1
409600,4,332,1341301058,2,271,7.3137,6.2618,7.8041,3.898,1.507,2,45,2,0,2,0,0,6504,16384,782336,4096,0,0.0209,101376.0,192750.0,0,0,0,0,0,0,1,0,0,8624,0,0,0,13.9,0.0183,1.7655,0,0,1
178176,4,332,1304411205,2,258,7.7947,6.1107,7.8976,3.3881,1.6706,1,16,3,0,0,1,0,133022,158208,184320,1024,197283,0.8583,44288.0,43953.0,0,0,0,0,0,1,1,0,1,3668,0,0,0,15.07,0.8578,0.9383,0,0,1
110176,4,332,1335368893,2,270,6.9917,4.1765,7.1315,1.5771,1.9997,1,9,3,0,1,0,0,110208,102912,122880,1024,112131,0.8375,27008.0,26906.75,0,0,0,1,0,0,1,0,1,4044,0,0,1120,14.09,0.0,0.9279,0,0,1
154112,7,332,1339067024,2,258,7.7909,4.0395,7.9177,0.0204,2.8634,1,30,4,0,0,1,0,16236,22528,258048,1024,154755,0.0873,21869.7143,33079.1429,0,1,0,0,0,1,1,0,1,16,0,0,0,13.97,0.0864,0.7242,3,0,1
409600,4,332,1332274738,2,271,7.2132,6.5274,7.8762,4.1393,1.4231,2,77,7,0,3,0,0,82849,98304,806912,4096,415316,0.1218,101376.0,198843.0,0,0,0,0,0,0,1,0,0,47200,0,0,0,14.19,0.1204,1.3114,0,0,1
442368,4,332,1344692537,2,271,7.4924,5.625,7.7316,4.0121,1.4555,1,72,4,0,2,1,0,5968,45056,823296,4096,0,0.0547,109568.0,201840.75,0,0,0,0,0,0,1,0,0,4444,0,0,0,13.79,0.0529,12.2222,0,0,1
475136,4,332,1335379208,2,271,7.3453,6.3887,7.8775,4.2067,1.3547,1,84,6,0,4,0,0,6976,28672,991232,4096,534208,0.0289,117760.0,245632.5,0,0,0,0,0,0,1,0,0,171908,0,0,0,14.09,0.0276,1.4157,0,0,1
442368,4,332,1332966487,2,271,7.4266,5.4504,7.731,2.1748,2.0306,1,82,4,0,3,0,0,6469,24576,835584,4096,467534,0.0294,109568.0,204655.0,0,0,0,0,0,0,1,0,0,22694,0,0,0,14.17,0.0248,5.6987,0,0,1
438272,4,332,1333397172,2,271,7.5792,7.1438,7.6986,6.6466,0.4702,2,75,6,0,3,0,0,6137,20480,856064,4096,445954,0.0239,108544.0,211420.75,0,0,0,0,0,0,1,0,0,31947,0,0,0,14.15,0.0239,1.3633,0,0,1
396288,5,332,1195835369,2,258,7.8817,6.2388,7.9142,1.8682,2.3166,3,277,9,0,2,0,0,86016,94720,1081344,1024,431320,0.0876,79052.8,215449.6,1,1,0,0,0,1,1,0,1,15633,0,0,0,18.51,0.0909,265.4076,0,0,1
434176,6,332,1213886148,1,258,7.8712,4.5143,7.9876,0.2661,2.5281,1,25,2,0,0,0,0,427582,60928,434176,1536,498920,0.1403,72106.6667,71813.1667,0,0,0,0,1,0,1,0,1,768,0,0,0,17.94,0.1389,0.8901,1,0,1
151040,4,332,1341586878,2,258,7.426,5.7958,7.9729,4.5394,1.3267,1,183,5,0,4,0,0,30406,49152,159744,1024,94463,0.3077,37504.0,37382.0,1,1,0,1,1,0,1,0,1,94444,0,0,0,13.89,0.306,0.9891,0,0,1
285208,6,332,1332167111,2,270,7.6543,4.6212,7.7199,0.0,2.488,1,338,7,7,1,0,0,4928,4096,299008,1024,320753,0.0137,47189.3333,47055.1667,0,0,0,1,0,0,1,0,1,1716,0,0,1048,14.19,0.0132,0.9418,2,0,1
221184,5,332,1332479708,2,8450,6.2498,3.5178,6.6672,0.0131,2.5744,0,114,7,11,3,2,0,84506,151552,237568,4096,250115,0.6379,43417.6,44684.8,1,1,0,1,0,0,1,0,1,1364,0,0,0,14.18,0.6294,1.1713,0,0,1
479232,4,332,1335379208,2,271,7.3507,6.3882,7.88,4.2067,1.355,1,84,6,0,4,0,0,6976,28672,995328,4096,496202,0.0288,118784.0,246680.5,0,0,0,0,0,0,1,0,0,176100,0,0,0,14.09,0.0275,1.4158,0,0,1
471040,4,332,1335291770,2,271,7.4309,6.4213,7.8746,4.1919,1.3782,2,84,4,0,4,0,0,7012,28672,995328,4096,506206,0.0288,116736.0,246830.0,0,0,0,0,0,0,1,0,0,175828,0,0,0,14.09,0.0275,1.4387,0,0,1
454656,4,332,1333049649,2,271,7.4187,5.792,7.6398,2.6723,1.8797,1,85,5,0,3,0,0,6469,24576,856064,4096,491524,0.0287,112640.0,211277.5,0,0,0,0,0,0,1,0,0,32422,0,0,0,14.16,0.0242,7.0433,0,0,1
433664,6,332,1213803033,1,258,7.8723,4.5127,7.9881,0.2674,2.5283,1,25,2,0,0,0,0,427070,60928,433664,1536,493752,0.1405,72021.3333,71753.5,0,0,0,0,1,0,1,0,1,768,0,0,0,17.94,0.139,0.8901,1,0,1
208384,7,332,1326821167,2,258,6.8933,4.1515,6.6089,0.9727,2.6442,0,32,6,0,0,3,0,80451,169472,229376,1024,255594,0.7388,29622.8571,29365.0,0,0,0,0,0,1,1,0,1,4398,1,0,0,14.36,0.7372,0.6721,3,0,1
479232,5,332,1335978445,2,271,7.2716,4.5247,7.469,0.0,2.5448,1,78,6,0,3,0,0,6900,32768,819200,4096,511271,0.04,95027.2,160275.2,0,0,0,0,0,0,1,0,0,17116,0,0,0,14.07,0.0357,17.2138,0,0,1
94760,3,332,1333524244,2,270,7.589,4.3389,7.6364,1.949,2.4089,1,8,3,0,1,0,0,4720,91648,106496,512,160147,0.8606,31061.3333,30923.3333,0,0,0,1,0,0,0,0,1,0,0,0,1064,14.15,0.8603,0.7512,0,0,1
405504,4,332,1343502777,2,271,7.6533,7.1317,7.8222,6.3459,0.634,2,39,2,0,2,0,0,5416,12288,823296,4096,0,0.0149,100352.0,203050.0,0,0,0,0,0,0,1,0,0,98746,0,0,0,13.83,0.0141,1.9518,0,0,1
208896,5,332,1333985584,2,8450,6.1789,3.4764,6.6437,0.0,2.5824,0,114,7,11,3,2,0,77738,143360,225280,4096,213841,0.6364,40960.0,41484.8,1,1,0,1,0,0,1,0,1,1364,0,0,0,14.13,0.6214,1.1418,0,0,1
195584,3,332,1297643496,2,258,7.7846,5.1003,7.8237,0.0,3.6092,2,261,5,0,1,1,0,39643,47104,307200,1024,235644,0.1533,64853.3333,100056.6667,0,0,0,0,0,0,1,0,1,21088,0,0,0,15.29,0.1522,0.9948,1,0,1
458752,4,332,1335109490,2,271,7.4653,6.4956,7.8695,4.365,1.3183,2,95,6,0,3,0,0,7354,28672,987136,4096,486524,0.029,113664.0,243997.0,0,0,0,0,0,0,1,0,0,167536,0,0,0,14.1,0.0281,1.4606,0,0,1
405504,4,332,1343555000,2,271,7.6529,7.1341,7.8228,6.3475,0.6322,2,39,2,0,2,0,0,5432,12288,823296,4096,0,0.0149,100352.0,203054.0,0,0,0,0,0,0,1,0,0,98746,0,0,0,13.83,0.0141,1.9521,0,0,1
208896,5,332,1333759436,2,8450,6.3905,4.6359,6.6439,2.6059,1.4994,0,114,7,11,3,2,0,77738,143360,225280,4096,214614,0.6364,40960.0,41443.2,1,1,0,1,0,0,1,0,1,1364,0,0,0,14.14,0.6214,1.1405,0,0,1
402432,4,332,1319571264,2,271,7.9756,4.2913,6.675,0.4055,2.409,0,39,4,0,0,0,0,789692,5632,819200,786432,408835,0.0069,5632.0,5353.0,0,0,0,0,0,0,1,0,1,14146,0,0,378880,14.59,0.0069,0.8056,0,0,1
446464,4,332,1345809188,2,271,7.5423,5.7845,7.6973,4.531,1.2689,1,72,4,0,2,1,0,13104,57344,823296,4096,0,0.0697,110592.0,203145.25,0,0,0,0,0,0,1,0,0,2620,0,0,0,13.76,0.067,23.5871,0,0,1
425984,4,332,1335608472,2,271,7.7622,6.522,7.8475,3.9824,1.5773,2,69,4,0,4,0,0,6523,28672,987136,4096,478581,0.029,105472.0,244171.75,0,0,0,0,0,0,1,0,0,167581,0,0,0,14.08,0.0272,1.5518,0,0,1
409600,4,332,1342552538,2,271,7.6817,6.075,7.9851,4.9688,1.2329,1,46,3,0,2,0,0,6260,12288,827392,4096,0,0.0149,101376.0,203205.0,0,0,0,0,0,0,1,0,0,333272,0,0,0,13.86,0.014,7.2827,0,0,1
343040,4,332,1329409810,2,271,7.8799,4.2173,7.9272,0.0744,2.81,1,39,4,0,0,0,0,6608,9216,778240,1024,0,0.0118,85504.0,191298.0,0,0,0,0,0,0,1,0,0,329290,0,0,0,14.28,0.0114,69.9923,0,0,1
109664,7,332,1335994841,2,270,6.9972,3.1645,7.1277,0.0,2.4477,1,17,4,0,1,0,0,5536,104448,131072,1024,136352,0.7969,15360.0,15078.1429,0,0,0,1,0,0,1,0,1,968,0,0,1120,14.07,0.0186,0.6013,3,0,1
417792,4,332,1334652129,2,271,7.7721,6.3614,7.9406,3.1688,1.9334,2,62,3,0,3,0,0,5299,20480,991232,4096,460854,0.0207,103424.0,245109.5,0,0,0,0,0,0,1,0,0,167512,0,0,0,14.11,0.0198,9.7069,0,0,1
131168,9,332,1335067247,2,270,6.8544,2.5643,7.0808,0.1603,2.7642,1,243,4,0,1,0,0,109808,113152,155648,1024,154358,0.727,14336.0,14228.0,0,0,0,1,0,0,1,0,1,7132,0,0,1120,14.1,0.6923,0.9574,5,0,1
356352,4,332,1331844927,2,271,7.7307,6.0085,7.9686,1.137,2.8306,3,14,4,0,2,0,0,87166,90112,856064,4096,416181,0.1053,88064.0,210104.5,0,0,0,0,0,1,1,0,0,49479,1,0,0,14.2,0.1037,1.375,0,0,1
239493,5,332,1412656823,2,271,7.9164,4.1592,6.5096,0.0,2.221,0,158,8,1,1,0,0,12514,24064,229376,1024,0,0.1049,6656.0,43398.0,1,1,0,0,0,0,1,0,0,2584,0,0,205189,11.64,0.1049,37.9907,1,0,1
110176,4,332,1335502838,2,270,6.9988,4.1943,7.1385,1.6613,1.9747,1,9,3,0,1,0,0,110256,102912,122880,1024,136916,0.8375,27008.0,26922.75,0,0,0,1,0,0,1,0,1,4044,0,0,1120,14.09,0.0,0.932,0,0,1
115200,4,332,0,2,271,7.6959,4.5972,7.7852,0.0,2.9664,1,39,3,0,1,0,0,4280,3072,126976,1024,4294967295,0.0242,28544.0,28230.0,0,0,0,1,0,1,1,0,0,108836,0,0,0,56.4,0.0233,0.6769,0,0,1
458752,4,332,1344714209,2,271,7.4821,5.9788,7.7319,4.0271,1.3159,1,71,4,0,2,1,0,5968,45056,823296,4096,0,0.0547,113664.0,202310.75,0,0,0,0,0,0,1,0,0,22740,0,0,0,13.79,0.0529,4.5675,0,0,1
110176,4,332,1335564022,2,270,6.9938,4.1761,7.134,1.665,1.9694,1,9,2,0,1,0,0,110272,102912,122880,1024,162896,0.8375,27008.0,26917.75,0,0,0,1,0,0,1,0,1,4044,0,0,1120,14.08,0.0,0.9145,0,0,1
176128,4,332,1330803002,2,258,7.721,5.4055,7.7721,2.664,1.9621,1,103,5,0,1,1,0,95442,163840,184320,1024,183226,0.8889,43776.0,43619.75,0,0,0,0,1,1,1,0,1,6504,0,0,0,14.23,0.8877,0.8364,1,0,1
430080,4,332,1343891857,2,271,7.659,5.0933,7.9043,0.7092,2.6689,1,59,3,0,3,0,0,5664,36864,823296,4096,0,0.0448,106496.0,202439.5,0,0,0,0,0,0,1,0,0,13072,0,0,0,13.82,0.0432,6.917,0,0,1
208896,5,332,1334845155,2,8450,6.4163,4.6555,6.6657,2.6007,1.519,0,114,7,11,3,2,0,78314,143360,225280,4096,214085,0.6364,40960.0,41630.0,1,1,0,1,0,0,1,0,1,1364,0,0,0,14.11,0.6242,1.143,0,0,1
402432,4,332,1319571264,2,271,7.9757,4.2901,6.6796,0.4055,2.4098,0,39,4,0,0,0,0,789744,5632,819200,786432,439043,0.0069,5632.0,5350.0,0,0,0,0,0,0,1,0,1,14146,0,0,378880,14.59,0.0069,0.8051,0,0,1
276576,4,332,1335891008,2,270,7.6762,4.0511,7.7239,2.0378,2.1778,1,9,2,0,1,0,0,9296,269824,286720,1024,310846,0.9411,68608.0,68286.5,0,0,0,0,1,0,1,0,1,2724,0,0,1120,14.07,0.9398,0.7409,0,0,1
433664,6,332,1212821566,1,258,7.8734,4.5144,7.9888,0.2664,2.5286,1,25,2,0,0,0,0,427070,60928,433664,1536,490437,0.1405,72021.3333,71774.5,0,0,0,0,1,0,1,0,1,768,0,0,0,17.97,0.1391,0.8903,1,0,1
442368,5,332,1335725530,2,271,7.6042,4.5677,7.8235,0.0,2.655,1,69,4,0,4,0,0,6539,28672,819200,4096,507548,0.035,87654.4,161055.6,0,0,0,0,0,0,1,0,0,17116,0,0,0,14.08,0.0328,19.2091,0,0,1
405504,4,332,1343555000,2,271,7.6527,7.1236,7.822,6.3481,0.6396,2,39,2,0,2,0,0,5432,12288,823296,4096,0,0.0149,100352.0,203054.0,0,0,0,0,0,0,1,0,0,98746,0,0,0,13.83,0.0141,1.9521,0,0,1
434176,4,332,1344630696,2,271,7.5067,5.6251,7.7365,3.9661,1.475,1,69,5,0,2,1,0,5776,36864,823296,4096,0,0.0448,107520.0,202273.25,0,0,0,0,0,0,1,0,0,4444,0,0,0,13.8,0.0443,12.4764,0,0,1
405504,4,332,1343329266,2,271,7.6817,6.4133,7.9213,3.4641,1.8127,2,41,2,0,2,0,0,5560,12288,823296,4096,0,0.0149,100352.0,202796.5,0,0,0,0,0,0,1,0,0,101620,0,0,0,13.84,0.0143,1.9671,0,0,1
446464,4,332,1334327096,2,271,7.5852,5.9541,7.9538,1.9787,2.3496,2,93,7,0,3,0,0,7249,28672,892928,4096,454042,0.0321,110592.0,219509.0,0,0,0,0,0,0,1,0,0,67512,0,0,0,14.12,0.0309,4.3584,0,0,1
405504,4,332,1341255872,2,271,7.3319,6.0553,7.8066,3.0587,1.8443,2,45,2,0,2,0,0,6504,16384,782336,4096,0,0.0209,100352.0,192692.5,0,0,0,0,0,0,1,0,0,4298,0,0,0,13.9,0.0183,1.7308,0,0,1
110176,4,332,1335484872,2,270,6.9987,4.1943,7.1385,1.6613,1.9747,1,9,3,0,1,0,0,110256,102912,122880,1024,144825,0.8375,27008.0,26922.75,0,0,0,1,0,0,1,0,1,4044,0,0,1120,14.09,0.0,0.932,0,0,1
405504,4,332,1343116464,2,271,7.6853,6.4059,7.9218,3.4031,1.8433,2,40,2,0,2,0,0,5544,12288,823296,4096,0,0.0149,100352.0,202788.0,0,0,0,0,0,0,1,0,0,101620,0,0,0,13.84,0.0143,1.9666,0,0,1
313384,6,332,1334481909,2,270,7.4838,4.045,7.5673,0.1603,2.9045,1,584,4,1,3,0,0,282192,284672,323584,1024,339650,0.8797,51882.6667,51764.3333,0,0,0,1,0,0,1,0,1,7132,0,0,1064,14.12,0.8729,0.9742,2,0,1
417792,4,332,1332675903,2,271,7.6612,6.707,7.7658,3.77,1.6977,3,58,2,0,3,0,0,76137,94208,913408,4096,471386,0.1031,103424.0,223813.25,0,0,0,0,0,0,1,0,0,98559,0,0,0,14.17,0.099,1.4786,0,0,1
147496,4,332,1333987340,2,270,6.7556,5.8302,6.8284,4.3604,0.9371,0,694,4,1,6,0,0,113744,115200,155648,1024,182359,0.7401,36352.0,36136.5,0,0,0,1,0,0,1,0,1,7132,0,0,1064,14.13,0.7372,0.9759,0,0,1
151081,9,332,1333170026,2,270,6.9753,2.6616,7.5168,0.0,3.0824,1,738,9,162,3,0,0,5120,99840,176128,1024,193572,0.5669,16554.6667,16493.3333,0,0,0,1,0,0,1,0,1,20568,0,0,1065,14.16,0.5663,0.9851,5,0,1
425984,4,332,1335608472,2,271,7.7585,6.5174,7.84,3.9824,1.5735,2,69,4,0,4,0,0,6523,28672,987136,4096,432824,0.029,105472.0,244171.75,0,0,0,0,0,0,1,0,0,167581,0,0,0,14.08,0.0272,1.5518,0,0,1
389120,4,332,1302935608,2,271,7.8515,4.5545,7.8871,0.0,2.96,1,39,4,0,1,0,0,5300,5632,823296,1024,0,0.0068,97024.0,202943.5,0,0,0,0,0,0,1,0,0,379244,0,0,0,15.12,0.0067,69.9962,0,0,1
122848,7,332,1337918431,2,270,6.7051,2.1831,7.2883,0.0,2.4361,1,9,2,0,2,0,0,5024,14336,143360,1024,186560,0.1,17261.7143,17097.1429,0,0,0,0,0,0,1,0,1,2636,0,0,992,14.01,0.0972,0.872,3,0,1
684032,5,332,1212838559,2,8450,7.2329,5.1615,7.7901,2.0796,2.0303,1,59,5,0,2,34,0,57664,208896,692224,4096,688512,0.3018,135987.2,135658.0,0,0,0,0,0,0,1,0,1,31648,0,0,0,17.97,0.3003,0.9932,0,0,1
420864,3,332,1208112261,2,271,7.5234,5.6508,7.5714,3.2046,1.8211,1,0,0,0,0,0,0,45030,0,1310720,1024,0,0.0,139946.6667,433935.3333,0,0,0,0,0,0,1,0,0,11393,0,0,0,18.12,0.6244,102.1401,0,0,1
110176,4,332,1335428419,2,270,6.9954,4.1913,7.135,1.6613,1.9741,1,9,3,0,1,0,0,110256,102912,122880,1024,125219,0.8375,27008.0,26922.75,0,0,0,1,0,0,1,0,1,4044,0,0,1120,14.09,0.0,0.932,0,0,1
172032,9,332,1295047889,2,258,7.792,2.8387,7.889,0.4371,2.8708,1,27,3,0,0,1,0,4096,161280,221184,1024,207650,0.7292,19000.8889,21031.2222,0,0,0,0,0,1,1,0,1,980,0,0,0,15.37,0.7285,2.7844,5,0,1
433664,6,332,1213798911,1,258,7.8719,4.5121,7.9881,0.2558,2.5313,1,25,2,0,0,0,0,427070,60928,433664,1536,442820,0.1405,72021.3333,71737.5,0,0,0,0,1,0,1,0,1,768,0,0,0,17.94,0.139,0.8901,1,0,1
417792,4,332,1334572662,2,271,7.7732,6.3574,7.9415,3.1397,1.9462,2,63,3,0,3,0,0,5335,20480,991232,4096,463284,0.0207,103424.0,245124.5,0,0,0,0,0,0,1,0,0,167512,0,0,0,14.11,0.0198,9.7073,0,0,1
433664,6,332,1212818352,1,258,7.8741,4.5153,7.9891,0.2672,2.5294,1,25,2,0,0,0,0,427070,60928,433664,1536,491373,0.1405,72021.3333,71786.5,0,0,0,0,1,0,1,0,1,768,0,0,0,17.97,0.1391,0.8904,1,0,1
149088,4,332,1335998456,2,270,5.875,4.7258,5.9586,3.5025,0.9549,0,108,6,0,2,0,0,5568,135168,155648,1024,162995,0.8684,36736.0,36564.5,0,0,0,0,0,0,1,0,1,7304,0,0,1120,14.07,0.8684,0.8855,0,0,1
174080,4,332,1293164847,2,258,7.8595,5.4976,7.9357,0.0204,3.2209,2,253,5,1,1,1,0,85556,170496,204800,1024,175943,0.8325,43264.0,48427.5,0,0,0,0,1,1,1,0,1,16,0,0,0,15.43,0.9364,0.837,0,0,1
413696,4,332,1334989131,2,271,7.8105,6.4737,7.8975,3.6468,1.7298,2,58,2,0,3,0,0,5357,20480,987136,4096,425856,0.0207,102400.0,244073.0,0,0,0,0,0,0,1,0,0,167536,0,0,0,14.1,0.0199,1.5671,0,0,1
479232,4,332,1335379208,2,271,7.3374,6.384,7.8592,4.2067,1.3496,1,84,6,0,4,0,0,6976,28672,995328,4096,498379,0.0288,118784.0,246324.5,0,0,0,0,0,0,1,0,0,174676,0,0,0,14.09,0.0275,1.4138,0,0,1
417792,4,332,1332675903,2,271,7.662,6.7086,7.7652,3.77,1.6985,3,58,2,0,3,0,0,76137,94208,913408,4096,454612,0.1031,103424.0,223813.25,0,0,0,0,0,0,1,0,0,98559,0,0,0,14.17,0.099,1.4786,0,0,1
263680,9,332,1199997096,2,271,7.8035,5.6217,7.9808,0.0,2.3208,3,35,7,0,1,0,0,8192,18432,1363968,1024,283303800,0.0135,29184.0,149350.4444,0,0,0,1,0,0,1,0,0,2572,0,0,0,18.38,0.0135,26.2791,3,1,1
208896,5,332,1333985043,2,8450,6.3994,4.646,6.6441,2.6081,1.5101,0,114,7,11,3,2,0,77738,143360,225280,4096,239044,0.6364,40960.0,41488.0,1,1,0,1,0,0,1,0,1,1364,0,0,0,14.13,0.6214,1.1419,0,0,1
263680,9,332,1199997096,2,271,7.8035,5.6217,7.9808,0.0,2.3208,3,35,7,0,1,0,0,8192,18432,1363968,1024,7434576,0.0135,29184.0,149350.4444,0,0,0,1,0,0,1,0,0,2572,0,0,0,18.38,0.0135,26.2791,3,1,1
425984,4,332,1344152329,2,271,7.6747,5.1418,7.9036,0.713,2.6779,1,58,3,0,2,0,0,5584,36864,823296,4096,0,0.0448,105472.0,203303.5,0,0,0,0,0,0,1,0,0,10570,0,0,0,13.81,0.0431,9.0348,0,0,1
208896,5,332,1333757781,2,8450,6.1761,3.4731,6.6437,0.0,2.5784,0,114,7,11,3,2,0,77738,143360,225280,4096,234852,0.6364,40960.0,41481.6,1,1,0,1,0,0,1,0,1,1364,0,0,0,14.14,0.6214,1.1417,0,0,1
208896,5,332,1333759195,2,8450,6.1682,3.4285,6.6437,0.0,2.5833,0,114,7,11,3,2,0,77738,143360,225280,4096,264104,0.6364,40960.0,41437.6,1,1,0,1,0,0,1,0,1,1272,0,0,0,14.14,0.6214,1.1364,0,0,1
417792,4,332,1332675903,2,271,7.6645,6.7113,7.7668,3.77,1.6998,3,58,2,0,3,0,0,76137,94208,913408,4096,433317,0.1031,103424.0,223813.25,0,0,0,0,0,0,1,0,0,98559,0,0,0,14.17,0.099,1.4786,0,0,1
425984,4,332,1344193048,2,271,7.6754,5.1388,7.9036,0.7075,2.6795,1,58,3,0,2,0,0,5600,36864,823296,4096,0,0.0448,105472.0,203059.5,0,0,0,0,0,0,1,0,0,10570,0,0,0,13.81,0.0431,9.0148,0,0,1
430080,4,332,1343813193,2,271,7.6611,5.0959,7.9059,0.7144,2.6675,1,65,4,0,3,0,0,5728,36864,823296,4096,0,0.0448,106496.0,202498.5,0,0,0,0,0,0,1,0,0,13072,0,0,0,13.82,0.0432,6.9175,0,0,1
442368,4,332,1334507599,2,271,7.6223,6.0799,7.9142,2.5383,2.1014,2,91,7,0,3,0,0,7249,28672,892928,4096,495490,0.0321,109568.0,220941.0,0,0,0,0,0,0,1,0,0,67512,0,0,0,14.12,0.0309,5.564,0,0,1
352256,4,332,1331800726,2,271,7.7751,6.4914,7.9668,2.9157,2.0928,3,9,4,0,2,0,0,87064,90112,856064,4096,376417,0.1053,87040.0,210026.75,0,0,0,0,0,0,1,0,0,49479,0,0,0,14.2,0.1036,11.1421,0,0,1
129632,8,332,1334850499,2,270,6.8845,2.8973,7.0784,0.1603,2.8205,1,237,4,0,1,0,0,109760,112128,151552,1024,191831,0.7399,15936.0,15846.75,0,0,0,1,0,0,1,0,1,7132,0,0,1120,14.11,0.7104,0.9567,4,0,1
131168,9,332,1334996417,2,270,6.8575,2.5653,7.0836,0.1603,2.7652,1,243,4,0,1,0,0,109808,113152,155648,1024,172185,0.727,14336.0,14228.0,0,0,0,1,0,0,1,0,1,7132,0,0,1120,14.1,0.6923,0.9574,5,0,1
208896,5,332,1334668393,2,8450,6.4232,4.6627,6.6657,2.6032,1.5273,0,114,7,11,3,2,0,78314,143360,225280,4096,269538,0.6364,40960.0,41674.8,1,1,0,1,0,0,1,0,1,1364,0,0,0,14.11,0.6242,1.1444,0,0,1
131168,9,332,1335081626,2,270,6.8547,2.5654,7.0808,0.1603,2.765,1,243,4,0,1,0,0,109808,113152,155648,1024,143917,0.727,14336.0,14228.0,0,0,0,1,0,0,1,0,1,7132,0,0,1120,14.1,0.6923,0.9574,5,0,1
421888,4,332,1343978785,2,271,7.6611,4.8033,7.9037,0.7123,2.6562,1,60,3,0,2,0,0,5584,36864,823296,4096,0,0.0448,104448.0,202501.0,0,0,0,0,0,0,1,0,0,5194,0,0,0,13.82,0.0431,13.063,0,0,1
434176,6,332,1213803377,1,258,7.8703,4.514,7.9871,0.2672,2.5275,1,25,2,0,0,0,0,427582,60928,434176,1536,496583,0.1403,72106.6667,71804.8333,0,0,0,0,1,0,1,0,1,768,0,0,0,17.94,0.1389,0.8901,1,0,1
409600,4,332,1342474982,2,271,7.6818,6.08,7.9849,4.978,1.2274,1,49,5,0,2,0,0,6328,12288,827392,4096,0,0.0149,101376.0,203237.0,0,0,0,0,0,0,1,0,0,333272,0,0,0,13.86,0.014,7.2834,0,0,1
96297,4,332,1332524415,2,270,7.4026,4.4306,7.5264,2.0767,2.2242,1,7,2,0,1,0,0,4880,2048,106496,1024,134165,0.0192,23552.0,23246.0,0,0,0,1,0,0,1,0,1,1636,0,0,1065,14.18,0.0184,0.7559,0,0,1
377856,5,332,1195368970,2,258,7.8958,6.2802,7.9354,1.7223,2.3723,3,212,6,0,1,0,0,76888,87040,925696,1024,421372,0.094,75366.4,184320.0,0,0,0,0,0,1,1,0,1,15539,0,0,0,18.53,0.0973,211.0112,0,0,1
137216,6,332,1301029282,2,258,7.4243,5.2193,7.1758,1.7976,1.9301,1,5,2,1,0,1,0,18084,24576,282624,1024,186836,0.087,22698.6667,44266.6667,0,0,0,0,0,0,1,0,1,2000,0,0,0,15.18,0.5485,1.725,0,0,1
442368,5,332,1335725530,2,271,7.6042,4.5676,7.8239,0.0,2.6551,1,69,4,0,4,0,0,6539,28672,819200,4096,499941,0.035,87654.4,161055.6,0,0,0,0,0,0,1,0,0,17116,0,0,0,14.08,0.0328,19.2091,0,0,1
433664,6,332,1213803033,1,258,7.8723,4.5123,7.9881,0.2651,2.5289,1,25,2,0,0,0,0,427070,60928,433664,1536,460775,0.1405,72021.3333,71753.5,0,0,0,0,1,0,1,0,1,768,0,0,0,17.94,0.139,0.8901,1,0,1
148480,4,332,1343811892,2,258,7.4464,5.9167,7.9771,5.0351,1.2111,1,455,11,0,5,0,0,20799,39424,159744,1024,96237,0.2468,36864.0,36936.0,1,1,0,1,1,0,1,0,1,94268,0,0,0,13.82,0.2447,0.9878,0,0,1
393216,4,332,1343592957,2,271,7.7272,6.7686,7.9207,5.9639,0.7345,1,39,2,0,2,0,0,5464,12288,823296,4096,0,0.0149,97280.0,203186.0,0,0,0,0,0,0,1,0,0,6946,0,0,0,13.83,0.0142,14.0638,0,0,1
177152,4,332,1300999631,2,258,7.8185,6.1955,7.8924,3.3124,1.7494,2,20,3,0,0,1,0,123874,158720,184320,1024,192157,0.8611,44032.0,43791.5,0,0,0,0,0,1,1,0,1,2690,0,0,0,15.18,0.8599,0.9426,0,0,1
142432,6,332,1336212021,2,270,6.0593,3.1326,6.2458,0.0,2.3836,0,104,6,0,2,0,0,5472,126464,155648,1024,174035,0.8125,23381.3333,23193.3333,0,0,0,0,0,0,1,0,1,7304,0,0,1120,14.06,0.8232,0.9094,2,0,1
195232,8,332,1342213203,2,270,4.9238,1.1812,6.0485,0.0,2.1256,0,10,3,0,2,0,0,5248,145408,217088,1024,233811,0.6698,24000.0,23909.75,0,0,0,0,0,0,0,0,1,0,0,0,2208,13.87,0.6684,0.9138,5,0,1
110688,5,332,1335272513,2,270,6.9688,4.2916,7.124,1.5546,1.8351,1,7,2,0,2,0,0,5152,103424,122880,1024,135352,0.8417,21708.8,21498.8,0,0,0,1,0,0,1,0,1,4044,0,0,1120,14.09,0.0137,0.8731,1,0,1
95272,3,332,1333490425,2,270,7.5708,4.532,7.6151,2.0939,2.2997,1,10,4,0,1,0,0,4720,92160,106496,512,103975,0.8654,31232.0,30979.3333,0,0,0,1,0,0,0,0,1,0,0,0,1064,14.15,0.8608,0.7899,0,0,1
409600,4,332,1342474982,2,271,7.6829,6.0723,7.9857,4.9456,1.235,1,49,5,0,2,0,0,6328,12288,827392,4096,0,0.0149,101376.0,203237.0,0,0,0,0,0,0,1,0,0,333272,0,0,0,13.86,0.014,7.2834,0,0,1
301096,4,332,1334191324,2,270,7.6239,5.9886,7.7031,4.369,1.2143,1,584,4,1,3,0,0,271584,272384,307200,1024,301835,0.8867,74752.0,74559.0,0,0,0,1,0,0,1,0,1,7132,0,0,1064,14.13,0.8857,0.9729,0,0,1
394240,4,332,1326871294,2,271,7.8193,4.5899,7.8523,0.0,2.9727,1,39,4,0,1,0,20,5116,5632,823296,1024,0,0.0068,98304.0,203209.5,0,0,0,0,0,0,1,0,0,384476,0,0,0,14.36,0.0066,69.3264,0,0,1
110176,4,332,1335805282,2,270,6.9992,4.1768,7.1395,1.665,1.9717,1,9,2,0,1,0,0,110272,102912,122880,1024,134994,0.8375,27008.0,26917.75,0,0,0,1,0,0,1,0,1,4044,0,0,1120,14.08,0.0,0.9145,0,0,1
434176,6,332,1212816047,1,258,7.8708,4.5121,7.9875,0.2551,2.5311,1,25,2,0,0,0,0,427582,60928,434176,1536,444743,0.1403,72106.6667,71814.1667,0,0,0,0,1,0,1,0,1,768,0,0,0,17.97,0.1389,0.8901,1,0,1
130144,8,332,1334818095,2,270,6.8677,2.8724,7.0776,0.1603,2.7971,1,238,4,0,1,0,0,109696,112128,151552,1024,142101,0.7399,16000.0,15858.0,0,0,0,1,0,0,1,0,1,7132,0,0,1120,14.11,0.7102,0.9497,4,0,1
417792,4,332,1332576541,2,271,7.667,6.7226,7.769,3.8067,1.6852,3,60,2,0,4,0,0,76217,94208,913408,4096,461122,0.1031,103424.0,223846.75,0,0,0,0,0,0,1,0,0,98559,0,0,0,14.18,0.0991,1.4805,0,0,1
405504,4,332,1343502777,2,271,7.6526,7.1282,7.823,6.3442,0.6368,2,39,2,0,2,0,0,5416,12288,823296,4096,0,0.0149,100352.0,203050.0,0,0,0,0,0,0,1,0,0,98746,0,0,0,13.83,0.0141,1.9518,0,0,1
442368,5,332,1335808610,2,271,7.5868,4.5562,7.8139,0.0,2.6539,1,68,4,0,3,0,0,6533,28672,819200,4096,503578,0.035,87654.4,161043.6,0,0,0,0,0,0,1,0,0,17116,0,0,0,14.08,0.0328,19.2079,0,0,1
409600,4,332,1332407685,2,271,7.209,6.5106,7.7737,4.0743,1.4355,2,73,6,0,4,0,0,76383,94208,815104,4096,460290,0.1156,101376.0,199600.25,0,0,0,0,0,0,1,0,0,53605,0,0,0,14.18,0.1112,1.3092,0,0,1
434176,6,332,1212822663,1,258,7.8719,4.5154,7.9877,0.2679,2.528,1,25,2,0,0,0,0,427582,60928,434176,1536,446375,0.1403,72106.6667,71813.1667,0,0,0,0,1,0,1,0,1,768,0,0,0,17.97,0.139,0.8902,1,0,1
434176,4,332,1333707682,2,271,7.6197,6.1068,7.8824,2.2392,2.2965,2,79,7,0,3,0,0,5619,20480,1044480,4096,465870,0.0196,107520.0,258041.5,0,0,0,0,0,0,1,0,0,218542,0,0,0,14.14,0.0191,7.1611,0,0,1
127968,7,332,1338086490,2,270,6.6936,2.68,7.2868,0.0,2.6731,1,33,4,0,2,0,0,6000,15360,147456,1024,160570,0.1042,17993.1429,17925.1429,0,0,0,0,0,0,1,0,1,6004,0,0,992,14.0,0.1021,0.9484,3,0,1
421888,4,332,1343908395,2,271,7.6636,4.8042,7.9047,0.7085,2.6578,1,62,4,0,2,0,0,5616,36864,823296,4096,0,0.0448,104448.0,202528.0,0,0,0,0,0,0,1,0,0,5194,0,0,0,13.82,0.0431,13.0632,0,0,1
405504,4,332,1341777124,2,271,7.5536,4.6776,7.9637,0.8841,2.7072,1,44,3,0,2,0,0,6339,12288,782336,4096,0,0.0157,100352.0,192717.0,0,0,0,0,0,0,1,0,0,341016,0,0,0,13.89,0.0149,4.7742,0,0,1
503808,4,332,1342254043,2,271,6.8326,5.3669,7.9763,2.0017,2.1686,1,45,4,0,2,0,0,6355,20480,827392,4096,0,0.0248,124928.0,203348.0,0,0,0,0,0,0,1,0,0,336706,0,0,0,13.87,0.0217,5.8487,0,0,1
466944,4,332,1335342692,2,271,7.4333,6.4455,7.8214,4.2583,1.348,2,87,5,0,4,0,0,7018,28672,995328,4096,527558,0.0288,115712.0,245323.0,0,0,0,0,0,0,1,0,0,172464,0,0,0,14.09,0.0275,1.4474,0,0,1
177664,4,332,1307786444,2,258,7.8025,5.6621,7.9007,3.4802,1.672,1,17,2,0,0,1,0,142165,164352,188416,1024,237246,0.8723,44160.0,43984.5,0,0,0,0,0,1,1,0,1,3356,0,0,0,14.96,0.8721,0.9562,0,0,1
434176,6,332,1213802347,1,258,7.8715,4.5135,7.9875,0.2661,2.5287,1,25,2,0,0,0,0,427582,60928,434176,1536,488108,0.1403,72106.6667,71809.5,0,0,0,0,1,0,1,0,1,768,0,0,0,17.94,0.139,0.8902,1,0,1
430080,4,332,1334823586,2,271,7.658,6.4713,7.8638,3.9274,1.5556,2,74,5,0,3,0,0,5544,20480,987136,4096,490581,0.0207,106496.0,244169.5,0,0,0,0,0,0,1,0,0,167536,0,0,0,14.11,0.0201,1.5194,0,0,1
221184,5,332,1332481582,2,8450,6.2472,3.514,6.6672,0.0131,2.5707,0,114,7,11,3,2,0,84506,151552,237568,4096,241671,0.6379,43417.6,44662.4,1,1,0,1,0,0,1,0,1,1364,0,0,0,14.18,0.6294,1.1707,0,0,1
405504,4,332,1343329266,2,271,7.6817,6.4133,7.9213,3.4641,1.8127,2,41,2,0,2,0,0,5560,12288,823296,4096,0,0.0149,100352.0,202796.5,0,0,0,0,0,0,1,0,0,101620,0,0,0,13.84,0.0143,1.9671,0,0,1
413696,4,332,1335031099,2,271,7.8043,6.4707,7.8962,3.6455,1.7283,2,58,2,0,3,0,0,5363,20480,987136,4096,473029,0.0207,102400.0,244073.0,0,0,0,0,0,0,1,0,0,167536,0,0,0,14.1,0.0199,1.5671,0,0,1
413696,4,332,1341321576,2,271,7.3147,6.4002,7.8068,4.4389,1.3004,2,45,2,0,2,0,0,6232,16384,782336,4096,0,0.0209,102400.0,193058.0,0,0,0,0,0,0,1,0,0,14000,0,0,0,13.9,0.0183,1.7938,0,0,1
129632,8,332,1334872884,2,270,6.8865,2.8988,7.0799,0.1603,2.8215,1,237,4,0,1,0,0,109760,112128,151552,1024,159153,0.7399,15936.0,15846.75,0,0,0,1,0,0,1,0,1,7132,0,0,1120,14.11,0.7104,0.9567,4,0,1
475136,4,332,1335379208,2,271,7.3442,6.3882,7.875,4.2067,1.3541,1,84,6,0,4,0,0,6976,28672,991232,4096,522385,0.0289,117760.0,245632.5,0,0,0,0,0,0,1,0,0,171908,0,0,0,14.09,0.0276,1.4157,0,0,1
458752,4,332,1335109490,2,271,7.4656,6.4953,7.8683,4.365,1.318,2,95,6,0,3,0,0,7354,28672,987136,4096,483906,0.029,113664.0,243997.0,0,0,0,0,0,0,1,0,0,167536,0,0,0,14.1,0.0281,1.4606,0,0,1
479232,4,332,1335379208,2,271,7.3508,6.3882,7.88,4.2067,1.355,1,84,6,0,4,0,0,6976,28672,995328,4096,496459,0.0288,118784.0,246680.5,0,0,0,0,0,0,1,0,0,176100,0,0,0,14.09,0.0275,1.4158,0,0,1
98857,7,332,1332816047,2,270,7.4972,2.8763,7.7217,0.0,2.6173,1,5,2,0,1,0,0,4704,2048,118784,1024,129734,0.0172,13824.0,13551.5714,0,0,0,1,0,0,1,0,1,1636,0,0,1065,14.17,0.0159,0.779,3,0,1
409600,4,332,1342552538,2,271,7.6817,6.075,7.9851,4.9688,1.2329,1,46,3,0,2,0,0,6260,12288,827392,4096,0,0.0149,101376.0,203205.0,0,0,0,0,0,0,1,0,0,333272,0,0,0,13.86,0.014,7.2827,0,0,1
136288,7,332,1334709624,2,270,6.855,3.4026,6.9987,0.1603,2.9046,0,414,5,1,1,0,0,110752,113152,151552,1024,182601,0.7466,19163.4286,19075.4286,0,0,0,1,0,0,1,0,1,7132,0,0,1120,14.11,0.7242,0.9837,3,0,1
421888,4,332,1343908395,2,271,7.6637,4.804,7.9049,0.7071,2.6583,1,62,4,0,2,0,0,5616,36864,823296,4096,0,0.0448,104448.0,202528.0,0,0,0,0,0,0,1,0,0,5194,0,0,0,13.82,0.0431,13.0632,0,0,1
367616,4,332,1305462840,2,271,7.859,3.7844,7.9442,0.0822,2.7999,1,39,4,0,0,0,33,7196,9216,823296,1024,0,0.0112,91648.0,202606.5,0,0,0,0,0,0,1,0,0,353956,0,0,0,15.04,0.0109,73.3281,0,0,1
462848,4,332,1345445757,2,271,7.5515,6.8727,7.9146,6.0032,0.8205,2,75,5,0,2,1,0,7232,57344,823296,4096,0,0.0697,114688.0,203303.75,0,0,0,0,0,0,1,0,0,169760,0,0,0,13.77,0.0667,1.4855,0,0,1
150569,10,332,1333251849,2,270,6.9394,2.3679,7.5226,0.0,2.9954,1,737,9,162,3,0,0,5120,98304,176128,1024,194546,0.5581,14848.0,14785.0,0,0,0,1,0,0,1,0,1,20568,0,0,1065,14.16,0.5575,0.9839,6,0,1
458752,4,332,1335109490,2,271,7.464,6.4948,7.8671,4.365,1.3177,2,95,6,0,3,0,0,7354,28672,987136,4096,478108,0.029,113664.0,243997.0,0,0,0,0,0,0,1,0,0,167536,0,0,0,14.1,0.0281,1.4606,0,0,1
378880,4,332,1326871294,2,271,7.8798,4.5717,7.9143,0.0626,2.9714,1,39,4,0,1,0,0,5440,5632,823296,1024,0,0.0068,94464.0,202349.0,0,0,0,0,0,0,1,0,0,368674,0,0,0,14.36,0.0067,71.3293,0,0,1
433664,6,332,1212820859,1,258,7.8735,4.5153,7.9885,0.2672,2.5297,1,25,2,0,0,0,0,427070,60928,433664,1536,455140,0.1405,72021.3333,71790.1667,0,0,0,0,1,0,1,0,1,768,0,0,0,17.97,0.1393,0.8905,1,0,1
442368,4,332,1344692537,2,271,7.4928,5.6237,7.7319,4.006,1.4571,1,72,4,0,2,1,0,5968,45056,823296,4096,0,0.0547,109568.0,201840.75,0,0,0,0,0,0,1,0,0,4444,0,0,0,13.79,0.0529,12.2222,0,0,1
333312,4,332,1329409810,2,271,7.9554,4.1528,7.989,0.0744,2.8069,1,39,4,0,0,0,0,6496,6656,778240,4096,0,0.0086,83072.0,192048.0,0,0,0,0,0,0,1,0,0,322410,0,0,0,14.28,0.0082,72.0088,0,0,1
402944,6,332,1272498895,1,258,7.9004,4.6992,7.9881,0.2517,2.5088,1,54,2,0,1,0,0,396606,47744,402944,1152,446684,0.1185,66965.3333,66895.8333,0,0,0,0,1,0,1,0,1,776,0,0,0,16.08,0.118,0.9635,1,0,1
221184,5,332,1331949117,2,8450,6.2189,3.5318,6.6444,0.0,2.5442,0,115,7,11,3,2,0,83722,151552,237568,4096,248098,0.6379,43417.6,44330.4,1,1,0,1,0,0,1,0,1,1284,0,0,0,14.2,0.6256,1.1605,0,0,1
413696,4,332,1335031099,2,271,7.8078,6.4715,7.8977,3.6455,1.7287,2,58,2,0,3,0,0,5363,20480,987136,4096,433803,0.0207,102400.0,244073.0,0,0,0,0,0,0,1,0,0,167536,0,0,0,14.1,0.0199,1.5671,0,0,1
147496,4,332,1333999265,2,270,6.7566,5.8315,6.8295,4.3642,0.936,0,694,4,1,6,0,0,113744,115200,155648,1024,209442,0.7401,36352.0,36136.5,0,0,0,1,0,0,1,0,1,7132,0,0,1064,14.13,0.7372,0.9759,0,0,1
464384,6,332,1215808098,1,258,7.8705,4.5129,7.9887,0.2013,2.5305,1,26,2,0,0,0,0,457790,60416,464384,1536,492606,0.1301,77141.3333,76879.1667,0,0,0,0,1,0,1,0,1,800,0,0,0,17.88,0.1292,0.9024,1,0,1
417792,4,332,1332675903,2,271,7.6564,6.7018,7.7643,3.77,1.6951,3,58,2,0,3,0,0,76137,94208,913408,4096,439595,0.1031,103424.0,223813.25,0,0,0,0,0,0,1,0,0,98559,0,0,0,14.17,0.099,1.4786,0,0,1
195232,8,332,1342322464,2,270,4.9212,1.1808,6.0452,0.0,2.1246,0,10,3,0,2,0,0,5248,145408,217088,1024,253200,0.6698,24000.0,23909.75,0,0,0,0,0,0,0,0,1,0,0,0,2208,13.87,0.6684,0.9138,5,0,1
371808,6,332,1334645414,2,270,6.5696,3.8651,6.5737,0.1603,2.7128,0,414,5,1,1,0,0,347088,348672,385024,1024,433152,0.9056,61610.6667,61515.0,0,0,0,1,0,0,1,0,1,7132,0,0,1120,14.11,0.8994,0.9859,2,0,1
466944,4,332,1335342692,2,271,7.4707,6.4589,7.8748,4.2583,1.3618,2,87,5,0,4,0,0,7018,28672,995328,4096,489916,0.0288,115712.0,246239.0,0,0,0,0,0,0,1,0,0,176128,0,0,0,14.09,0.0275,1.4526,0,0,1
442368,5,332,1335725530,2,271,7.6051,4.567,7.8235,0.0,2.655,1,69,4,0,4,0,0,6539,28672,819200,4096,476086,0.035,87654.4,161055.6,0,0,0,0,0,0,1,0,0,17116,0,0,0,14.08,0.0328,19.2091,0,0,1
129632,8,332,1334903049,2,270,6.8839,2.8971,7.0778,0.1603,2.8203,1,237,4,0,1,0,0,109760,112128,151552,1024,163326,0.7399,15936.0,15846.75,0,0,0,1,0,0,1,0,1,7132,0,0,1120,14.1,0.7104,0.9567,4,0,1
208896,5,332,1333759436,2,8450,6.3906,4.6356,6.6439,2.6059,1.4996,0,114,7,11,3,2,0,77738,143360,225280,4096,214614,0.6364,40960.0,41443.2,1,1,0,1,0,0,1,0,1,1364,0,0,0,14.14,0.6214,1.1405,0,0,1
131168,9,332,1335021626,2,270,6.8577,2.5653,7.0836,0.1603,2.7652,1,243,4,0,1,0,0,109808,113152,155648,1024,151518,0.727,14336.0,14228.0,0,0,0,1,0,0,1,0,1,7132,0,0,1120,14.1,0.6923,0.9574,5,0,1
173056,4,332,1306936757,2,258,7.8268,5.613,7.8933,3.2973,1.6692,1,19,2,0,0,1,0,145675,162304,184320,1024,221362,0.8806,43008.0,42721.0,0,0,0,0,0,1,1,0,1,856,0,0,0,14.99,0.8786,0.9343,0,0,1
466944,4,332,1333049654,2,271,7.2899,5.5273,7.6364,1.6496,2.3031,1,80,4,0,3,0,0,6519,24576,856064,4096,483861,0.0287,115712.0,210566.5,0,0,0,0,0,0,1,0,0,32422,0,0,0,14.16,0.0243,4.3348,0,0,1
417792,4,332,1332576541,2,271,7.667,6.7219,7.7702,3.8067,1.6848,3,60,2,0,4,0,0,76217,94208,913408,4096,448529,0.1031,103424.0,223846.75,0,0,0,0,0,0,1,0,0,98559,0,0,0,14.18,0.0991,1.4805,0,0,1
434176,4,332,1334914772,2,271,7.6145,6.4231,7.8649,3.8072,1.5909,2,68,4,0,3,0,0,5536,20480,987136,4096,434443,0.0207,107520.0,244193.0,0,0,0,0,0,0,1,0,0,167536,0,0,0,14.1,0.0201,1.4978,0,0,1
208896,5,332,1333761802,2,8450,6.3921,4.6374,6.6439,2.6041,1.5029,0,114,7,11,3,2,0,77738,143360,225280,4096,244397,0.6364,40960.0,41456.0,1,1,0,1,0,0,1,0,1,1364,0,0,0,14.14,0.6214,1.1409,0,0,1
260136,5,332,1332602427,2,270,7.6743,3.5437,7.7295,0.0,2.729,1,5,2,0,1,0,0,4128,2048,274432,1024,325645,0.0075,51609.6,51400.8,0,0,0,1,0,0,1,0,1,1636,0,0,1064,14.18,0.0069,0.7894,1,0,1
503808,5,332,1335900359,2,271,7.0472,4.4954,7.1962,0.0,2.5019,1,78,6,0,3,0,0,8020,32768,819200,4096,516609,0.04,99942.4,161011.2,0,0,0,0,0,0,1,0,0,17116,0,0,0,14.07,0.0371,16.2207,0,0,1
313384,6,332,1334307015,2,270,7.4835,4.0455,7.567,0.1603,2.9045,1,584,4,1,3,0,0,282192,284672,323584,1024,331713,0.8797,51882.6667,51764.3333,0,0,0,1,0,0,1,0,1,7132,0,0,1064,14.12,0.8729,0.9742,2,0,1
433664,6,332,1213897038,1,258,7.8729,4.5159,7.9883,0.2664,2.53,1,25,2,0,0,0,0,427070,60928,433664,1536,485449,0.1405,72021.3333,71771.5,0,0,0,0,1,0,1,0,1,768,0,0,0,17.94,0.1393,0.8904,1,0,1
430080,4,332,1343820636,2,271,7.6608,5.0953,7.905,0.7112,2.6687,1,64,4,0,3,0,0,5728,36864,823296,4096,0,0.0448,106496.0,202491.0,0,0,0,0,0,0,1,0,0,13072,0,0,0,13.82,0.0432,6.9175,0,0,1
221184,5,332,1332478566,2,8450,6.246,3.5138,6.6665,0.0131,2.5709,0,114,7,11,3,2,0,84506,151552,237568,4096,255164,0.6379,43417.6,44659.2,1,1,0,1,0,0,1,0,1,1364,0,0,0,14.18,0.6294,1.1706,0,0,1
466944,4,332,1333049654,2,271,7.2949,5.5341,7.6392,1.6424,2.3101,1,80,4,0,3,0,0,6519,24576,856064,4096,491319,0.0287,115712.0,210566.5,0,0,0,0,0,0,1,0,0,32422,0,0,0,14.16,0.0243,4.3348,0,0,1
169984,8,332,708992537,2,33166,6.6019,3.0124,6.6898,0.0,2.5427,0,44,6,0,2,0,0,161972,158208,196608,1024,0,0.8047,21056.0,21105.375,0,0,0,0,0,0,1,1,1,4208,0,1,512,33.94,0.8045,0.7632,1,0,1
438272,4,332,1333397172,2,271,7.5781,7.1385,7.6983,6.6367,0.4746,2,75,6,0,3,0,0,6137,20480,856064,4096,474654,0.0239,108544.0,211420.75,0,0,0,0,0,0,1,0,0,31947,0,0,0,14.15,0.0239,1.3633,0,0,1
110176,4,332,1335600112,2,270,6.9954,4.1762,7.1353,1.665,1.97,1,9,2,0,1,0,0,110272,102912,122880,1024,114251,0.8375,27008.0,26917.75,0,0,0,1,0,0,1,0,1,4044,0,0,1120,14.08,0.0,0.9145,0,0,1
413696,4,332,1335031099,2,271,7.808,6.4721,7.8967,3.6455,1.7292,2,58,2,0,3,0,0,5363,20480,987136,4096,428460,0.0207,102400.0,244073.0,0,0,0,0,0,0,1,0,0,167536,0,0,0,14.1,0.0199,1.5671,0,0,1
110176,4,332,1335363671,2,270,6.9927,4.1752,7.1327,1.5771,2.0007,1,9,3,0,1,0,0,110208,102912,122880,1024,157286,0.8375,27008.0,26906.75,0,0,0,1,0,0,1,0,1,4044,0,0,1120,14.09,0.0,0.9279,0,0,1
417792,4,332,1332675903,2,271,7.6586,6.7057,7.7665,3.77,1.6971,3,58,2,0,3,0,0,76137,94208,913408,4096,439302,0.1031,103424.0,223813.25,0,0,0,0,0,0,1,0,0,98559,0,0,0,14.17,0.099,1.4786,0,0,1
409600,4,332,1341523794,2,271,7.4787,4.6199,7.9752,0.6748,2.783,1,47,3,0,3,0,0,6096,12288,782336,4096,0,0.0157,101376.0,193703.5,0,0,0,0,0,0,1,0,0,339194,0,0,0,13.89,0.0147,4.7586,0,0,1
364032,4,332,1300731694,2,271,7.9078,4.5183,7.9439,0.0678,2.9323,1,39,4,0,1,0,0,5220,5632,823296,1024,0,0.0068,90752.0,202695.5,0,0,0,0,0,0,1,0,0,353956,0,0,0,15.19,0.0064,73.9836,0,0,1
284184,7,332,1332266336,2,270,7.6394,3.9182,7.7163,0.0,2.7891,1,275,5,8,1,0,0,4928,4096,299008,1024,315730,0.0137,40301.7143,40112.0,0,0,0,1,0,0,1,0,1,1716,0,0,1048,14.19,0.0124,0.9498,3,0,1
421888,4,332,1333619166,2,271,7.7343,7.2124,7.8751,6.6295,0.5759,2,65,5,0,3,0,0,5927,20480,856064,4096,481403,0.0239,104448.0,210825.25,0,0,0,0,0,0,1,0,0,31947,0,0,0,14.15,0.0236,2.0376,0,0,1
434688,6,332,1208451763,1,258,7.87,4.4078,7.9884,0.2681,2.5374,1,21,2,0,0,0,0,428094,61952,434688,1536,483409,0.1425,72192.0,71935.1667,0,0,0,0,1,0,1,0,1,768,0,0,0,18.11,0.1409,0.8741,1,0,1
393216,4,332,1343718681,2,271,7.731,6.7774,7.9223,5.9625,0.7316,1,46,3,0,3,0,0,5592,12288,823296,4096,0,0.0149,97280.0,203274.0,0,0,0,0,0,0,1,0,0,6946,0,0,0,13.83,0.0143,14.0666,0,0,1
413696,4,332,1342295985,2,271,7.6712,6.0724,7.9757,4.9766,1.2291,1,42,4,0,2,0,0,6339,12288,827392,4096,0,0.0149,102400.0,203795.5,0,0,0,0,0,0,1,0,0,336706,0,0,0,13.87,0.014,7.2665,0,0,1
413696,4,332,1335031099,2,271,7.8079,6.4717,7.8967,3.6455,1.729,2,58,2,0,3,0,0,5363,20480,987136,4096,473965,0.0207,102400.0,244073.0,0,0,0,0,0,0,1,0,0,167536,0,0,0,14.1,0.0199,1.5671,0,0,1
95272,3,332,1333555212,2,270,7.573,4.4254,7.6192,1.9835,2.3614,1,9,4,0,1,0,0,4720,92160,106496,512,114275,0.8654,31232.0,30973.3333,0,0,0,1,0,0,0,0,1,0,0,0,1064,14.15,0.8611,0.7731,0,0,1
284184,7,332,1332248170,2,270,7.639,3.9191,7.7158,0.0,2.7887,1,275,5,8,1,0,0,4928,4096,299008,1024,334612,0.0137,40301.7143,40112.0,0,0,0,1,0,0,1,0,1,1716,0,0,1048,14.19,0.0124,0.9498,3,0,1
131168,9,332,1334991675,2,270,6.8576,2.5658,7.0836,0.1603,2.7656,1,243,4,0,1,0,0,109808,113152,155648,1024,196536,0.727,14336.0,14228.0,0,0,0,1,0,0,1,0,1,7132,0,0,1120,14.1,0.6923,0.9574,5,0,1
208384,7,332,1326821167,2,258,6.8952,4.153,6.6089,0.9727,2.6455,0,32,6,0,0,3,0,80451,169472,229376,1024,218813,0.7388,29622.8571,29376.4286,0,0,0,0,0,1,1,0,1,4398,1,0,0,14.36,0.7375,0.6723,3,0,1
208896,5,332,1333758254,2,8450,6.3944,4.641,6.6444,2.5972,1.5069,0,114,7,11,3,2,0,77738,143360,225280,4096,268692,0.6364,40960.0,41468.8,1,1,0,1,0,0,1,0,1,1364,0,0,0,14.14,0.6214,1.1413,0,0,1
475136,4,332,1335291770,2,271,7.3979,6.4082,7.8215,4.1919,1.3643,2,84,4,0,4,0,0,7012,28672,999424,4096,526550,0.0287,117760.0,247112.0,0,0,0,0,0,0,1,0,0,176956,0,0,0,14.09,0.0274,1.4346,0,0,1
434176,6,332,1213886148,1,258,7.8712,4.5146,7.9876,0.2677,2.5277,1,25,2,0,0,0,0,427582,60928,434176,1536,495428,0.1403,72106.6667,71813.1667,0,0,0,0,1,0,1,0,1,768,0,0,0,17.94,0.1389,0.8901,1,0,1
263680,9,332,1199997096,2,271,7.8035,5.6217,7.9808,0.0,2.3208,3,35,7,0,1,0,0,8192,18432,1363968,1024,1287628911,0.0135,29184.0,149350.4444,0,0,0,1,0,0,1,0,0,2572,0,0,0,18.38,0.0135,26.2791,3,1,1
454656,4,332,1333049649,2,271,7.4186,5.7914,7.6398,2.6723,1.8795,1,85,5,0,3,0,0,6469,24576,856064,4096,490509,0.0287,112640.0,211277.5,0,0,0,0,0,0,1,0,0,32422,0,0,0,14.16,0.0242,7.0433,0,0,1
391168,4,332,0,2,271,7.8421,4.5688,7.882,0.0,2.9696,1,39,4,0,0,0,0,5276,5632,823296,1024,0,0.0068,97536.0,203374.0,0,0,0,0,0,0,1,0,0,380434,0,0,0,56.4,0.0067,70.0173,0,0,1
417792,4,332,1334652129,2,271,7.7719,6.3614,7.9406,3.1688,1.9334,2,62,3,0,3,0,0,5299,20480,991232,4096,463153,0.0207,103424.0,245109.5,0,0,0,0,0,0,1,0,0,167512,0,0,0,14.11,0.0198,9.7069,0,0,1
206336,6,332,1328863219,2,258,6.8807,4.8219,6.6205,1.3091,2.2442,0,30,7,0,1,3,0,98338,165888,225280,1024,239406,0.7364,34218.6667,33967.1667,0,0,0,0,0,1,1,0,1,5814,0,0,0,14.3,0.7356,0.7784,2,0,1
394240,4,332,1302935608,2,271,7.8205,4.6148,7.8529,0.0,2.978,1,39,4,0,1,0,0,5488,5632,823296,1024,0,0.0068,98304.0,203223.5,0,0,0,0,0,0,1,0,0,384476,0,0,0,15.12,0.0067,69.3289,0,0,1
442880,4,332,1305462840,2,271,7.5515,4.0336,7.619,0.0895,2.6756,1,39,4,0,0,0,0,6192,8704,819200,1024,0,0.0106,110464.0,201979.5,0,0,0,0,0,0,1,0,0,429904,0,0,0,15.04,0.0102,60.6577,0,0,1
97321,5,332,1332569995,2,270,7.5607,3.5403,7.7151,0.0,2.7249,1,5,2,0,1,0,0,4128,2048,110592,1024,100693,0.0185,19046.4,18771.2,0,0,0,1,0,0,1,0,1,1636,0,0,1065,14.18,0.0171,0.7886,1,0,1
181248,3,332,1301509452,2,258,7.7073,7.1522,7.7436,6.1405,0.7187,2,255,5,0,1,1,0,20932,178176,294912,1024,210277,0.6042,60074.6667,95619.6667,0,0,0,0,1,0,1,0,1,16,0,0,0,15.16,0.9668,1.1914,0,0,1
164512,5,332,1342732785,2,270,5.6717,2.0696,7.0712,0.0,2.7775,1,9,2,0,2,0,0,5088,117760,176128,1024,218656,0.6686,32256.0,32091.0,0,0,0,0,0,0,0,0,1,0,0,0,2208,13.86,0.6661,0.8787,2,0,1
367616,4,332,1305462840,2,271,7.859,3.7928,7.9441,0.0822,2.7995,1,39,4,0,0,0,0,7388,9216,823296,1024,0,0.0112,91648.0,202613.5,0,0,0,0,0,0,1,0,0,353956,0,0,0,15.04,0.0109,73.3289,0,0,1
352256,4,332,1331800726,2,271,7.7713,6.4923,7.966,2.9711,2.0652,3,9,4,0,2,0,0,87064,90112,856064,4096,368868,0.1053,87040.0,210026.75,0,0,0,0,0,0,1,0,0,49479,0,0,0,14.2,0.1036,11.1421,0,0,1
421888,4,332,1333570409,2,271,7.7326,7.2081,7.8753,6.6179,0.5801,2,63,4,0,3,0,0,5873,20480,856064,4096,431278,0.0239,104448.0,210782.75,0,0,0,0,0,0,1,0,0,31947,0,0,0,14.15,0.0236,2.0367,0,0,1
504320,4,332,0,2,271,6.6183,4.2348,6.643,0.0,2.6354,0,39,4,0,0,0,0,5308,5632,888832,1024,0,0.0063,125824.0,219404.0,0,0,0,0,0,0,1,0,0,493746,0,0,0,56.4,0.0062,62.0157,0,0,1
284184,5,332,1332077111,2,270,7.6641,5.49,7.7183,3.042,1.4996,1,337,7,7,1,0,0,4976,4096,294912,1024,285926,0.0139,56422.4,56262.0,0,0,0,1,0,0,1,0,1,1716,0,0,1048,14.19,0.0134,0.9342,1,0,1
409600,4,332,1341301058,2,271,7.3136,6.2606,7.8041,3.8934,1.5088,2,45,2,0,2,0,0,6504,16384,782336,4096,0,0.0209,101376.0,192750.0,0,0,0,0,0,0,1,0,0,8624,0,0,0,13.9,0.0183,1.7655,0,0,1
425984,4,332,1344193048,2,271,7.6733,5.1371,7.9022,0.7077,2.6787,1,58,3,0,2,0,0,5600,36864,823296,4096,0,0.0448,105472.0,203059.5,0,0,0,0,0,0,1,0,0,10570,0,0,0,13.81,0.0431,9.0148,0,0,1
208896,5,332,1333756130,2,8450,6.3876,4.6328,6.644,2.6079,1.494,0,114,7,11,3,2,0,77738,143360,225280,4096,217036,0.6364,40960.0,41417.6,1,1,0,1,0,0,1,0,1,1364,0,0,0,14.14,0.6214,1.1397,0,0,1
142432,6,332,1336201225,2,270,6.0641,3.1523,6.2503,0.0,2.3913,0,104,6,0,2,0,0,5584,126464,155648,1024,193165,0.8125,23381.3333,23216.0,0,0,0,0,0,0,1,0,1,7304,0,0,1120,14.06,0.824,0.9121,2,0,1
430080,4,332,1343891857,2,271,7.6591,5.0934,7.9043,0.7085,2.6692,1,59,3,0,3,0,0,5664,36864,823296,4096,0,0.0448,106496.0,202439.5,0,0,0,0,0,0,1,0,0,13072,0,0,0,13.82,0.0432,6.917,0,0,1
131168,9,332,1335099705,2,270,6.8575,2.5646,7.0844,0.1603,2.7648,1,243,4,0,1,0,0,109808,113152,155648,1024,155940,0.727,14336.0,14228.0,0,0,0,1,0,0,1,0,1,7132,0,0,1120,14.1,0.6923,0.9574,5,0,1
148480,4,332,1343811892,2,258,7.4464,5.9167,7.9771,5.0351,1.2111,1,455,11,0,5,0,0,20799,39424,159744,1024,96237,0.2468,36864.0,36936.0,1,1,0,1,1,0,1,0,1,94268,0,0,0,13.82,0.2447,0.9878,0,0,1
458752,4,332,1335109490,2,271,7.466,6.4958,7.8719,4.365,1.3187,2,95,6,0,3,0,0,7354,28672,987136,4096,509347,0.029,113664.0,243997.0,0,0,0,0,0,0,1,0,0,167536,0,0,0,14.1,0.0281,1.4606,0,0,1
165344,12,332,1339817034,2,270,5.549,0.8137,6.5406,0.0,1.8633,0,11,3,0,2,0,0,4096,43008,208896,1024,209822,0.2059,13610.6667,13231.5,0,0,0,0,0,0,0,0,1,0,0,0,992,13.95,0.2038,0.3409,9,0,1
433152,4,332,1159963352,2,259,7.8828,7.3624,7.9197,5.8691,0.864,3,212,4,0,2,0,0,93372,98304,905216,1024,447807,0.1086,108032.0,224769.5,0,0,0,0,0,1,1,0,0,19859,0,0,0,19.65,0.1082,1.5003,0,0,1
466944,4,332,1345535551,2,271,7.5683,6.9247,7.9153,6.0645,0.7731,2,75,4,0,2,1,0,7584,61440,823296,4096,0,0.0746,115712.0,203908.75,0,0,0,0,0,0,1,0,0,169760,0,0,0,13.77,0.0746,1.4905,0,0,1
434176,6,332,1209743878,1,258,7.8716,4.5105,7.9873,0.2679,2.526,1,25,2,0,0,0,0,427582,60928,434176,1536,437568,0.1403,72106.6667,71801.5,0,0,0,0,1,0,1,0,1,768,0,0,0,18.07,0.1388,0.89,1,0,1
195232,8,332,1342209607,2,270,4.9251,1.1814,6.0501,0.0,2.126,0,10,3,0,2,0,0,5248,145408,217088,1024,226446,0.6698,24000.0,23909.75,0,0,0,0,0,0,0,0,1,0,0,0,2208,13.87,0.6684,0.9138,5,0,1
466944,4,332,1345496641,2,271,7.569,6.9169,7.9157,6.0341,0.7816,2,75,4,0,2,1,0,7584,61440,823296,4096,0,0.0746,115712.0,203908.75,0,0,0,0,0,0,1,0,0,169760,0,0,0,13.77,0.0746,1.4905,0,0,1
372736,4,332,1319571264,2,271,7.9739,5.3807,7.988,2.6458,2.1009,1,39,4,0,0,0,0,787852,4608,1167360,786432,407846,0.0039,92928.0,92664.5,0,0,0,0,0,0,1,0,0,14146,0,0,0,14.59,0.0039,0.7993,0,0,1
402432,4,332,1319571264,2,271,7.9756,4.2883,6.6653,0.4055,2.4066,0,39,4,0,0,0,0,789544,5632,819200,786432,458052,0.0069,5632.0,5343.0,0,0,0,0,0,0,1,0,1,14146,0,0,378880,14.59,0.0068,0.8038,0,0,1
195232,8,332,1342351238,2,270,4.9212,1.1808,6.0452,0.0,2.1246,0,10,3,0,2,0,0,5248,145408,217088,1024,251350,0.6698,24000.0,23909.75,0,0,0,0,0,0,0,0,1,0,0,0,2208,13.87,0.6684,0.9138,5,0,1
350720,4,332,1319571264,2,271,7.9646,4.6245,7.1061,0.4164,2.5178,1,39,4,0,1,0,0,726188,4096,753664,724992,410373,0.0054,5632.0,5346.0,0,0,0,0,0,1,1,0,0,14146,0,0,327168,14.59,0.0051,0.8426,0,0,1
179200,4,332,1299454751,2,258,7.7941,6.3561,7.876,3.5785,1.726,2,25,5,0,0,1,0,115148,140288,200704,1024,210396,0.699,44544.0,46210.75,0,0,0,0,0,1,1,0,1,4170,0,0,0,15.23,0.7377,0.9605,0,0,1
466944,4,332,1333049654,2,271,7.2948,5.534,7.6392,1.6424,2.31,1,80,4,0,3,0,0,6519,24576,856064,4096,491814,0.0287,115712.0,210566.5,0,0,0,0,0,0,1,0,0,32422,0,0,0,14.16,0.0243,4.3348,0,0,1
458752,4,332,1335210826,2,271,7.5058,6.4676,7.874,4.2241,1.3865,2,86,5,0,4,0,0,7014,28672,991232,4096,492931,0.0289,113664.0,245014.5,0,0,0,0,0,0,1,0,0,171908,0,0,0,14.09,0.0276,1.4635,0,0,1
364544,4,332,1331586059,2,271,7.6387,5.8963,7.7033,1.4005,2.6224,2,26,7,0,2,0,0,4760,8192,897024,4096,377199,0.0091,90112.0,221028.25,0,0,0,0,0,0,1,0,0,91875,0,0,0,14.21,0.0073,1.2721,0,0,1
208896,5,332,1333985321,2,8450,6.1731,3.4704,6.6442,0.0,2.5747,0,114,7,11,3,2,0,77738,143360,225280,4096,270773,0.6364,40960.0,41459.2,1,1,0,1,0,0,1,0,1,1364,0,0,0,14.13,0.6214,1.141,0,0,1
475136,4,332,1335379208,2,271,7.3465,6.3894,7.8791,4.2067,1.3552,1,84,6,0,4,0,0,6976,28672,991232,4096,535703,0.0289,117760.0,245652.5,0,0,0,0,0,0,1,0,0,171988,0,0,0,14.09,0.0276,1.4158,0,0,1
421888,4,332,1343935512,2,271,7.6631,4.804,7.9044,0.7086,2.6576,1,62,4,0,2,0,0,5616,36864,823296,4096,0,0.0448,104448.0,202528.5,0,0,0,0,0,0,1,0,0,5194,0,0,0,13.82,0.0431,13.0632,0,0,1
417792,4,332,1332576541,2,271,7.6652,6.7211,7.7675,3.8067,1.6844,3,60,2,0,4,0,0,76217,94208,913408,4096,452436,0.1031,103424.0,223846.75,0,0,0,0,0,0,1,0,0,98559,0,0,0,14.18,0.0991,1.4805,0,0,1
401408,4,332,1342094796,2,271,7.7318,5.3807,7.9467,2.2016,2.0732,1,48,3,0,3,0,0,6483,24576,782336,4096,0,0.0314,99328.0,191921.5,0,0,0,0,0,0,1,0,0,345098,0,0,0,13.88,0.0268,6.7053,0,0,1
146432,4,332,1334023291,2,270,6.7485,5.7582,6.8311,4.3657,0.8976,0,694,4,1,6,0,0,113744,115200,155648,1024,193306,0.7401,36352.0,36147.5,0,0,0,0,0,0,1,0,1,7132,0,0,0,14.13,0.7375,0.976,0,0,1
208896,5,332,1333756366,2,8450,6.3905,4.6371,6.6435,2.6072,1.4991,0,114,7,11,3,2,0,77738,143360,225280,4096,268515,0.6364,40960.0,41446.4,1,1,0,1,0,0,1,0,1,1364,0,0,0,14.14,0.6214,1.1406,0,0,1
784384,8,332,708992537,2,33166,7.0148,3.9959,7.2351,0.0,3.0978,1,403,13,0,4,0,0,414516,410624,811008,1024,0,0.5063,97920.0,98106.625,0,0,0,0,0,0,1,1,1,301452,0,1,0,33.94,0.5062,0.8334,1,0,1
208896,5,332,1333985852,2,8450,6.3878,4.6331,6.6437,2.6063,1.4974,0,114,7,11,3,2,0,77738,143360,225280,4096,242874,0.6364,40960.0,41436.8,1,1,0,1,0,0,1,0,1,1364,0,0,0,14.13,0.6214,1.1403,0,0,1
110688,5,332,1335167305,2,270,6.9707,4.195,7.1277,1.4963,1.8716,1,6,1,0,2,0,0,5168,103424,122880,1024,145803,0.8417,21708.8,21485.6,0,0,0,1,0,0,1,0,1,4044,0,0,1120,14.1,0.0137,0.8444,1,0,1
434176,6,332,1213803377,1,258,7.8702,4.5141,7.9871,0.2674,2.5274,1,25,2,0,0,0,0,427582,60928,434176,1536,444556,0.1403,72106.6667,71804.8333,0,0,0,0,1,0,1,0,1,768,0,0,0,17.94,0.1389,0.8901,1,0,1
417792,4,332,1332576541,2,271,7.6662,6.7233,7.7697,3.8067,1.6855,3,60,2,0,4,0,0,76217,94208,913408,4096,438460,0.1031,103424.0,223846.75,0,0,0,0,0,0,1,0,0,98559,0,0,0,14.18,0.0991,1.4805,0,0,1
131168,9,332,1335011054,2,270,6.8546,2.5658,7.0808,0.1603,2.7652,1,243,4,0,1,0,0,109808,113152,155648,1024,151613,0.727,14336.0,14228.0,0,0,0,1,0,0,1,0,1,7132,0,0,1120,14.1,0.6923,0.9574,5,0,1
405504,4,332,1343555000,2,271,7.6535,7.1338,7.8229,6.3479,0.6326,2,39,2,0,2,0,0,5432,12288,823296,4096,0,0.0149,100352.0,203054.0,0,0,0,0,0,0,1,0,0,98746,0,0,0,13.83,0.0141,1.9521,0,0,1
261672,7,332,1332772509,2,270,7.6631,2.88,7.7428,0.0,2.6224,1,5,2,0,1,0,0,4704,2048,282624,1024,265194,0.0072,37083.4286,36858.1429,0,0,0,1,0,0,1,0,1,1636,0,0,1064,14.17,0.0067,0.7797,3,0,1
466944,4,332,1335342692,2,271,7.4752,6.4604,7.881,4.2583,1.3634,2,87,5,0,4,0,0,7018,28672,995328,4096,511383,0.0288,115712.0,246239.0,0,0,0,0,0,0,1,0,0,176128,0,0,0,14.09,0.0275,1.4526,0,0,1
454656,4,332,1335469004,2,271,7.4928,6.464,7.8365,4.2517,1.3661,2,88,5,0,4,0,0,7002,28672,987136,4096,465982,0.029,112640.0,244205.25,0,0,0,0,0,0,1,0,0,167581,0,0,0,14.09,0.0277,1.4656,0,0,1
1807360,4,332,1416559614,2,302,6.6928,4.9538,6.6618,0.1019,2.8021,0,1,1,0,0,0,0,1790814,1782784,1835008,1024,0,0.9715,451584.0,451354.5,1,1,0,0,0,0,1,0,1,22290,0,0,0,11.52,0.9715,0.7415,1,0,1
130144,8,332,1334736037,2,270,6.8694,2.8721,7.0796,0.1603,2.7972,1,238,4,0,1,0,0,109696,112128,151552,1024,144622,0.7399,16000.0,15858.0,0,0,0,1,0,0,1,0,1,7132,0,0,1120,14.11,0.7102,0.9497,4,0,1
163704,5,332,1346756581,2,270,6.3432,3.762,7.1002,0.0,2.4708,1,287,6,0,2,0,0,4992,120320,167936,1024,215227,0.7165,31129.6,30950.8,0,0,0,0,0,0,1,0,1,2364,0,0,7032,13.73,0.7157,0.9348,1,0,1
454656,4,332,1333436105,2,271,7.407,7.0923,7.6911,6.6122,0.4533,2,74,6,0,3,0,0,6145,20480,856064,4096,498649,0.0239,112640.0,212144.75,0,0,0,0,0,0,1,0,0,31947,0,0,0,14.15,0.0239,1.3312,0,0,1
417792,4,332,1332535995,2,271,7.6647,6.7217,7.7694,3.8164,1.6793,3,60,2,0,4,0,0,76217,94208,913408,4096,431304,0.1031,103424.0,223848.25,0,0,0,0,0,0,1,0,0,98559,0,0,0,14.18,0.0991,1.4806,0,0,1
402432,4,332,1319571264,2,271,7.9757,4.2886,6.6778,0.4055,2.4086,0,39,4,0,0,0,0,789512,5632,819200,786432,420074,0.0069,5632.0,5348.0,0,0,0,0,0,0,1,0,1,14146,0,0,378880,14.59,0.0068,0.8047,0,0,1
405504,4,332,1341470552,2,271,7.3494,6.5144,7.8123,4.6418,1.205,2,46,3,0,2,0,0,6232,12288,782336,4096,0,0.0157,100352.0,193259.5,0,0,0,0,0,0,1,0,0,10308,0,0,0,13.9,0.0148,1.7612,0,0,1
